<?xml version="1.0" encoding="utf-8"?>
<COLLADA xmlns="http://www.collada.org/2005/11/COLLADASchema" version="1.4.1">
  <asset />
  <library_images />
  <library_geometries>
    <geometry id="Kusa1__Koishi00-mesh" name="Kusa1__Koishi00">
      <mesh>
        <source id="Kusa1__Koishi00-position">
          <float_array id="Kusa1__Koishi00-position-array" count="15480">-5978.747 202.4777 -258.9774 -5988.429 202.4777 -250.0146 -5977.11 200.0237 -258.5253 -5988.355 200.0004 -248.35 -5988.429 202.4777 -250.0146 -5997.762 202.4777 -255.1391 -5988.355 200.0004 -248.35 -5999.456 200.0004 -254.1183 -5979.778 202.4777 -267.8718 -5977.527 199.9325 -268.9803 -5991.298 202.4777 -272.9172 -5992.091 199.9989 -274.786 -5977.11 200.0237 -258.5253 -5977.527 199.9325 -268.9803 -5978.747 202.4777 -258.9774 -5979.778 202.4777 -267.8718 -5999.456 200.0004 -254.1183 -5997.762 202.4777 -255.1391 -6001.71 200.0004 -264.7701 -5999.892 202.4777 -264.7701 -5999.892 202.4777 -264.7701 -5991.298 202.4777 -272.9172 -6001.71 200.0004 -264.7701 -5992.091 199.9989 -274.786 -5999.892 202.4777 -264.7701 -5997.762 202.4777 -255.1391 -5978.747 202.4777 -258.9774 -5991.298 202.4777 -272.9172 -5988.429 202.4777 -250.0146 -5979.778 202.4777 -267.8718 -5609.347 197.4777 -1181.099 -5619.029 197.4777 -1172.136 -5607.711 195.0237 -1180.647 -5618.954 195.0004 -1170.472 -5619.029 197.4777 -1172.136 -5628.363 197.4777 -1177.261 -5618.954 195.0004 -1170.472 -5630.055 195.0004 -1176.24 -5610.377 197.4777 -1189.994 -5608.126 194.9325 -1191.102 -5621.898 197.4777 -1195.039 -5622.691 194.9989 -1196.908 -5607.711 195.0237 -1180.647 -5608.126 194.9325 -1191.102 -5609.347 197.4777 -1181.099 -5610.377 197.4777 -1189.994 -5630.055 195.0004 -1176.24 -5628.363 197.4777 -1177.261 -5632.311 195.0004 -1186.892 -5630.492 197.4777 -1186.892 -5630.492 197.4777 -1186.892 -5621.898 197.4777 -1195.039 -5632.311 195.0004 -1186.892 -5622.691 194.9989 -1196.908 -5630.492 197.4777 -1186.892 -5609.347 197.4777 -1181.099 -5621.898 197.4777 -1195.039 -5628.363 197.4777 -1177.261 -5619.029 197.4777 -1172.136 -5610.377 197.4777 -1189.994 -5189.347 202.4777 -254.0124 -5199.03 202.4777 -245.0496 -5187.71 200.0237 -253.5604 -5198.956 200.0004 -243.3849 -5199.03 202.4777 -245.0496 -5208.362 202.4777 -250.174 -5198.956 200.0004 -243.3849 -5210.055 200.0004 -249.1532 -5190.377 202.4777 -262.9067 -5188.126 199.9325 -264.0152 -5201.897 202.4777 -267.9522 -5202.692 199.9989 -269.821 -5187.71 200.0237 -253.5604 -5188.126 199.9325 -264.0152 -5189.347 202.4777 -254.0124 -5190.377 202.4777 -262.9067 -5210.055 200.0004 -249.1532 -5208.362 202.4777 -250.174 -5212.311 200.0004 -259.8052 -5210.491 202.4777 -259.8052 -5210.491 202.4777 -259.8052 -5201.897 202.4777 -267.9522 -5212.311 200.0004 -259.8052 -5202.692 199.9989 -269.821 -5210.491 202.4777 -259.8052 -5208.362 202.4777 -250.174 -5189.347 202.4777 -254.0124 -5201.897 202.4777 -267.9522 -5199.03 202.4777 -245.0496 -5190.377 202.4777 -262.9067 -6387.32 198.404 -1082.69 -6389.789 204.1496 -1087.481 -6393.474 203.1523 -1083.448 -6400.7 205.6853 -1087.052 -6394.651 207.3223 -1093.671 -6404.887 205.9927 -1090.601 -6399.173 207.5395 -1096.855 -6409.216 204.9102 -1099.344 -6387.32 198.404 -1082.69 -6396.573 202.8152 -1082.606 -6396.218 203.2371 -1075.671 -6402.453 204.7064 -1081.397 -6402.092 205.1358 -1074.337 -6410.093 205.4095 -1076.9 -6378.935 202.6824 -1077.509 -6380.269 202.1425 -1085.301 -6387.32 198.404 -1082.69 -6378.935 202.6824 -1077.509 -6375.32 203.2399 -1085.937 -6374.343 203.6356 -1078.193 -6366.721 203.9344 -1084.156 -6375.32 203.2399 -1085.937 -6387.32 198.404 -1082.69 -6380.31 201.7246 -1087.225 -6384.519 201.9334 -1090.771 -6378.07 203.4335 -1094.769 -6387.32 198.404 -1082.69 -6395.479 205.0768 -1074.078 -6388.555 203.0036 -1069.92 -6397.466 206.5605 -1067.965 -6392.392 205.0411 -1064.917 -6399.118 206.51 -1059.57 -6387.32 198.404 -1082.69 -6387.486 205.2012 -1073.885 -6380.557 205.4258 -1075.506 -6379.216 207.0744 -1066.109 -6384.294 206.9098 -1064.921 -6380.264 206.8689 -1059.408 -5485.64 198.404 -514.251 -5480.549 204.1496 -516.0174 -5484.019 203.1523 -520.2359 -5479.429 205.6853 -526.8785 -5473.732 207.3223 -519.9542 -5475.323 205.9927 -530.522 -5469.94 207.5395 -523.9794 -5466.055 204.9102 -533.5697 -5485.64 198.404 -514.251 -5484.413 202.8152 -523.4222 -5491.33 203.2371 -524.0532 -5484.779 204.7064 -529.4142 -5491.818 205.1358 -530.0564 -5488.148 205.4095 -537.6145 -5491.956 202.6824 -506.6831 -5484.053 202.1425 -506.9018 -5485.64 198.404 -514.251 -5491.956 202.6824 -506.6831 -5484.124 203.2399 -501.9135 -5491.929 203.6356 -502.0409 -5487.105 203.9344 -493.6513 -5484.124 203.2399 -501.9135 -5485.64 198.404 -514.251 -5482.143 201.7246 -506.6696 -5478.038 201.9334 -510.334 -5474.992 203.4335 -503.3859 -5485.64 198.404 -514.251 -5493.011 205.0768 -523.547 -5498.107 203.0036 -517.2816 -5498.781 206.5605 -526.3791 -5502.517 205.0411 -521.7874 -5506.858 206.51 -529.2028 -5485.64 198.404 -514.251 -5494.334 205.2012 -515.6616 -5493.709 205.4258 -508.5728 -5503.659 206.9098 -513.77 -5503.201 207.0744 -508.5747 -5509.687 206.8689 -510.5619 -5005.18 199.689 -1074.5 -4997.765 208.3075 -1071.28 -4997.313 206.8114 -1079.461 -4986.242 213.0665 -1068.706 -4985.5 210.6109 -1082.135 -4977.267 211.072 -1081.988 -4977.967 213.3922 -1069.299 -4963.94 209.4483 -1075.943 -5005.18 199.689 -1074.5 -4994.514 206.3059 -1083.38 -5001.508 206.9386 -1091.099 -4995.953 209.7867 -1098.224 -4988.833 209.1426 -1090.367 -4984.227 210.1972 -1102.843 -5019.837 206.1066 -1072.557 -5010.891 205.2967 -1064.774 -5005.18 199.689 -1074.5 -5019.837 206.1066 -1072.557 -5016.033 206.9428 -1059.339 -5024.521 207.5364 -1067.405 -5027.713 207.9846 -1053.243 -5016.033 206.9428 -1059.339 -5005.18 199.689 -1074.5 -5009.017 204.6698 -1062.578 -5000.763 204.9831 -1062.455 -5004.455 207.2332 -1051.692 -5005.18 199.689 -1074.5 -5003.879 209.6982 -1092.247 -5015.867 206.5884 -1090.504 -5016.16 209.6446 -1099.956 -5007.374 211.9237 -1101.234 -5013.425 211.848 -1112.552 -5005.18 199.689 -1074.5 -5013.346 209.8848 -1084.884 -5019.854 210.2217 -1076.424 -5030.333 212.6945 -1086.064 -5025.563 212.4476 -1092.264 -5035.475 212.3864 -1094.843 -6778.21 199.689 -706.362 -6772.355 208.3075 -711.9376 -6779.714 206.8114 -715.5407 -6777.575 210.6109 -727.4618 -6765.496 213.0665 -721.5468 -6774.233 211.072 -734.9871 -6762.819 213.3922 -729.3988 -6763.474 209.4483 -744.9059 -6778.21 199.689 -706.362 -6782.233 206.3059 -719.6455 -6792.067 206.9386 -716.2102 -6786.455 209.1426 -727.5994 -6796.466 209.7867 -724.1022 -6796.15 210.1972 -736.701 -6782.131 206.1066 -692.1062 -6771.478 205.2967 -697.3143 -6778.21 199.689 -706.362 -6782.131 206.1066 -692.1062 -6768.475 206.9428 -690.4595 -6779.211 207.5364 -685.7844 -6767.41 207.9846 -677.328 -6768.475 206.9428 -690.4595 -6772.38 203.6474 -700.4215 -6765.668 206.4892 -696.976 -6770.134 203.6991 -706.8829 -6763.18 206.0153 -705.3733 -6754.853 207.2332 -697.6847 -6763.18 206.0153 -705.3733 -6778.21 199.689 -706.362 -6794.049 209.6982 -714.4742 -6797.114 206.5884 -702.7538 -6803.688 211.9237 -714.7557 -6805.934 209.6446 -706.1659 -6816.468 211.848 -713.5927 -6778.21 199.689 -706.362 -6790.955 209.8848 -702.8871 -6785.699 210.2217 -693.5966 -6802.512 212.4476 -694.5104 -6798.659 212.6945 -687.7015 -6808.747 212.3864 -686.3857 -6778.21 199.689 -706.362 -6772.38 203.6474 -700.4215 -6770.134 203.6991 -706.8829 -6649.76 199.689 117.163 -6654.25 208.3075 110.439 -6659.062 206.8114 117.0713 -6662.541 213.0665 102.034 -6670.438 210.6109 112.9204 -6677.279 211.072 108.3372 -6669.818 213.3922 98.05087 -6685.208 209.4483 96.03728 -6649.76 199.689 117.163 -6663.537 206.3059 118.8497 -6661.837 206.9386 129.1267 -6672.096 209.1426 121.6452 -6670.366 209.7867 132.1071 -6682.726 210.1972 129.6377 -6636.387 206.1066 123.4687 -6639.692 205.2967 112.0807 -6649.76 199.689 117.163 -6636.387 206.1066 123.4687 -6632.425 206.9428 110.2977 -6629.658 207.5364 121.6754 -6619.305 207.9846 111.4999 -6632.425 206.9428 110.2977 -6642.908 203.6474 112.4367 -6638.363 206.4892 106.4151 -6648.89 203.6991 109.1167 -6646.21 206.0153 102.5238 -6637.207 207.2332 95.63884 -6646.21 206.0153 102.5238 -6649.76 199.689 117.163 -6660.468 209.6982 131.3763 -6649.446 206.5884 136.4051 -6662.396 211.9237 140.8236 -6654.319 209.6446 144.5091 -6663.441 211.848 153.6151 -6649.76 199.689 117.163 -6648.522 209.8848 130.3145 -6638.467 210.2217 126.7285 -6642.25 212.4476 143.1357 -6634.881 212.6945 140.5075 -6635.314 212.3864 150.6723 -6649.76 199.689 117.163 -6642.908 203.6474 112.4367 -6648.89 203.6991 109.1167 -5259.31 199.689 -418.364 -5263.653 208.3075 -425.1833 -5268.607 206.8114 -418.6565 -5279.893 210.6109 -423.0521 -5271.761 213.0665 -433.7655 -5286.633 211.072 -427.7819 -5278.951 213.3922 -437.9047 -5294.293 209.4483 -440.2502 -5259.31 199.689 -418.364 -5273.12 206.3059 -416.9752 -5271.644 206.9386 -406.6639 -5281.738 209.1426 -414.3651 -5280.235 209.7867 -403.8683 -5292.538 210.1972 -406.6041 -5246.076 206.1066 -411.771 -5249.136 205.2967 -423.2278 -5259.31 199.689 -418.364 -5246.076 206.1066 -411.771 -5241.831 206.9428 -424.8534 -5239.312 207.5364 -413.4186 -5228.74 207.9846 -423.3681 -5241.831 206.9428 -424.8534 -5252.358 203.6474 -422.9413 -5247.684 206.4892 -428.8633 -5258.267 203.6991 -426.3897 -5255.444 206.0153 -432.9232 -5246.296 207.2332 -439.612 -5255.444 206.0153 -432.9232 -5259.31 199.689 -418.364 -5270.322 209.6982 -404.3853 -5259.411 206.5884 -399.1196 -5272.455 211.9237 -394.9818 -5264.459 209.6446 -391.1227 -5273.776 211.848 -382.2158 -5259.31 199.689 -418.364 -5258.355 209.8848 -405.1888 -5248.228 210.2217 -408.5569 -5244.938 212.6945 -394.7036 -5252.363 212.4476 -392.2352 -5245.592 212.3864 -384.5505 -5259.31 199.689 -418.364 -5252.358 203.6474 -422.9413 -5258.267 203.6991 -426.3897 -7067.247 202.4777 -563.7674 -7076.929 202.4777 -554.8046 -7065.61 200.0237 -563.3153 -7076.855 200.0004 -553.14 -7076.929 202.4777 -554.8046 -7086.262 202.4777 -559.929 -7076.855 200.0004 -553.14 -7087.955 200.0004 -558.9082 -7068.277 202.4777 -572.6617 -7066.026 199.9325 -573.7702 -7079.797 202.4777 -577.7072 -7080.591 199.9989 -579.576 -7065.61 200.0237 -563.3153 -7066.026 199.9325 -573.7702 -7067.247 202.4777 -563.7674 -7068.277 202.4777 -572.6617 -7087.955 200.0004 -558.9082 -7086.262 202.4777 -559.929 -7090.21 200.0004 -569.5601 -7088.391 202.4777 -569.5601 -7088.391 202.4777 -569.5601 -7079.797 202.4777 -577.7072 -7090.21 200.0004 -569.5601 -7080.591 199.9989 -579.576 -7088.391 202.4777 -569.5601 -7086.262 202.4777 -559.929 -7067.247 202.4777 -563.7674 -7079.797 202.4777 -577.7072 -7076.929 202.4777 -554.8046 -7068.277 202.4777 -572.6617 -3357.447 202.4777 -165.7024 -3367.129 202.4777 -156.7396 -3355.81 200.0237 -165.2503 -3367.055 200.0004 -155.075 -3367.129 202.4777 -156.7396 -3376.462 202.4777 -161.8641 -3367.055 200.0004 -155.075 -3378.155 200.0004 -160.8433 -3355.81 200.0237 -165.2503 -3356.226 199.9325 -175.7053 -3357.447 202.4777 -165.7024 -3358.477 202.4777 -174.5968 -3378.155 200.0004 -160.8433 -3376.462 202.4777 -161.8641 -3380.411 200.0004 -171.4951 -3378.591 202.4777 -171.4951 -3378.591 202.4777 -171.4951 -3369.997 202.4777 -179.6423 -3380.411 200.0004 -171.4951 -3370.792 199.9989 -181.511 -3378.591 202.4777 -171.4951 -3357.447 202.4777 -165.7024 -3369.997 202.4777 -179.6423 -3376.462 202.4777 -161.8641 -3367.129 202.4777 -156.7396 -3358.477 202.4777 -174.5968 -1857.438 199.2036 34.29776 -1867.12 199.2036 43.26062 -1855.801 196.7496 34.74988 -1867.045 196.7263 44.9252 -1867.12 199.2036 43.26062 -1876.452 199.2036 38.13611 -1867.045 196.7263 44.9252 -1878.146 196.7263 39.15692 -1858.468 199.2036 25.40341 -1856.217 196.6584 24.29486 -1869.988 199.2036 20.35794 -1870.782 196.7248 18.4892 -1855.801 196.7496 34.74988 -1856.217 196.6584 24.29486 -1857.438 199.2036 34.29776 -1858.468 199.2036 25.40341 -1878.146 196.7263 39.15692 -1876.452 199.2036 38.13611 -1880.401 196.7263 28.50507 -1878.582 199.2036 28.50507 -1878.582 199.2036 28.50507 -1869.988 199.2036 20.35794 -1880.401 196.7263 28.50507 -1870.782 196.7248 18.4892 -1878.582 199.2036 28.50507 -1857.438 199.2036 34.29776 -1869.988 199.2036 20.35794 -1876.452 199.2036 38.13611 -1867.12 199.2036 43.26062 -1858.468 199.2036 25.40341 -4196.547 202.4777 -308.7984 -4206.23 202.4777 -299.8356 -4194.911 200.0237 -308.3464 -4206.156 200.0004 -298.171 -4206.23 202.4777 -299.8356 -4215.563 202.4777 -304.9601 -4206.156 200.0004 -298.171 -4217.257 200.0004 -303.9392 -4197.579 202.4777 -317.6927 -4195.328 199.9325 -318.8012 -4209.099 202.4777 -322.7382 -4209.892 199.9989 -324.6071 -4194.911 200.0237 -308.3464 -4195.328 199.9325 -318.8012 -4196.547 202.4777 -308.7984 -4197.579 202.4777 -317.6927 -4217.257 200.0004 -303.9392 -4215.563 202.4777 -304.9601 -4219.511 200.0004 -314.5912 -4217.692 202.4777 -314.5912 -4217.692 202.4777 -314.5912 -4209.099 202.4777 -322.7382 -4219.511 200.0004 -314.5912 -4209.892 199.9989 -324.6071 -4217.692 202.4777 -314.5912 -4196.547 202.4777 -308.7984 -4209.099 202.4777 -322.7382 -4215.563 202.4777 -304.9601 -4206.23 202.4777 -299.8356 -4197.579 202.4777 -317.6927 -3466.78 204.501 -895.035 -3467.077 211.5426 -898.5554 -3472.166 209.4963 -897.688 -3466.78 204.501 -895.035 -3475.153 209.0412 -898.8239 -3478.618 207.2811 -893.0536 -3463.143 206.6222 -885.1492 -3460.021 208.575 -892.1658 -3466.78 204.501 -895.035 -3463.143 206.6222 -885.1492 -3455.706 209.6137 -889.6373 -3459.08 207.553 -882.8945 -3449.579 209.3735 -883.3112 -3455.706 209.6137 -889.6373 -3466.78 204.501 -895.035 -3458.971 208.775 -893.8188 -3460.618 210.2415 -898.8652 -3453.313 212.6426 -898.0455 -3466.78 204.501 -895.035 -3479.107 208.5058 -890.8788 -3475.265 204.9684 -884.3789 -3466.78 204.501 -895.035 -3472.56 208.2401 -886.2958 -3465.945 208.6743 -883.6976 -3470.071 207.2776 -875.1041 -964.424 198.605 -421.869 -959.3398 204.5288 -422.9295 -962.5881 203.8277 -427.3781 -957.7236 206.9273 -433.5696 -952.3915 208.0781 -426.2676 -953.4523 207.5668 -436.9721 -948.4145 208.6542 -430.0728 -944.034 206.832 -439.6369 -964.424 198.605 -421.869 -962.8249 203.7381 -430.5966 -969.7078 204.1305 -431.531 -969.9373 206.4903 -437.3843 -962.9305 206.0909 -436.4332 -965.9133 207.3994 -444.7089 -971.1592 202.2029 -414.309 -963.2479 201.7709 -414.1813 -964.424 198.605 -421.869 -971.1592 202.2029 -414.309 -963.575 202.4713 -409.132 -971.3698 202.788 -409.6109 -966.9588 202.4796 -400.9971 -963.575 202.4713 -409.132 -964.424 198.605 -421.869 -961.3454 201.3575 -413.889 -957.0717 201.9004 -417.3203 -954.3868 202.883 -410.1353 -964.424 198.605 -421.869 -971.4394 205.9056 -430.9658 -976.7989 203.2883 -425.1388 -981.017 205.6244 -429.6825 -977.0888 207.5426 -433.9529 -985.0197 207.6236 -437.1646 -964.424 198.605 -421.869 -973.1404 205.3939 -423.1692 -972.8609 205.0667 -416.0624 -982.3659 206.6033 -416.4009 -982.571 206.8431 -421.6094 -988.7441 206.482 -418.7137 -1973.26 199.689 -346.307 -1967.972 208.3075 -352.4231 -1975.645 206.8114 -355.2972 -1974.669 210.6109 -367.3693 -1962.075 213.0665 -362.6508 -1972.07 211.072 -375.1828 -1960.17 213.3922 -370.725 -1962.322 209.4483 -386.096 -1973.26 199.689 -346.307 -1978.549 206.3059 -359.139 -1988.005 206.9386 -354.7682 -1983.521 209.1426 -366.647 -1993.146 209.7867 -362.1976 -1994.052 210.1972 -374.7678 -1975.782 206.1066 -331.7388 -1965.683 205.2967 -337.9532 -1973.26 199.689 -346.307 -1975.782 206.1066 -331.7388 -1962.031 206.9428 -331.4212 -1972.264 207.5364 -325.7293 -1959.702 207.9846 -318.4543 -1962.031 206.9428 -331.4212 -1966.881 203.6474 -340.9586 -1959.868 206.4892 -338.1787 -1965.272 203.6991 -347.607 -1958.203 206.0153 -346.7774 -1949.172 207.2332 -339.9305 -1958.203 206.0153 -346.7774 -1973.26 199.689 -346.307 -1989.808 209.6982 -352.8487 -1991.726 206.5884 -340.8867 -2000.834 209.6446 -343.4294 -1999.429 211.9237 -352.1963 -2012.038 211.848 -349.8019 -1973.26 199.689 -346.307 -1985.609 209.8848 -341.6153 -1979.478 210.2217 -332.877 -1996.3 212.4476 -332.1597 -1991.807 212.6945 -325.7556 -2001.721 212.3864 -323.4697 -1973.26 199.689 -346.307 -1966.881 203.6474 -340.9586 -1965.272 203.6991 -347.607 -1118.46 199.689 -745.072 -1122.803 208.3075 -751.8914 -1127.757 206.8114 -745.3644 -1139.042 210.6109 -749.7601 -1130.911 213.0665 -760.4735 -1145.783 211.072 -754.4899 -1138.1 213.3922 -764.6128 -1153.443 209.4483 -766.9582 -1118.46 199.689 -745.072 -1132.27 206.3059 -743.6831 -1130.793 206.9386 -733.3718 -1140.888 209.1426 -741.0731 -1139.385 209.7867 -730.5764 -1151.687 210.1972 -733.312 -1105.226 206.1066 -738.479 -1108.285 205.2967 -749.9357 -1118.46 199.689 -745.072 -1105.226 206.1066 -738.479 -1100.98 206.9428 -751.5613 -1098.461 207.5364 -740.1266 -1087.889 207.9846 -750.0762 -1100.98 206.9428 -751.5613 -1111.507 203.6474 -749.6493 -1106.833 206.4892 -755.5714 -1117.415 203.6991 -753.0976 -1114.594 206.0153 -759.6312 -1105.445 207.2332 -766.3201 -1114.594 206.0153 -759.6312 -1118.46 199.689 -745.072 -1129.471 209.6982 -731.0933 -1118.561 206.5884 -725.8276 -1131.604 211.9237 -721.6898 -1123.608 209.6446 -717.8307 -1132.925 211.848 -708.9238 -1118.46 199.689 -745.072 -1117.505 209.8848 -731.8968 -1107.377 210.2217 -735.2649 -1111.512 212.4476 -718.9431 -1104.089 212.6945 -721.4116 -1104.741 212.3864 -711.2585 -1118.46 199.689 -745.072 -1111.507 203.6474 -749.6493 -1117.415 203.6991 -753.0976 -1400.557 202.4777 -165.7024 -1410.24 202.4777 -156.7396 -1398.92 200.0237 -165.2503 -1410.165 200.0004 -155.075 -1410.24 202.4777 -156.7396 -1419.572 202.4777 -161.8641 -1410.165 200.0004 -155.075 -1421.265 200.0004 -160.8433 -1401.588 202.4777 -174.5968 -1399.337 199.9325 -175.7053 -1413.107 202.4777 -179.6423 -1413.902 199.9989 -181.511 -1398.92 200.0237 -165.2503 -1399.337 199.9325 -175.7053 -1400.557 202.4777 -165.7024 -1401.588 202.4777 -174.5968 -1421.265 200.0004 -160.8433 -1419.572 202.4777 -161.8641 -1423.521 200.0004 -171.4951 -1421.701 202.4777 -171.4951 -1421.701 202.4777 -171.4951 -1413.107 202.4777 -179.6423 -1423.521 200.0004 -171.4951 -1413.902 199.9989 -181.511 -1421.701 202.4777 -171.4951 -1419.572 202.4777 -161.8641 -1400.557 202.4777 -165.7024 -1413.107 202.4777 -179.6423 -1410.24 202.4777 -156.7396 -1401.588 202.4777 -174.5968 -2585.395 221.7923 -780.3608 -2597.585 219.1424 -776.4373 -2591.783 219.9327 -769.385 -2597.612 216.4431 -762.1898 -2612.072 224.8349 -789.2581 -2616.783 223.5586 -780.3248 -2609.006 222.9543 -779.6685 -2605.529 215.3646 -771.8124 -2578.205 214.2929 -751.3511 -2588.344 215.5962 -758.734 -2591.251 213.1085 -748.8236 -2608.863 217.724 -766.144 -2619.473 218.5483 -767.0397 -2597.409 213.2299 -760.1437 -2600.263 210.7856 -750.4081 -2613.63 205.484 -755.853 -2613.63 205.484 -755.853 -2613.63 205.484 -755.853 -2624.74 211.2433 -754.4216 -2613.63 205.484 -755.853 -2622.858 214.2092 -765.7764 -2596.422 213.3306 -741.4586 -2605.054 211.4724 -750.5778 -2612.186 212.3911 -746.3741 -2613.63 205.484 -755.853 -2632.025 213.3451 -755.5237 -2622.858 214.2092 -765.7764 -2621.727 209.3404 -753.723 -2617.728 208.2257 -748.2853 -2613.63 205.484 -755.853 -2608.128 214.8384 -734.5594 -2592.172 212.3246 -734.463 -2629.667 216.04 -766.6877 -2628.319 211.6492 -749.6981 -2617.728 208.2257 -748.2853 -2621.727 209.3404 -753.723 -2603.232 213.7491 -727.9435 -2643.349 215.9517 -761.8169 -2632.025 213.3451 -755.5237 -2590.281 207.9234 -720.5404 -2622.893 209.7294 -743.0805 -2633.929 210.7791 -740.436 -2622.893 209.7294 -743.0805 -3477.054 216.7246 -918.3624 -3478.261 214.8715 -908.7993 -3470.368 218.0449 -910.1443 -3468.268 216.6696 -905.2125 -3476.62 213.311 -903.7888 -3484.493 208.9101 -894.7029 -3480.966 210.7018 -900.5769 -3489.837 210.2879 -901.0441 -3474.919 206.9594 -877.0084 -3481.417 205.5113 -881.9822 -3484.234 208.1037 -886.7459 -3474.495 205.0511 -870.4659 -3490.087 205.5244 -881.0628 -3370.792 199.9989 -181.511 -3369.997 202.4777 -179.6423 -3356.226 199.9325 -175.7053 -3358.477 202.4777 -174.5968 -3993.157 214.5262 327.0921 -3994.649 216.7198 341.5742 -3982.157 215.0923 338.7168 -3979.526 213.8934 346.4994 -3959.173 201.1319 358.3123 -3970.304 203.4752 357.5932 -3966.961 202.8851 365.6805 -3992.748 215.6158 349.5231 -3970.304 203.4752 357.5932 -3977.059 203.2387 360.8059 -3980.302 209.1411 358.2828 -3974.859 202.4681 367.2372 -3988.358 210.1905 360.1253 -3956.006 200.8909 382.0306 -3964.985 202.7189 372.5086 -3969.922 204.9507 382.9055 -3974.859 202.4681 367.2372 -3977.059 203.2387 360.8059 -3983.95 201.265 366.302 -3964.985 202.7189 372.5086 -3971.821 203.2133 369.0805 -3976.31 205.5268 379.8393 -3983.95 201.265 366.302 -3983.95 201.265 366.302 -3976.31 205.5268 379.8393 -3997.836 213.4104 367.3934 -3983.95 201.265 366.302 -3992.834 211.1164 358.5272 -4004.932 218.716 364.0402 -3999.84 216.3806 355.0145 -3978.564 210.5883 380.9318 -3983.95 201.265 366.302 -3988.116 213.3442 377.034 -4012.126 221.4899 354.0623 -3993.604 211.664 381.0203 -3983.95 201.265 366.302 -3997.404 216.172 369.99 -3983.831 214.9036 393.6785 -4001.212 217.3553 383.9318 -3990.832 216.9236 390.8219 -4003.998 220.6593 375.8479 -3990.583 216.778 401.0602 -4012.758 223.4318 384.8085 -3889.792 199.9989 884.999 -3888.997 202.4777 886.8677 -3875.228 199.9325 890.8046 -3877.479 202.4777 891.9132 -3876.447 202.4777 900.8076 -3874.81 200.0237 901.2596 -3875.228 199.9325 890.8046 -3877.479 202.4777 891.9132 -3876.447 202.4777 900.8076 -3877.479 202.4777 891.9132 -3888.997 202.4777 886.8677 -3897.592 202.4777 895.0148 -3889.792 199.9989 884.999 -3899.411 200.0004 895.0148 -3888.997 202.4777 886.8677 -3897.592 202.4777 895.0148 -3895.462 202.4777 904.6459 -3874.81 200.0237 901.2596 -3876.447 202.4777 900.8076 -3886.129 202.4777 909.7704 -3886.055 200.0004 911.435 -3886.129 202.4777 909.7704 -3897.592 202.4777 895.0148 -3899.411 200.0004 895.0148 -3895.462 202.4777 904.6459 -3897.156 200.0004 905.6667 -3886.055 200.0004 911.435 -3886.129 202.4777 909.7704 -3895.462 202.4777 904.6459 -3897.156 200.0004 905.6667 -2824.805 494.831 -861.4935 -2811.945 492.6276 -862.3702 -2815.617 494.9067 -870.4542 -2823.603 493.1802 -892.2397 -2815.904 492.7697 -882.2618 -2810.339 492.1255 -891.2875 -2807.958 492.6812 -876.312 -2807.514 489.9216 -878.9086 -2802.048 489.2889 -887.7748 -2802.949 489.5714 -865.2817 -2803.41 492.4313 -919.21 -2805.509 494.055 -904.7277 -2793.126 496.3752 -907.5852 -2790.253 496.0495 -899.8026 -2790.55 482.672 -880 -2803.359 493.5939 -896.7789 -2790.55 482.672 -880 -2794.659 495.6776 -852.6235 -2798.251 492.8678 -869.2681 -2801.942 495.4306 -855.4801 -2797.504 489.7944 -886.1767 -2789.52 491.2905 -888.0192 -2801.66 495.3694 -845.2418 -2788.315 493.2047 -865.3702 -2790.55 482.672 -880 -2790.55 482.672 -880 -2782.279 486.6304 -879.0648 -2784.609 486.6821 -885.4961 -2790.55 482.672 -880 -2779.62 488.2797 -877.2215 -2790.55 482.672 -880 -2784.605 489.0896 -866.4627 -2774.897 489.4723 -880.6215 -2784.609 486.6821 -885.4961 -2782.279 486.6304 -879.0648 -2778.259 488.9983 -888.7088 -2778.353 490.5194 -863.3965 -2772.967 489.9258 -873.7934 -2784.605 489.0896 -866.4627 -2766.949 490.2162 -887.9897 -2778.259 488.9983 -888.7088 -2763.863 490.9676 -864.2714 -2772.967 489.9258 -873.7934 -1345.945 463.8527 -796.5704 -1351.733 446.5283 -796.5704 -1343.657 464.3935 -799.9677 -1350.533 444.558 -800 -1351.733 446.5283 -796.5704 -1366.472 446.5369 -796.5704 -1350.533 444.558 -800 -1367.847 444.171 -800 -1353.116 473.9633 -796.5704 -1351.121 476.8073 -800.0939 -1370.458 472.4202 -796.5704 -1372.666 474.1597 -800.0021 -1343.657 464.3935 -799.9677 -1351.121 476.8073 -800.0939 -1345.945 463.8527 -796.5704 -1353.116 473.9633 -796.5704 -1367.847 444.171 -800 -1366.472 446.5369 -796.5704 -1377.674 455.6 -800 -1375.466 456.8107 -796.5704 -1375.466 456.8107 -796.5704 -1370.458 472.4202 -796.5704 -1377.674 455.6 -800 -1372.666 474.1597 -800.0021 -1375.466 456.8107 -796.5704 -1366.472 446.5369 -796.5704 -1345.945 463.8527 -796.5704 -1370.458 472.4202 -796.5704 -1351.733 446.5283 -796.5704 -1353.116 473.9633 -796.5704 -1383.634 488.8436 -798.2634 -1375.797 483.9324 -798.2634 -1383.628 490.034 -799.9836 -1374.684 484.2883 -800 -1375.797 483.9324 -798.2634 -1377.556 476.6794 -798.2634 -1374.684 484.2883 -800 -1376.555 475.7206 -800 -1389.464 486.5182 -798.2634 -1390.626 487.8384 -800.0475 -1390.77 477.7994 -798.2634 -1391.889 476.9196 -800.001 -1383.628 490.034 -799.9836 -1390.626 487.8384 -800.0475 -1383.634 488.8436 -798.2634 -1389.464 486.5182 -798.2634 -1376.555 475.7206 -800 -1377.556 476.6794 -798.2634 -1383.35 472.245 -800 -1383.683 473.4757 -798.2634 -1383.683 473.4757 -798.2634 -1390.77 477.7994 -798.2634 -1383.35 472.245 -800 -1391.889 476.9196 -800.001 -1383.683 473.4757 -798.2634 -1383.634 488.8436 -798.2634 -1390.77 477.7994 -798.2634 -1377.556 476.6794 -798.2634 -1389.464 486.5182 -798.2634 -1375.797 483.9324 -798.2634 -1359.207 500.3465 -798.2634 -1353.942 492.7422 -798.2634 -1358.731 501.438 -799.9836 -1352.779 492.6305 -800 -1353.942 492.7422 -798.2634 -1358.419 486.7711 -798.2634 -1352.779 492.6305 -800 -1357.877 485.4953 -800 -1365.481 500.509 -798.2634 -1366.028 502.1806 -800.0475 -1370.119 493.0119 -798.2634 -1371.495 492.6447 -800.001 -1358.731 501.438 -799.9836 -1366.028 502.1806 -800.0475 -1359.207 500.3465 -798.2634 -1365.481 500.509 -798.2634 -1357.877 485.4953 -800 -1358.419 486.7711 -798.2634 -1365.492 484.9815 -800 -1365.313 486.2438 -798.2634 -1365.313 486.2438 -798.2634 -1370.119 493.0119 -798.2634 -1365.492 484.9815 -800 -1371.495 492.6447 -800.001 -1365.313 486.2438 -798.2634 -1359.207 500.3465 -798.2634 -1370.119 493.0119 -798.2634 -1358.419 486.7711 -798.2634 -1365.481 500.509 -798.2634 -1353.942 492.7422 -798.2634 -1342.885 490.1781 -798.2634 -1335.047 485.2669 -798.2634 -1342.879 491.3685 -799.9836 -1333.935 485.6228 -800 -1335.047 485.2669 -798.2634 -1336.807 478.0139 -798.2634 -1333.935 485.6228 -800 -1335.806 477.0551 -800 -1348.715 487.8527 -798.2634 -1349.877 489.1729 -800.0475 -1350.02 479.1339 -798.2634 -1351.139 478.2541 -800.001 -1342.879 491.3685 -799.9836 -1349.877 489.1729 -800.0475 -1342.885 490.1781 -798.2634 -1348.715 487.8527 -798.2634 -1335.806 477.0551 -800 -1336.807 478.0139 -798.2634 -1342.601 473.5795 -800 -1342.934 474.8102 -798.2634 -1342.934 474.8102 -798.2634 -1350.02 479.1339 -798.2634 -1342.601 473.5795 -800 -1351.139 478.2541 -800.001 -1342.934 474.8102 -798.2634 -1342.885 490.1781 -798.2634 -1350.02 479.1339 -798.2634 -1336.807 478.0139 -798.2634 -1348.715 487.8527 -798.2634 -1335.047 485.2669 -798.2634 -1145.446 542.9463 -798.2634 -1136.301 544.3291 -798.2634 -1146.217 543.8533 -799.9836 -1135.689 545.3242 -800 -1136.301 544.3291 -798.2634 -1132.908 537.6815 -798.2634 -1135.689 545.3242 -800 -1131.524 537.6064 -800 -1148.352 537.3831 -798.2634 -1150.094 537.627 -800.0475 -1143.66 529.9196 -798.2634 -1143.935 528.5229 -800.001 -1146.217 543.8533 -799.9836 -1150.094 537.627 -800.0475 -1145.446 542.9463 -798.2634 -1148.352 537.3831 -798.2634 -1131.524 537.6064 -800 -1132.908 537.6815 -798.2634 -1134.413 530.5418 -800 -1135.468 531.2583 -798.2634 -1135.468 531.2583 -798.2634 -1143.66 529.9196 -798.2634 -1134.413 530.5418 -800 -1143.935 528.5229 -800.001 -1135.468 531.2583 -798.2634 -1145.446 542.9463 -798.2634 -1143.66 529.9196 -798.2634 -1132.908 537.6815 -798.2634 -1148.352 537.3831 -798.2634 -1136.301 544.3291 -798.2634 -1695.098 595.0818 -798.2634 -1685.953 596.4646 -798.2634 -1695.869 595.9888 -799.9836 -1685.341 597.4597 -800 -1685.953 596.4646 -798.2634 -1682.56 589.817 -798.2634 -1685.341 597.4597 -800 -1681.176 589.7419 -800 -1698.004 589.5186 -798.2634 -1699.746 589.7625 -800.0475 -1693.312 582.0551 -798.2634 -1693.587 580.6584 -800.001 -1695.869 595.9888 -799.9836 -1699.746 589.7625 -800.0475 -1695.098 595.0818 -798.2634 -1698.004 589.5186 -798.2634 -1681.176 589.7419 -800 -1682.56 589.817 -798.2634 -1684.065 582.6773 -800 -1685.12 583.3938 -798.2634 -1685.12 583.3938 -798.2634 -1693.312 582.0551 -798.2634 -1684.065 582.6773 -800 -1693.587 580.6584 -800.001 -1685.12 583.3938 -798.2634 -1695.098 595.0818 -798.2634 -1693.312 582.0551 -798.2634 -1682.56 589.817 -798.2634 -1698.004 589.5186 -798.2634 -1685.953 596.4646 -798.2634 -1573.779 519.325 -798.2634 -1564.634 520.7078 -798.2634 -1574.55 520.232 -799.9836 -1564.022 521.7029 -800 -1564.634 520.7078 -798.2634 -1561.241 514.0602 -798.2634 -1564.022 521.7029 -800 -1559.857 513.9851 -800 -1576.685 513.7618 -798.2634 -1578.427 514.0057 -800.0475 -1571.993 506.2983 -798.2634 -1572.268 504.9016 -800.001 -1574.55 520.232 -799.9836 -1578.427 514.0057 -800.0475 -1573.779 519.325 -798.2634 -1576.685 513.7618 -798.2634 -1559.857 513.9851 -800 -1561.241 514.0602 -798.2634 -1562.746 506.9205 -800 -1563.801 507.637 -798.2634 -1563.801 507.637 -798.2634 -1571.993 506.2983 -798.2634 -1562.746 506.9205 -800 -1572.268 504.9016 -800.001 -1563.801 507.637 -798.2634 -1573.779 519.325 -798.2634 -1571.993 506.2983 -798.2634 -1561.241 514.0602 -798.2634 -1576.685 513.7618 -798.2634 -1564.634 520.7078 -798.2634 -1728.945 568.4323 -798.2634 -1719.8 569.8151 -798.2634 -1729.716 569.3393 -799.9836 -1719.188 570.8102 -800 -1719.8 569.8151 -798.2634 -1716.407 563.1675 -798.2634 -1719.188 570.8102 -800 -1715.023 563.0924 -800 -1731.851 562.8691 -798.2634 -1733.593 563.113 -800.0475 -1727.159 555.4056 -798.2634 -1727.434 554.0089 -800.001 -1729.716 569.3393 -799.9836 -1733.593 563.113 -800.0475 -1728.945 568.4323 -798.2634 -1731.851 562.8691 -798.2634 -1715.023 563.0924 -800 -1716.407 563.1675 -798.2634 -1717.912 556.0278 -800 -1718.967 556.7443 -798.2634 -1718.967 556.7443 -798.2634 -1727.159 555.4056 -798.2634 -1717.912 556.0278 -800 -1727.434 554.0089 -800.001 -1718.967 556.7443 -798.2634 -1728.945 568.4323 -798.2634 -1727.159 555.4056 -798.2634 -1716.407 563.1675 -798.2634 -1731.851 562.8691 -798.2634 -1719.8 569.8151 -798.2634 -1954.907 2.477615 458.2036 -1964.589 2.477615 467.1664 -1953.27 0.02362061 458.6556 -1964.515 0.0002746582 468.8311 -1964.589 2.477615 467.1664 -1973.922 2.477615 462.042 -1964.515 0.0002746582 468.8311 -1975.615 0.0002746582 463.0628 -1953.27 0.02362061 458.6556 -1953.687 -0.06760788 448.2008 -1954.907 2.477615 458.2036 -1955.938 2.477615 449.3093 -1975.615 0.0002746582 463.0628 -1973.922 2.477615 462.042 -1977.871 0.0002746582 452.4108 -1976.051 2.477615 452.4108 -1976.051 2.477615 452.4108 -1967.458 2.477615 444.2638 -1977.871 0.0002746582 452.4108 -1968.252 -0.001213074 442.395 -1968.252 -0.001213074 442.395 -1967.458 2.477615 444.2638 -1953.687 -0.06760788 448.2008 -1955.938 2.477615 449.3093 -1967.458 2.477615 444.2638 -1954.907 2.477615 458.2036 -1976.051 2.477615 452.4108 -1973.922 2.477615 462.042 -1964.589 2.477615 467.1664 -4938.95 0.253706 448.815 -4946.972 8.872175 447.7998 -4945.113 7.376146 455.7802 -4955.706 11.1756 461.6544 -4958.752 13.6312 448.5545 -4963.651 11.63669 463.8182 -4966.531 13.9569 451.441 -4978.136 10.013 461.7461 -4938.95 0.253706 448.815 -4946.704 6.870584 460.3265 -4937.828 7.503347 465.778 -4941.166 10.35144 474.1736 -4950.201 9.70727 468.6241 -4951.13 10.76188 481.8904 -4925.424 6.671305 442.8461 -4936.191 5.861406 437.8797 -4938.95 0.253706 448.815 -4925.424 6.671305 442.8461 -4932.774 7.507544 431.2215 -4922.368 8.101149 436.5884 -4923.269 8.54928 422.0994 -4932.774 7.507544 431.2215 -4938.03 4.212122 440.5421 -4939.6 7.053957 433.163 -4944.457 4.263792 442.8841 -4946.982 7.797956 425.2282 -4947.681 6.58 436.5397 -4947.681 6.58 436.5397 -4938.95 0.253706 448.815 -4935.23 10.26296 466.2169 -4924.209 7.153139 461.1873 -4921.282 10.20932 470.1791 -4929.359 12.48845 473.8654 -4920.382 12.41269 483.0373 -4938.95 0.253706 448.815 -4928.204 10.44953 456.4978 -4924.324 10.78641 446.5535 -4911.566 13.25925 452.8743 -4914.409 13.01234 460.1624 -4904.172 12.95112 459.8625 -4938.95 0.253706 448.815 -4938.03 4.212122 440.5421 -4944.457 4.263792 442.8841 -2068.86 0.253706 452.98 -2063.572 8.872175 446.864 -2071.245 7.376146 443.9898 -2057.675 13.6312 436.6362 -2070.27 11.1756 431.9177 -2055.77 13.9569 428.562 -2067.67 11.63669 424.1043 -2057.922 10.013 413.191 -2068.86 0.253706 452.98 -2074.149 6.870584 440.148 -2083.605 7.503347 444.5189 -2079.121 9.70727 432.64 -2088.746 10.35144 437.0895 -2089.652 10.76188 424.5192 -2071.382 6.671305 467.5483 -2061.283 5.861406 461.3337 -2068.86 0.253706 452.98 -2071.382 6.671305 467.5483 -2057.631 7.507544 467.8659 -2067.864 8.101149 473.5577 -2055.302 8.54928 480.8326 -2057.631 7.507544 467.8659 -2062.482 4.212122 458.3284 -2055.468 7.053957 461.1084 -2060.872 4.263792 451.6801 -2044.773 7.797956 459.3565 -2053.804 6.58 452.5096 -2053.804 6.58 452.5096 -2068.86 0.253706 452.98 -2085.409 10.26296 446.4383 -2087.326 7.153139 458.4004 -2095.029 12.48845 447.0907 -2096.434 10.20932 455.8577 -2107.638 12.41269 449.4851 -2068.86 0.253706 452.98 -2081.209 10.44953 457.6718 -2075.078 10.78641 466.41 -2091.9 13.01234 467.1273 -2087.407 13.25925 473.5315 -2097.321 12.95112 475.8174 -2068.86 0.253706 452.98 -2062.482 4.212122 458.3284 -2060.872 4.263792 451.6801 1221.236 -0.04694939 439.6759 1217.035 10.45468 436.253 1211.482 6.327581 440.8902 1209.638 18.02146 429.1768 1200.524 11.24713 436.7881 1202.99 19.77397 424.5234 1194.378 13.3731 431.7158 1188.415 16.66549 418.6627 1221.236 -0.04694939 439.6759 1206.859 5.062151 441.5779 1207.042 1.55076 451.4034 1197.786 6.368113 443.8404 1197.973 2.79357 453.8425 1186.091 3.915434 449.7715 1233.015 3.564196 450.068 1231.417 7.327433 438.9076 1221.236 -0.04694939 439.6759 1233.015 3.564196 450.068 1238.702 9.69451 439.1156 1239.787 5.726652 450.0943 1251.391 10.42609 442.7336 1238.702 9.69451 439.1156 1228.331 5.610533 438.0616 1233.424 10.71963 434.4634 1222.891 6.871691 434.1105 1236.013 15.74872 425.1887 1226.267 11.69179 429.4866 1226.267 11.69179 429.4866 1221.236 -0.04694939 439.6759 1207.85 3.202124 454.7459 1218.277 -1.445322 459.8564 1212.079 -1.995764 467.6057 1204.438 1.410246 463.8606 1201.62 -3.813543 475.2399 1221.236 -0.04694939 439.6759 1219.77 4.03594 455.789 1230.165 5.982962 454.3002 1231.567 2.788477 468.3242 1223.949 1.361494 469.4151 1229.74 -1.581755 477.3337 1221.236 -0.04694939 439.6759 1228.331 5.610533 438.0616 1222.891 6.871691 434.1105 -3049.297 12.70737 932.2214 -3049.472 8.826847 944.853 -3038.454 11.41777 941.7976 -3049.472 8.826847 944.853 -3036.053 8.864231 947.9819 -3047.02 5.950641 951.5184 -3009.888 18.62608 947.1201 -3020.026 17.72648 947.1962 -3016.889 16.29387 954.2227 -3040.65 -0.930405 959.928 -3036.053 8.864231 947.9819 -3063.705 6.260128 950.2075 -3056.127 4.086475 958.4388 -3052.862 6.664714 950.7175 -3033.152 12.83854 950.7535 -3028.873 10.88352 960.3406 -3056.127 4.086475 958.4388 -3049.144 2.120132 960.2776 -3046.257 3.729763 954.2888 -3040.65 -0.930405 959.928 -3046.257 3.729763 954.2888 -3049.144 2.120132 960.2776 -3040.65 -0.930405 959.928 -3022.394 8.266411 960.2783 -3040.65 -0.930405 959.928 -3026.982 8.362923 971.9141 -3040.923 4.04066 970.5321 -3040.65 -0.930405 959.928 -3047.996 5.647811 966.4391 -3014.382 11.24872 965.3435 -3028.801 5.116844 972.7571 -3040.65 -0.930405 959.928 -3038.796 2.848606 974.7165 -3004.986 12.65081 974.3311 -3017.743 11.31947 973.8712 -3044.695 4.843616 982.6257 -3056.305 7.481689 975.9055 -3025.591 6.490802 981.5631 -3035.766 4.181652 983.5582 -3048.823 3.292922 989.5955 -3059.793 5.785694 983.2474 -3027.24 4.016017 993.8167 -3060.282 -1.483155 997.5081 -2931.144 -5.082813 904.2237 -2911.737 -5.082813 927.4363 -2929.919 -9.946189 900.5269 -2907.916 -9.999725 927.4584 -2911.737 -5.082813 927.4363 -2924.553 -5.082813 948.2168 -2907.916 -9.999725 927.4584 -2922.411 -9.999725 952.214 -2929.919 -9.946189 900.5269 -2953.912 -10.15539 900.272 -2931.144 -5.082813 904.2237 -2951.633 -5.082813 905.5556 -2922.411 -9.999725 952.214 -2924.553 -5.082813 948.2168 -2947.067 -9.999725 956.1467 -2946.857 -5.082813 951.9796 -2946.857 -5.082813 951.9796 -2964.521 -5.082813 931.3551 -2947.067 -9.999725 956.1467 -2968.894 -10.00314 932.9575 -2968.894 -10.00314 932.9575 -2964.521 -5.082813 931.3551 -2953.912 -10.15539 900.272 -2951.633 -5.082813 905.5556 -2964.521 -5.082813 931.3551 -2931.144 -5.082813 904.2237 -2946.857 -5.082813 951.9796 -2924.553 -5.082813 948.2168 -2911.737 -5.082813 927.4363 -2897.774 -5.082791 961.9824 -2897.016 -5.082791 975.0956 -2896.083 -9.999843 960.8132 -2894.839 -9.999843 976.1973 -2922.112 -5.082791 964.6387 -2924.745 -10.08357 963.0131 -2919.837 -5.082791 979.9883 -2921.27 -10.00168 982.0437 -2896.083 -9.999843 960.8132 -2914.09 -9.971015 955.7258 -2897.774 -5.082791 961.9824 -2913.489 -5.082791 957.7339 -2914.09 -9.971015 955.7258 -2924.745 -10.08357 963.0131 -2922.112 -5.082791 964.6387 -2894.839 -9.999843 976.1973 -2897.016 -5.082791 975.0956 -2904.497 -9.999843 985.5352 -2905.688 -5.082791 983.6337 -2905.688 -5.082791 983.6337 -2919.837 -5.082791 979.9883 -2904.497 -9.999843 985.5352 -2921.27 -10.00168 982.0437 -2905.688 -5.082791 983.6337 -2897.016 -5.082791 975.0956 -2913.489 -5.082791 957.7339 -2919.837 -5.082791 979.9883 -2897.774 -5.082791 961.9824 -2922.112 -5.082791 964.6387 -2823.622 -5.082791 956.4539 -2814.115 -5.082791 969.6688 -2822.82 -9.970922 954.5181 -2812.065 -9.999772 969.83 -2814.115 -5.082791 969.6688 -2821.804 -5.082791 980.3187 -2812.065 -9.999772 969.83 -2820.811 -9.999772 982.5466 -2822.82 -9.970922 954.5181 -2835.684 -10.08348 953.4433 -2823.622 -5.082791 956.4539 -2834.668 -5.082791 956.3683 -2820.811 -9.999772 982.5466 -2821.804 -5.082791 980.3187 -2834.196 -9.999772 983.6937 -2833.92 -5.082791 981.4658 -2833.92 -5.082791 981.4658 -2842.593 -5.082791 969.7087 -2834.196 -9.999772 983.6937 -2845.002 -10.00161 970.3969 -2845.002 -10.00161 970.3969 -2842.593 -5.082791 969.7087 -2835.684 -10.08348 953.4433 -2834.668 -5.082791 956.3683 -2842.593 -5.082791 969.7087 -2823.622 -5.082791 956.4539 -2833.92 -5.082791 981.4658 -2821.804 -5.082791 980.3187 -2814.115 -5.082791 969.6688 -2937.372 -6.258006 996.0071 -2938.401 -6.258006 1005.95 -2935.96 -9.999815 995.335 -2936.9 -9.999815 1007.043 -2955.978 -6.258006 995.0363 -2957.758 -10.06353 993.4943 -2956.14 -6.258006 1006.844 -2957.467 -10.00121 1008.213 -2935.96 -9.999815 995.335 -2948.865 -9.977878 989.3189 -2937.372 -6.258006 996.0071 -2948.659 -6.258006 990.9005 -2948.865 -9.977878 989.3189 -2957.758 -10.06353 993.4943 -2955.978 -6.258006 995.0363 -2936.9 -9.999815 1007.043 -2938.401 -6.258006 1005.95 -2945.292 -9.999815 1012.88 -2945.956 -6.258006 1011.306 -2945.956 -6.258006 1011.306 -2956.14 -6.258006 1006.844 -2945.292 -9.999815 1012.88 -2957.467 -10.00121 1008.213 -2945.956 -6.258006 1011.306 -2948.659 -6.258006 990.9005 -2956.14 -6.258006 1006.844 -2938.401 -6.258006 1005.95 -2937.372 -6.258006 996.0071 -2955.978 -6.258006 995.0363 -2964.984 -5.082791 968.4208 -2975.045 -5.082791 976.8654 -2963.037 -9.999843 969.0778 -2974.628 -9.999843 979.2692 -2981.659 -5.082791 950.4944 -2981.929 -10.08357 947.4119 -2992.606 -5.082791 961.4915 -2995.111 -10.00168 961.571 -2963.037 -9.999843 969.0778 -2969.718 -9.971015 951.6003 -2964.984 -5.082791 968.4208 -2970.969 -5.082791 953.2819 -2969.718 -9.971015 951.6003 -2981.929 -10.08357 947.4119 -2981.659 -5.082791 950.4944 -2974.628 -9.999843 979.2692 -2975.045 -5.082791 976.8654 -2987.886 -9.999843 977.1064 -2987.074 -5.082791 975.0146 -2987.074 -5.082791 975.0146 -2992.606 -5.082791 961.4915 -2987.886 -9.999843 977.1064 -2995.111 -10.00168 961.571 -2987.074 -5.082791 975.0146 -2970.969 -5.082791 953.2819 -2992.606 -5.082791 961.4915 -2975.045 -5.082791 976.8654 -2981.659 -5.082791 950.4944 -2964.984 -5.082791 968.4208 -2842.087 -5.082813 1011.188 -2852.245 -5.082813 1039.688 -2838.28 -9.946189 1010.368 -2850.326 -9.999725 1042.993 -2852.245 -5.082813 1039.688 -2876.655 -5.082813 1039.187 -2850.326 -9.999725 1042.993 -2879.013 -9.999725 1043.061 -2838.28 -9.946189 1010.368 -2850.233 -10.15539 989.563 -2842.087 -5.082813 1011.188 -2853.63 -5.082813 994.2068 -2879.013 -9.999725 1043.061 -2876.655 -5.082813 1039.187 -2894.911 -9.999725 1023.808 -2891.213 -5.082813 1021.875 -2891.213 -5.082813 1021.875 -2882.401 -5.082813 996.1892 -2894.911 -9.999725 1023.808 -2886 -10.00314 993.2346 -2886 -10.00314 993.2346 -2882.401 -5.082813 996.1892 -2850.233 -10.15539 989.563 -2853.63 -5.082813 994.2068 -2882.401 -5.082813 996.1892 -2842.087 -5.082813 1011.188 -2891.213 -5.082813 1021.875 -2876.655 -5.082813 1039.187 -2852.245 -5.082813 1039.688 -2987.022 -5.082791 865.3009 -2977.515 -5.082791 878.5158 -2986.22 -9.970922 863.3651 -2975.466 -9.999772 878.6771 -2977.515 -5.082791 878.5158 -2985.205 -5.082791 889.1657 -2975.466 -9.999772 878.6771 -2984.212 -9.999772 891.3936 -2986.22 -9.970922 863.3651 -2999.085 -10.08348 862.2903 -2987.022 -5.082791 865.3009 -2998.069 -5.082791 865.2154 -2984.212 -9.999772 891.3936 -2985.205 -5.082791 889.1657 -2997.597 -9.999772 892.5407 -2997.321 -5.082791 890.3129 -2997.321 -5.082791 890.3129 -3005.993 -5.082791 878.5557 -2997.597 -9.999772 892.5407 -3008.402 -10.00161 879.244 -3008.402 -10.00161 879.244 -3005.993 -5.082791 878.5557 -2999.085 -10.08348 862.2903 -2998.069 -5.082791 865.2154 -3005.993 -5.082791 878.5557 -2987.022 -5.082791 865.3009 -2997.321 -5.082791 890.3129 -2985.205 -5.082791 889.1657 -2977.515 -5.082791 878.5158 -2958.487 -5.082813 -466.5099 -2968.645 -5.082813 -438.0095 -2954.68 -9.946189 -467.33 -2966.725 -9.999725 -434.7055 -2968.645 -5.082813 -438.0095 -2993.054 -5.082813 -438.5112 -2966.725 -9.999725 -434.7055 -2995.412 -9.999725 -434.6375 -2954.68 -9.946189 -467.33 -2966.632 -10.15539 -488.1349 -2958.487 -5.082813 -466.5099 -2970.03 -5.082813 -483.4911 -2995.412 -9.999725 -434.6375 -2993.054 -5.082813 -438.5112 -3011.31 -9.999725 -453.8902 -3007.612 -5.082813 -455.8229 -3007.612 -5.082813 -455.8229 -2998.801 -5.082813 -481.5088 -3011.31 -9.999725 -453.8902 -3002.4 -10.00314 -484.4634 -3002.4 -10.00314 -484.4634 -2998.801 -5.082813 -481.5088 -2966.632 -10.15539 -488.1349 -2970.03 -5.082813 -483.4911 -2998.801 -5.082813 -481.5088 -2958.487 -5.082813 -466.5099 -3007.612 -5.082813 -455.8229 -2993.054 -5.082813 -438.5112 -2968.645 -5.082813 -438.0095 -2930.256 -5.59206 -549.2177 -2941.657 -5.59206 -540.1087 -2928.487 -9.973905 -548.5872 -2941.709 -9.999767 -538.2665 -2941.657 -5.59206 -540.1087 -2951.54 -5.59206 -546.5115 -2941.709 -9.999767 -538.2665 -2953.489 -9.999767 -545.5215 -2928.487 -9.973905 -548.5872 -2928.106 -10.0748 -560.1534 -2930.256 -5.59206 -549.2177 -2930.679 -5.59206 -559.1115 -2953.489 -9.999767 -545.5215 -2951.54 -5.59206 -546.5115 -2955.122 -9.999767 -557.4529 -2953.115 -5.59206 -557.3067 -2953.115 -5.59206 -557.3067 -2942.981 -5.59206 -565.6029 -2955.122 -9.999767 -557.4529 -2943.706 -10.00141 -567.7282 -2943.706 -10.00141 -567.7282 -2942.981 -5.59206 -565.6029 -2928.106 -10.0748 -560.1534 -2930.679 -5.59206 -559.1115 -2942.981 -5.59206 -565.6029 -2930.256 -5.59206 -549.2177 -2953.115 -5.59206 -557.3067 -2951.54 -5.59206 -546.5115 -2941.657 -5.59206 -540.1087 -3007.742 -6.645562 -595.2529 -3016.69 -6.645562 -595.7242 -3007.077 -9.999805 -594.0187 -3017.601 -9.999805 -594.3311 -3007.715 -6.645562 -611.9541 -3006.415 -10.05692 -613.617 -3018.293 -6.645562 -611.5651 -3019.579 -10.00106 -612.691 -3007.077 -9.999805 -594.0187 -3002.274 -9.980141 -605.845 -3007.742 -6.645562 -595.2529 -3003.681 -6.645562 -605.5886 -3002.274 -9.980141 -605.845 -3006.415 -10.05692 -613.617 -3007.715 -6.645562 -611.9541 -3017.601 -9.999805 -594.3311 -3016.69 -6.645562 -595.7242 -3023.206 -9.999805 -601.5806 -3021.828 -6.645562 -602.2458 -3021.828 -6.645562 -602.2458 -3018.293 -6.645562 -611.5651 -3023.206 -9.999805 -601.5806 -3019.579 -10.00106 -612.691 -3021.828 -6.645562 -602.2458 -3016.69 -6.645562 -595.7242 -3003.681 -6.645562 -605.5886 -3018.293 -6.645562 -611.5651 -3007.742 -6.645562 -595.2529 -3007.715 -6.645562 -611.9541 -2755.575 -7.855567 -716.2343 -2759.962 -7.855567 -712.5519 -2754.725 -9.999777 -715.9479 -2759.78 -9.999777 -711.5037 -2762.846 -7.855567 -724.0516 -2762.964 -10.03629 -725.3958 -2767.62 -7.855567 -719.256 -2768.712 -10.00058 -719.2214 -2754.725 -9.999777 -715.9479 -2757.639 -9.987206 -723.5694 -2755.575 -7.855567 -716.2343 -2758.185 -7.855567 -722.8361 -2762.964 -10.03629 -725.3958 -2762.846 -7.855567 -724.0516 -2757.639 -9.987206 -723.5694 -2759.78 -9.999777 -711.5037 -2759.962 -7.855567 -712.5519 -2765.562 -9.999777 -712.4468 -2765.207 -7.855567 -713.359 -2765.207 -7.855567 -713.359 -2767.62 -7.855567 -719.256 -2765.562 -9.999777 -712.4468 -2768.712 -10.00058 -719.2214 -2765.207 -7.855567 -713.359 -2759.962 -7.855567 -712.5519 -2758.185 -7.855567 -722.8361 -2767.62 -7.855567 -719.256 -2755.575 -7.855567 -716.2343 -2762.846 -7.855567 -724.0516 -2802.556 -5.59206 -738.4177 -2813.957 -5.59206 -729.3087 -2800.786 -9.973905 -737.7872 -2814.009 -9.999767 -727.4666 -2813.957 -5.59206 -729.3087 -2823.839 -5.59206 -735.7115 -2814.009 -9.999767 -727.4666 -2825.789 -9.999767 -734.7216 -2800.786 -9.973905 -737.7872 -2800.406 -10.0748 -749.3534 -2802.556 -5.59206 -738.4177 -2802.979 -5.59206 -748.3115 -2825.789 -9.999767 -734.7216 -2823.839 -5.59206 -735.7115 -2827.421 -9.999767 -746.653 -2825.414 -5.59206 -746.5067 -2825.414 -5.59206 -746.5067 -2815.281 -5.59206 -754.8029 -2827.421 -9.999767 -746.653 -2816.006 -10.00141 -756.9282 -2816.006 -10.00141 -756.9282 -2815.281 -5.59206 -754.8029 -2800.406 -10.0748 -749.3534 -2802.979 -5.59206 -748.3115 -2815.281 -5.59206 -754.8029 -2802.556 -5.59206 -738.4177 -2825.414 -5.59206 -746.5067 -2823.839 -5.59206 -735.7115 -2813.957 -5.59206 -729.3087 -2928.825 -7.855567 -413.0594 -2933.212 -7.855567 -409.3769 -2927.975 -9.999777 -412.7729 -2933.03 -9.999777 -408.3286 -2936.096 -7.855567 -420.8766 -2936.214 -10.03629 -422.2209 -2940.87 -7.855567 -416.0811 -2941.962 -10.00058 -416.0464 -2927.975 -9.999777 -412.7729 -2930.889 -9.987206 -420.3944 -2928.825 -7.855567 -413.0594 -2931.435 -7.855567 -419.6611 -2936.214 -10.03629 -422.2209 -2936.096 -7.855567 -420.8766 -2930.889 -9.987206 -420.3944 -2933.03 -9.999777 -408.3286 -2933.212 -7.855567 -409.3769 -2938.812 -9.999777 -409.2718 -2938.457 -7.855567 -410.184 -2938.457 -7.855567 -410.184 -2940.87 -7.855567 -416.0811 -2938.812 -9.999777 -409.2718 -2941.962 -10.00058 -416.0464 -2938.457 -7.855567 -410.184 -2933.212 -7.855567 -409.3769 -2931.435 -7.855567 -419.6611 -2940.87 -7.855567 -416.0811 -2928.825 -7.855567 -413.0594 -2936.096 -7.855567 -420.8766 -2963.025 -7.855567 -390.2644 -2967.412 -7.855567 -386.5819 -2962.176 -9.999777 -389.9779 -2967.23 -9.999777 -385.5337 -2970.296 -7.855567 -398.0817 -2970.414 -10.03629 -399.4259 -2975.07 -7.855567 -393.2861 -2976.162 -10.00058 -393.2514 -2962.176 -9.999777 -389.9779 -2965.089 -9.987206 -397.5994 -2963.025 -7.855567 -390.2644 -2965.635 -7.855567 -396.8661 -2970.414 -10.03629 -399.4259 -2970.296 -7.855567 -398.0817 -2965.089 -9.987206 -397.5994 -2967.23 -9.999777 -385.5337 -2967.412 -7.855567 -386.5819 -2973.012 -9.999777 -386.4768 -2972.657 -7.855567 -387.389 -2972.657 -7.855567 -387.389 -2975.07 -7.855567 -393.2861 -2973.012 -9.999777 -386.4768 -2976.162 -10.00058 -393.2514 -2972.657 -7.855567 -387.389 -2967.412 -7.855567 -386.5819 -2965.635 -7.855567 -396.8661 -2975.07 -7.855567 -393.2861 -2963.025 -7.855567 -390.2644 -2970.296 -7.855567 -398.0817 -2766.975 -7.855567 307.2676 -2771.363 -7.855567 310.9501 -2766.126 -9.999777 307.5541 -2771.18 -9.999777 311.9984 -2774.247 -7.855567 299.4503 -2774.364 -10.03629 298.1061 -2779.021 -7.855567 304.2459 -2780.113 -10.00058 304.2806 -2766.126 -9.999777 307.5541 -2769.04 -9.987206 299.9326 -2766.975 -7.855567 307.2676 -2769.585 -7.855567 300.6659 -2774.364 -10.03629 298.1061 -2774.247 -7.855567 299.4503 -2769.04 -9.987206 299.9326 -2771.18 -9.999777 311.9984 -2771.363 -7.855567 310.9501 -2776.962 -9.999777 311.0552 -2776.608 -7.855567 310.143 -2776.608 -7.855567 310.143 -2779.021 -7.855567 304.2459 -2776.962 -9.999777 311.0552 -2780.113 -10.00058 304.2806 -2776.608 -7.855567 310.143 -2771.363 -7.855567 310.9501 -2769.585 -7.855567 300.6659 -2779.021 -7.855567 304.2459 -2766.975 -7.855567 307.2676 -2774.247 -7.855567 299.4503 -2807.156 -5.59206 316.9973 -2818.558 -5.59206 326.1063 -2805.387 -9.973905 317.6277 -2818.609 -9.999767 327.9484 -2818.558 -5.59206 326.1063 -2828.44 -5.59206 319.7035 -2818.609 -9.999767 327.9484 -2830.39 -9.999767 320.6935 -2805.387 -9.973905 317.6277 -2805.007 -10.0748 306.0616 -2807.156 -5.59206 316.9973 -2807.579 -5.59206 307.1035 -2830.39 -9.999767 320.6935 -2828.44 -5.59206 319.7035 -2832.022 -9.999767 308.7621 -2830.015 -5.59206 308.9083 -2830.015 -5.59206 308.9083 -2819.881 -5.59206 300.6121 -2832.022 -9.999767 308.7621 -2820.606 -10.00141 298.4868 -2820.606 -10.00141 298.4868 -2819.881 -5.59206 300.6121 -2805.007 -10.0748 306.0616 -2807.579 -5.59206 307.1035 -2819.881 -5.59206 300.6121 -2807.156 -5.59206 316.9973 -2830.015 -5.59206 308.9083 -2828.44 -5.59206 319.7035 -2818.558 -5.59206 326.1063 -2761.576 -5.59206 385.3833 -2772.978 -5.59206 394.4923 -2759.807 -9.973905 386.0138 -2773.029 -9.999767 396.3344 -2772.978 -5.59206 394.4923 -2782.86 -5.59206 388.0895 -2773.029 -9.999767 396.3344 -2784.81 -9.999767 389.0795 -2759.807 -9.973905 386.0138 -2759.427 -10.0748 374.4477 -2761.576 -5.59206 385.3833 -2761.999 -5.59206 375.4895 -2784.81 -9.999767 389.0795 -2782.86 -5.59206 388.0895 -2786.442 -9.999767 377.1481 -2784.435 -5.59206 377.2943 -2784.435 -5.59206 377.2943 -2774.301 -5.59206 368.9981 -2786.442 -9.999767 377.1481 -2775.026 -10.00141 366.8728 -2775.026 -10.00141 366.8728 -2774.301 -5.59206 368.9981 -2759.427 -10.0748 374.4477 -2761.999 -5.59206 375.4895 -2774.301 -5.59206 368.9981 -2761.576 -5.59206 385.3833 -2784.435 -5.59206 377.2943 -2782.86 -5.59206 388.0895 -2772.978 -5.59206 394.4923 -2917.424 -7.855567 453.1566 -2921.812 -7.855567 456.8391 -2916.575 -9.999777 453.4431 -2921.63 -9.999777 457.8874 -2924.696 -7.855567 445.3394 -2924.813 -10.03629 443.9951 -2929.47 -7.855567 450.1349 -2930.562 -10.00058 450.1696 -2916.575 -9.999777 453.4431 -2919.489 -9.987206 445.8216 -2917.424 -7.855567 453.1566 -2920.034 -7.855567 446.5549 -2919.489 -9.987206 445.8216 -2924.813 -10.03629 443.9951 -2924.696 -7.855567 445.3394 -2921.63 -9.999777 457.8874 -2921.812 -7.855567 456.8391 -2927.411 -9.999777 456.9442 -2927.057 -7.855567 456.032 -2927.057 -7.855567 456.032 -2929.47 -7.855567 450.1349 -2927.411 -9.999777 456.9442 -2930.562 -10.00058 450.1696 -2927.057 -7.855567 456.032 -2921.812 -7.855567 456.8391 -2920.034 -7.855567 446.5549 -2929.47 -7.855567 450.1349 -2917.424 -7.855567 453.1566 -2924.696 -7.855567 445.3394 -2960.725 -7.855567 473.6726 -2965.113 -7.855567 477.3551 -2959.876 -9.999777 473.9591 -2964.93 -9.999777 478.4034 -2967.997 -7.855567 465.8553 -2968.114 -10.03629 464.5111 -2972.771 -7.855567 470.6509 -2973.863 -10.00058 470.6856 -2959.876 -9.999777 473.9591 -2962.79 -9.987206 466.3376 -2960.725 -7.855567 473.6726 -2963.335 -7.855567 467.0709 -2962.79 -9.987206 466.3376 -2968.114 -10.03629 464.5111 -2967.997 -7.855567 465.8553 -2964.93 -9.999777 478.4034 -2965.113 -7.855567 477.3551 -2970.712 -9.999777 477.4602 -2970.358 -7.855567 476.548 -2970.358 -7.855567 476.548 -2972.771 -7.855567 470.6509 -2970.712 -9.999777 477.4602 -2973.863 -10.00058 470.6856 -2970.358 -7.855567 476.548 -2963.335 -7.855567 467.0709 -2972.771 -7.855567 470.6509 -2965.113 -7.855567 477.3551 -2967.997 -7.855567 465.8553 -2960.725 -7.855567 473.6726 -2070.38 -5.59209 559.3754 -2090.284 -5.59209 577.7998 -2067.015 -9.951734 560.3046 -2090.131 -9.999725 581.2218 -2090.284 -5.59209 577.7998 -2109.469 -5.59209 567.2657 -2090.131 -9.999725 581.2218 -2112.95 -9.999725 569.3641 -2067.015 -9.951734 560.3046 -2067.872 -10.13927 538.813 -2070.38 -5.59209 559.3754 -2072.5 -5.59209 541.0916 -2112.95 -9.999725 569.3641 -2109.469 -5.59209 567.2657 -2117.586 -9.999725 547.4674 -2113.846 -5.59209 547.4674 -2113.846 -5.59209 547.4674 -2096.18 -5.59209 530.7198 -2117.586 -9.999725 547.4674 -2097.813 -10.00278 526.8782 -2097.813 -10.00278 526.8782 -2096.18 -5.59209 530.7198 -2067.872 -10.13927 538.813 -2072.5 -5.59209 541.0916 -2096.18 -5.59209 530.7198 -2070.38 -5.59209 559.3754 -2113.846 -5.59209 547.4674 -2109.469 -5.59209 567.2657 -2090.284 -5.59209 577.7998 -2145.031 -3.289734 530.6315 -2163.006 -3.289734 546.2385 -2140.097 -9.929441 531.9946 -2162.783 -9.999783 551.2582 -2158.702 -3.289734 493.8432 -2151.915 -10.20442 490.5006 -2190.536 -3.289734 480.8072 -2192.932 -10.00421 475.1718 -2141.726 -10.01819 515.7734 -2151.915 -10.20442 490.5006 -2146.069 -3.289734 518.2324 -2158.702 -3.289734 493.8432 -2193.97 -9.999783 551.7007 -2192.433 -3.289734 547.4271 -2218.042 -9.999783 535.3165 -2212.935 -3.289734 532.2383 -2140.097 -9.929441 531.9946 -2141.726 -10.01819 515.7734 -2145.031 -3.289734 530.6315 -2146.069 -3.289734 518.2324 -2219.356 -3.289734 503.1959 -2206.266 -3.289734 487.3934 -2225.181 -9.999783 501.8348 -2208.019 -10.0022 482.7186 -2192.932 -10.00421 475.1718 -2208.019 -10.0022 482.7186 -2190.536 -3.289734 480.8072 -2206.266 -3.289734 487.3934 -2182.195 -3.289734 516.9139 -2158.702 -3.289734 493.8432 -2206.266 -3.289734 487.3934 -2146.069 -3.289734 518.2324 -2145.031 -3.289734 530.6315 -2212.935 -3.289734 532.2383 -2192.433 -3.289734 547.4271 -2163.006 -3.289734 546.2385 -2219.356 -3.289734 503.1959 -2219.356 -3.289734 503.1959 -2225.181 -9.999783 501.8348 -2218.042 -9.999783 535.3165 -2162.783 -9.999783 551.2582 -2193.97 -9.999783 551.7007 -2135.208 -5.59206 571.5902 -2146.914 -5.59206 572.8621 -2134.085 -9.999831 573.051 -2147.802 -9.999831 574.8609 -2138.687 -5.59206 549.9209 -2137.351 -10.07489 547.4902 -2152.326 -5.59206 552.6519 -2154.231 -10.00148 551.4621 -2134.085 -9.999831 573.051 -2130.345 -9.973989 556.7002 -2135.208 -5.59206 571.5902 -2132.115 -5.59206 557.3287 -2130.345 -9.973989 556.7002 -2137.351 -10.07489 547.4902 -2138.687 -5.59206 549.9209 -2147.802 -9.999831 574.8609 -2146.914 -5.59206 572.8621 -2156.599 -9.999831 566.6371 -2154.95 -5.59206 565.4841 -2154.95 -5.59206 565.4841 -2152.326 -5.59206 552.6519 -2156.599 -9.999831 566.6371 -2154.231 -10.00148 551.4621 -2154.95 -5.59206 565.4841 -2132.115 -5.59206 557.3287 -2152.326 -5.59206 552.6519 -2146.914 -5.59206 572.8621 -2135.208 -5.59206 571.5902 -2138.687 -5.59206 549.9209 -2245.566 -5.59206 535.4213 -2256.967 -5.59206 544.5303 -2243.796 -9.973905 536.0518 -2257.018 -9.999767 546.3724 -2256.967 -5.59206 544.5303 -2266.849 -5.59206 538.1274 -2257.018 -9.999767 546.3724 -2268.799 -9.999767 539.1174 -2243.796 -9.973905 536.0518 -2243.416 -10.0748 524.4856 -2245.566 -5.59206 535.4213 -2245.989 -5.59206 525.5275 -2268.799 -9.999767 539.1174 -2266.849 -5.59206 538.1274 -2270.431 -9.999767 527.186 -2268.424 -5.59206 527.3323 -2268.424 -5.59206 527.3323 -2258.291 -5.59206 519.0361 -2270.431 -9.999767 527.186 -2259.015 -10.00141 516.9108 -2259.015 -10.00141 516.9108 -2258.291 -5.59206 519.0361 -2243.416 -10.0748 524.4856 -2245.989 -5.59206 525.5275 -2258.291 -5.59206 519.0361 -2245.566 -5.59206 535.4213 -2268.424 -5.59206 527.3323 -2266.849 -5.59206 538.1274 -2256.967 -5.59206 544.5303 -2187.43 -5.59206 449.7315 -2195.446 -5.59206 441.1061 -2187.93 -9.999831 451.5051 -2197.579 -9.999831 441.5886 -2172.135 -5.59206 433.9923 -2169.388 -10.07489 433.6112 -2182.476 -5.59206 424.6885 -2182.66 -10.00148 422.4502 -2187.93 -9.999831 451.5051 -2172.585 -9.973989 444.7325 -2187.43 -5.59206 449.7315 -2174.147 -5.59206 443.6885 -2172.585 -9.973989 444.7325 -2169.388 -10.07489 433.6112 -2172.135 -5.59206 433.9923 -2197.579 -9.999831 441.5886 -2195.446 -5.59206 441.1061 -2196.242 -9.999831 429.6208 -2194.333 -5.59206 430.2535 -2194.333 -5.59206 430.2535 -2182.476 -5.59206 424.6885 -2196.242 -9.999831 429.6208 -2182.66 -10.00148 422.4502 -2194.333 -5.59206 430.2535 -2195.446 -5.59206 441.1061 -2174.147 -5.59206 443.6885 -2182.476 -5.59206 424.6885 -2187.43 -5.59206 449.7315 -2172.135 -5.59206 433.9923 -2216.892 -6.645562 454.2061 -2225.84 -6.645562 453.7348 -2216.226 -9.999805 455.4403 -2226.75 -9.999805 455.1279 -2216.864 -6.645562 437.5049 -2215.564 -10.05692 435.842 -2227.442 -6.645562 437.894 -2228.728 -10.00106 436.768 -2216.226 -9.999805 455.4403 -2211.424 -9.980141 443.614 -2216.892 -6.645562 454.2061 -2212.83 -6.645562 443.8704 -2211.424 -9.980141 443.614 -2215.564 -10.05692 435.842 -2216.864 -6.645562 437.5049 -2226.75 -9.999805 455.1279 -2225.84 -6.645562 453.7348 -2232.356 -9.999805 447.8784 -2230.977 -6.645562 447.2133 -2230.977 -6.645562 447.2133 -2227.442 -6.645562 437.894 -2232.356 -9.999805 447.8784 -2228.728 -10.00106 436.768 -2230.977 -6.645562 447.2133 -2225.84 -6.645562 453.7348 -2212.83 -6.645562 443.8704 -2227.442 -6.645562 437.894 -2216.892 -6.645562 454.2061 -2216.864 -6.645562 437.5049 1604.471 -5.058884 472.4482 1623.973 -5.058884 495.7739 1605.702 -9.945929 468.7335 1627.812 -9.999725 495.7961 1623.973 -5.058884 495.7739 1611.094 -5.058884 516.6555 1627.812 -9.999725 495.7961 1613.247 -9.999725 520.6721 1605.702 -9.945929 468.7335 1581.593 -10.15615 468.4774 1604.471 -5.058884 472.4482 1583.882 -5.058884 473.7867 1613.247 -9.999725 520.6721 1611.094 -5.058884 516.6555 1588.47 -9.999725 524.624 1588.682 -5.058884 520.4366 1588.682 -5.058884 520.4366 1570.931 -5.058884 499.7117 1588.47 -9.999725 524.624 1566.538 -10.00315 501.3219 1566.538 -10.00315 501.3219 1570.931 -5.058884 499.7117 1581.593 -10.15615 468.4774 1583.882 -5.058884 473.7867 1570.931 -5.058884 499.7117 1604.471 -5.058884 472.4482 1588.682 -5.058884 520.4366 1611.094 -5.058884 516.6555 1623.973 -5.058884 495.7739 1640.552 -5.05888 529.4556 1641.314 -5.05888 542.6326 1642.251 -9.999844 528.2807 1643.501 -9.999844 543.7397 1616.095 -5.05888 532.1249 1613.45 -10.08398 530.4913 1618.381 -5.05888 547.5491 1616.942 -10.00169 549.6144 1642.251 -9.999844 528.2807 1624.157 -9.970876 523.1686 1640.552 -5.05888 529.4556 1624.76 -5.05888 525.1864 1624.157 -9.970876 523.1686 1613.45 -10.08398 530.4913 1616.095 -5.05888 532.1249 1643.501 -9.999844 543.7397 1641.314 -5.05888 542.6326 1633.797 -9.999844 553.123 1632.599 -5.05888 551.2122 1632.599 -5.05888 551.2122 1618.381 -5.05888 547.5491 1633.797 -9.999844 553.123 1616.942 -10.00169 549.6144 1632.599 -5.05888 551.2122 1624.76 -5.05888 525.1864 1618.381 -5.05888 547.5491 1641.314 -5.05888 542.6326 1640.552 -5.05888 529.4556 1616.095 -5.05888 532.1249 1651.611 -5.05888 490.5063 1661.164 -5.05888 503.7855 1652.417 -9.970781 488.5611 1663.224 -9.999773 503.9474 1661.164 -5.05888 503.7855 1653.437 -5.05888 514.4871 1663.224 -9.999773 503.9474 1654.435 -9.999773 516.7259 1652.417 -9.970781 488.5611 1639.49 -10.08389 487.4811 1651.611 -5.05888 490.5063 1640.511 -5.05888 490.4204 1654.435 -9.999773 516.7259 1653.437 -5.05888 514.4871 1640.985 -9.999773 517.8785 1641.262 -5.05888 515.6399 1641.262 -5.05888 515.6399 1632.548 -5.05888 503.8256 1640.985 -9.999773 517.8785 1630.127 -10.00162 504.5171 1630.127 -10.00162 504.5171 1632.548 -5.05888 503.8256 1639.49 -10.08389 487.4811 1640.511 -5.05888 490.4204 1632.548 -5.05888 503.8256 1651.611 -5.05888 490.5063 1641.262 -5.05888 515.6399 1653.437 -5.05888 514.4871 1661.164 -5.05888 503.7855 1571.265 -6.239809 526.5865 1570.231 -6.239809 536.5775 1572.684 -9.999815 525.9111 1571.739 -9.999815 537.6757 1552.569 -6.239809 525.6109 1550.781 -10.06384 524.0614 1552.406 -6.239809 537.4756 1551.073 -10.00122 538.8516 1572.684 -9.999815 525.9111 1559.716 -9.977771 519.8658 1571.265 -6.239809 526.5865 1559.923 -6.239809 521.4551 1550.781 -10.06384 524.0614 1552.569 -6.239809 525.6109 1559.716 -9.977771 519.8658 1571.739 -9.999815 537.6757 1570.231 -6.239809 536.5775 1563.306 -9.999815 543.5413 1562.64 -6.239809 541.9601 1562.64 -6.239809 541.9601 1552.406 -6.239809 537.4756 1563.306 -9.999815 543.5413 1551.073 -10.00122 538.8516 1562.64 -6.239809 541.9601 1570.231 -6.239809 536.5775 1559.923 -6.239809 521.4551 1552.406 -6.239809 537.4756 1571.265 -6.239809 526.5865 1552.569 -6.239809 525.6109 1551.293 -5.05888 517.9355 1541.183 -5.05888 526.4211 1553.25 -9.999844 518.5956 1541.603 -9.999844 528.8365 1534.537 -5.05888 499.9218 1534.266 -10.08398 496.8244 1523.536 -5.05888 510.9724 1521.02 -10.00169 511.0523 1553.25 -9.999844 518.5956 1546.536 -9.970876 501.0331 1551.293 -5.05888 517.9355 1545.279 -5.05888 502.7229 1546.536 -9.970876 501.0331 1534.266 -10.08398 496.8244 1534.537 -5.05888 499.9218 1541.603 -9.999844 528.8365 1541.183 -5.05888 526.4211 1528.28 -9.999844 526.6633 1529.096 -5.05888 524.5612 1529.096 -5.05888 524.5612 1523.536 -5.05888 510.9724 1528.28 -9.999844 526.6633 1521.02 -10.00169 511.0523 1529.096 -5.05888 524.5612 1541.183 -5.05888 526.4211 1545.279 -5.05888 502.7229 1523.536 -5.05888 510.9724 1551.293 -5.05888 517.9355 1534.537 -5.05888 499.9218 1605.581 -5.058884 556.8022 1625.082 -5.058884 580.1279 1606.812 -9.945929 553.0875 1628.922 -9.999725 580.1501 1625.082 -5.058884 580.1279 1612.204 -5.058884 601.0095 1628.922 -9.999725 580.1501 1614.356 -9.999725 605.0261 1606.812 -9.945929 553.0875 1582.703 -10.15615 552.8314 1605.581 -5.058884 556.8022 1584.992 -5.058884 558.1407 1614.356 -9.999725 605.0261 1612.204 -5.058884 601.0095 1589.58 -9.999725 608.978 1589.791 -5.058884 604.7906 1589.791 -5.058884 604.7906 1572.041 -5.058884 584.0657 1589.58 -9.999725 608.978 1567.648 -10.00315 585.676 1567.648 -10.00315 585.676 1572.041 -5.058884 584.0657 1582.703 -10.15615 552.8314 1584.992 -5.058884 558.1407 1572.041 -5.058884 584.0657 1605.581 -5.058884 556.8022 1589.791 -5.058884 604.7906 1612.204 -5.058884 601.0095 1625.082 -5.058884 580.1279 1657.725 -7.855567 632.9286 1653.338 -7.855567 636.6111 1658.574 -9.999777 633.2151 1653.52 -9.999777 637.6593 1650.454 -7.855567 625.1113 1650.336 -10.03629 623.7672 1645.68 -7.855567 629.9069 1644.588 -10.00058 629.9416 1658.574 -9.999777 633.2151 1655.661 -9.987206 625.5936 1657.725 -7.855567 632.9286 1655.115 -7.855567 626.3268 1650.336 -10.03629 623.7672 1650.454 -7.855567 625.1113 1655.661 -9.987206 625.5936 1653.52 -9.999777 637.6593 1653.338 -7.855567 636.6111 1647.738 -9.999777 636.7162 1648.092 -7.855567 635.804 1648.092 -7.855567 635.804 1645.68 -7.855567 629.9069 1647.738 -9.999777 636.7162 1644.588 -10.00058 629.9416 1648.092 -7.855567 635.804 1653.338 -7.855567 636.6111 1655.115 -7.855567 626.3268 1645.68 -7.855567 629.9069 1657.725 -7.855567 632.9286 1650.454 -7.855567 625.1113 1638.415 -7.855579 645.3188 1646.878 -7.855579 655.4413 1638.949 -9.976379 643.7068 1648.544 -9.999725 655.4509 1646.878 -7.855579 655.4413 1641.289 -7.855579 664.5032 1648.544 -9.999725 655.4509 1642.223 -9.999725 666.2463 1638.949 -9.976379 643.7068 1628.486 -10.06761 643.5956 1638.415 -7.855579 645.3188 1629.48 -7.855579 645.8997 1642.223 -9.999725 666.2463 1641.289 -7.855579 664.5032 1631.471 -9.999725 667.9612 1631.563 -7.855579 666.144 1631.563 -7.855579 666.144 1623.86 -7.855579 657.1502 1631.471 -9.999725 667.9612 1621.953 -10.00121 657.849 1621.953 -10.00121 657.849 1623.86 -7.855579 657.1502 1628.486 -10.06761 643.5956 1629.48 -7.855579 645.8997 1623.86 -7.855579 657.1502 1638.415 -7.855579 645.3188 1631.563 -7.855579 666.144 1641.289 -7.855579 664.5032 1646.878 -7.855579 655.4413 1615.935 -7.855579 1032.171 1624.398 -7.855579 1042.293 1616.469 -9.976379 1030.559 1626.064 -9.999725 1042.303 1624.398 -7.855579 1042.293 1618.809 -7.855579 1051.355 1626.064 -9.999725 1042.303 1619.743 -9.999725 1053.098 1616.469 -9.976379 1030.559 1606.006 -10.06761 1030.448 1615.935 -7.855579 1032.171 1607 -7.855579 1032.752 1619.743 -9.999725 1053.098 1618.809 -7.855579 1051.355 1608.991 -9.999725 1054.813 1609.083 -7.855579 1052.996 1609.083 -7.855579 1052.996 1601.38 -7.855579 1044.002 1608.991 -9.999725 1054.813 1599.473 -10.00121 1044.701 1599.473 -10.00121 1044.701 1601.38 -7.855579 1044.002 1606.006 -10.06761 1030.448 1607 -7.855579 1032.752 1601.38 -7.855579 1044.002 1615.935 -7.855579 1032.171 1609.083 -7.855579 1052.996 1618.809 -7.855579 1051.355 1624.398 -7.855579 1042.293 1611.445 -7.855567 807.4886 1607.058 -7.855567 811.1711 1612.295 -9.999777 807.7751 1607.24 -9.999777 812.2193 1604.174 -7.855567 799.6713 1604.056 -10.03629 798.3271 1599.4 -7.855567 804.4669 1598.308 -10.00058 804.5016 1612.295 -9.999777 807.7751 1609.381 -9.987206 800.1536 1611.445 -7.855567 807.4886 1608.835 -7.855567 800.8868 1604.056 -10.03629 798.3271 1604.174 -7.855567 799.6713 1609.381 -9.987206 800.1536 1607.24 -9.999777 812.2193 1607.058 -7.855567 811.1711 1601.458 -9.999777 811.2762 1601.813 -7.855567 810.364 1601.813 -7.855567 810.364 1599.4 -7.855567 804.4669 1601.458 -9.999777 811.2762 1598.308 -10.00058 804.5016 1601.813 -7.855567 810.364 1607.058 -7.855567 811.1711 1608.835 -7.855567 800.8868 1599.4 -7.855567 804.4669 1611.445 -7.855567 807.4886 1604.174 -7.855567 799.6713 1600.865 -7.855567 1023.049 1596.478 -7.855567 1026.731 1601.715 -9.999777 1023.335 1596.66 -9.999777 1027.779 1593.594 -7.855567 1015.231 1593.476 -10.03629 1013.887 1588.82 -7.855567 1020.027 1587.728 -10.00058 1020.062 1601.715 -9.999777 1023.335 1598.801 -9.987206 1015.714 1600.865 -7.855567 1023.049 1598.255 -7.855567 1016.447 1593.476 -10.03629 1013.887 1593.594 -7.855567 1015.231 1598.801 -9.987206 1015.714 1596.66 -9.999777 1027.779 1596.478 -7.855567 1026.731 1590.878 -9.999777 1026.836 1591.233 -7.855567 1025.924 1591.233 -7.855567 1025.924 1588.82 -7.855567 1020.027 1590.878 -9.999777 1026.836 1587.728 -10.00058 1020.062 1591.233 -7.855567 1025.924 1596.478 -7.855567 1026.731 1598.255 -7.855567 1016.447 1588.82 -7.855567 1020.027 1600.865 -7.855567 1023.049 1593.594 -7.855567 1015.231 1647.146 -7.855567 1019.079 1642.758 -7.855567 1022.761 1647.995 -9.999777 1019.365 1642.94 -9.999777 1023.809 1639.874 -7.855567 1011.261 1639.756 -10.03629 1009.917 1635.1 -7.855567 1016.057 1634.008 -10.00058 1016.092 1647.995 -9.999777 1019.365 1645.081 -9.987206 1011.744 1647.146 -7.855567 1019.079 1644.536 -7.855567 1012.477 1639.756 -10.03629 1009.917 1639.874 -7.855567 1011.261 1645.081 -9.987206 1011.744 1642.94 -9.999777 1023.809 1642.758 -7.855567 1022.761 1637.159 -9.999777 1022.866 1637.513 -7.855567 1021.954 1637.513 -7.855567 1021.954 1635.1 -7.855567 1016.057 1637.159 -9.999777 1022.866 1634.008 -10.00058 1016.092 1637.513 -7.855567 1021.954 1642.758 -7.855567 1022.761 1644.536 -7.855567 1012.477 1635.1 -7.855567 1016.057 1647.146 -7.855567 1019.079 1639.874 -7.855567 1011.261 1647.505 -7.855579 958.4459 1655.968 -7.855579 968.5684 1648.039 -9.976379 956.8338 1657.634 -9.999725 968.5779 1655.968 -7.855579 968.5684 1650.379 -7.855579 977.6302 1657.634 -9.999725 968.5779 1651.313 -9.999725 979.3733 1648.039 -9.976379 956.8338 1637.576 -10.06761 956.7227 1647.505 -7.855579 958.4459 1638.57 -7.855579 959.0267 1651.313 -9.999725 979.3733 1650.379 -7.855579 977.6302 1640.561 -9.999725 981.0882 1640.652 -7.855579 979.2711 1640.652 -7.855579 979.2711 1632.949 -7.855579 970.2772 1640.561 -9.999725 981.0882 1631.043 -10.00121 970.976 1631.043 -10.00121 970.976 1632.949 -7.855579 970.2772 1637.576 -10.06761 956.7227 1638.57 -7.855579 959.0267 1632.949 -7.855579 970.2772 1647.505 -7.855579 958.4459 1640.652 -7.855579 979.2711 1650.379 -7.855579 977.6302 1655.968 -7.855579 968.5684 588.4205 -4.61333 447.3614 609.6804 -4.61333 472.7905 589.7621 -9.941077 443.3116 613.8664 -9.999725 472.8146 609.6804 -4.61333 472.7905 595.6407 -4.61333 495.5551 613.8664 -9.999725 472.8146 597.9872 -9.999725 499.9339 589.7621 -9.941077 443.3116 563.4787 -10.17026 443.0324 588.4205 -4.61333 447.3614 565.9745 -4.61333 448.8205 597.9872 -9.999725 499.9339 595.6407 -4.61333 495.5551 570.9763 -9.999725 504.2421 571.2068 -4.61333 499.6772 571.2068 -4.61333 499.6772 551.8556 -4.61333 477.0834 570.9763 -9.999725 504.2421 547.0662 -10.00346 478.8388 547.0662 -10.00346 478.8388 551.8556 -4.61333 477.0834 563.4787 -10.17026 443.0324 565.9745 -4.61333 448.8205 551.8556 -4.61333 477.0834 588.4205 -4.61333 447.3614 571.2068 -4.61333 499.6772 595.6407 -4.61333 495.5551 609.6804 -4.61333 472.7905 568.4481 -4.613296 538.3876 569.2786 -4.613296 552.753 570.3002 -9.999854 537.1068 571.6634 -9.999854 553.9599 541.7861 -4.613296 541.2976 538.9019 -10.09158 539.5168 544.2783 -4.613296 558.1129 542.7087 -10.00187 560.3645 570.3002 -9.999854 537.1068 550.5746 -9.968274 531.5336 568.4481 -4.613296 538.3876 551.2325 -4.613296 533.7335 538.9019 -10.09158 539.5168 541.7861 -4.613296 541.2976 550.5746 -9.968274 531.5336 571.6634 -9.999854 553.9599 569.2786 -4.613296 552.753 561.0839 -9.999854 564.1895 559.7783 -4.613296 562.1064 559.7783 -4.613296 562.1064 544.2783 -4.613296 558.1129 561.0839 -9.999854 564.1895 542.7087 -10.00187 560.3645 559.7783 -4.613296 562.1064 569.2786 -4.613296 552.753 551.2325 -4.613296 533.7335 544.2783 -4.613296 558.1129 568.4481 -4.613296 538.3876 541.7861 -4.613296 541.2976 610.0753 -4.613296 509.9257 620.4899 -4.613296 524.4024 610.9539 -9.968171 507.8051 622.7351 -9.999777 524.579 620.4899 -4.613296 524.4024 612.066 -4.613296 536.0692 622.7351 -9.999777 524.579 613.1541 -9.999777 538.5098 610.9539 -9.968171 507.8051 596.8608 -10.09148 506.6277 610.0753 -4.613296 509.9257 597.9738 -4.613296 509.832 613.1541 -9.999777 538.5098 612.066 -4.613296 536.0692 598.4911 -9.999777 539.7665 598.7933 -4.613296 537.3259 598.7933 -4.613296 537.3259 589.2926 -4.613296 524.4462 598.4911 -9.999777 539.7665 586.6539 -10.00179 525.2 586.6539 -10.00179 525.2 589.2926 -4.613296 524.4462 596.8608 -10.09148 506.6277 597.9738 -4.613296 509.832 589.2926 -4.613296 524.4462 610.0753 -4.613296 509.9257 598.7933 -4.613296 537.3259 612.066 -4.613296 536.0692 620.4899 -4.613296 524.4024 525.688 -5.900753 506.7897 524.5611 -5.900753 517.6816 527.2354 -9.999824 506.0534 526.2054 -9.999824 518.8789 505.306 -5.900753 505.7261 503.3565 -10.06962 504.0369 505.1286 -5.900753 518.6608 503.6752 -10.00135 520.1608 527.2354 -9.999824 506.0534 513.0975 -9.975791 499.463 525.688 -5.900753 506.7897 513.3237 -5.900753 501.1956 503.3565 -10.06962 504.0369 505.306 -5.900753 505.7261 513.0975 -9.975791 499.463 526.2054 -9.999824 518.8789 524.5611 -5.900753 517.6816 517.0117 -9.999824 525.2735 516.2849 -5.900753 523.5496 516.2849 -5.900753 523.5496 505.1286 -5.900753 518.6608 517.0117 -9.999824 525.2735 503.6752 -10.00135 520.1608 516.2849 -5.900753 523.5496 513.3237 -5.900753 501.1956 505.1286 -5.900753 518.6608 524.5611 -5.900753 517.6816 505.306 -5.900753 505.7261 525.688 -5.900753 506.7897 534.9566 -4.613296 455.1079 523.935 -4.613296 464.3588 537.0905 -9.999854 455.8276 524.3925 -9.999854 466.9922 516.6899 -4.613296 435.4698 516.3942 -10.09158 432.093 504.6971 -4.613296 447.517 501.9537 -10.00187 447.604 537.0905 -9.999854 455.8276 529.7707 -9.968274 436.6812 534.9566 -4.613296 455.1079 528.4001 -4.613296 438.5234 529.7707 -9.968274 436.6812 516.3942 -10.09158 432.093 516.6899 -4.613296 435.4698 524.3925 -9.999854 466.9922 523.935 -4.613296 464.3588 509.8681 -9.999854 464.6229 510.7581 -4.613296 462.3312 510.7581 -4.613296 462.3312 504.6971 -4.613296 447.517 509.8681 -9.999854 464.6229 501.9537 -10.00187 447.604 510.7581 -4.613296 462.3312 528.4001 -4.613296 438.5234 504.6971 -4.613296 447.517 523.935 -4.613296 464.3588 516.6899 -4.613296 435.4698 534.9566 -4.613296 455.1079 659.4308 -4.61333 547.5204 680.6907 -4.61333 572.9495 660.7724 -9.941077 543.4706 684.8766 -9.999725 572.9736 680.6907 -4.61333 572.9495 666.6509 -4.61333 595.7141 684.8766 -9.999725 572.9736 668.9974 -9.999725 600.093 660.7724 -9.941077 543.4706 634.489 -10.17026 543.1914 659.4308 -4.61333 547.5204 636.9847 -4.61333 548.9795 668.9974 -9.999725 600.093 666.6509 -4.61333 595.7141 641.9865 -9.999725 604.4011 642.2171 -4.61333 599.8362 642.2171 -4.61333 599.8362 622.8658 -4.61333 577.2424 641.9865 -9.999725 604.4011 618.0765 -10.00346 578.9978 618.0765 -10.00346 578.9978 622.8658 -4.61333 577.2424 634.489 -10.17026 543.1914 636.9847 -4.61333 548.9795 622.8658 -4.61333 577.2424 659.4308 -4.61333 547.5204 642.2171 -4.61333 599.8362 666.6509 -4.61333 595.7141 680.6907 -4.61333 572.9495 658.5779 -4.613296 502.0786 659.4085 -4.613296 516.444 660.4301 -9.999854 500.7978 661.7933 -9.999854 517.6509 631.916 -4.613296 504.9886 629.0317 -10.09158 503.2078 634.4081 -4.613296 521.8038 632.8386 -10.00187 524.0555 660.4301 -9.999854 500.7978 640.7045 -9.968274 495.2246 658.5779 -4.613296 502.0786 641.3624 -4.613296 497.4244 640.7045 -9.968274 495.2246 629.0317 -10.09158 503.2078 631.916 -4.613296 504.9886 661.7933 -9.999854 517.6509 659.4085 -4.613296 516.444 651.2137 -9.999854 527.8804 649.9082 -4.613296 525.7974 649.9082 -4.613296 525.7974 634.4081 -4.613296 521.8038 651.2137 -9.999854 527.8804 632.8386 -10.00187 524.0555 649.9082 -4.613296 525.7974 659.4085 -4.613296 516.444 641.3624 -4.613296 497.4244 634.4081 -4.613296 521.8038 658.5779 -4.613296 502.0786 631.916 -4.613296 504.9886 708.0581 -5.900753 543.5107 706.9312 -5.900753 554.4026 709.6055 -9.999824 542.7744 708.5755 -9.999824 555.5999 687.6761 -5.900753 542.4471 685.7266 -10.06962 540.7579 687.4988 -5.900753 555.3818 686.0453 -10.00135 556.8818 709.6055 -9.999824 542.7744 695.4677 -9.975791 536.184 708.0581 -5.900753 543.5107 695.6938 -5.900753 537.9166 685.7266 -10.06962 540.7579 687.6761 -5.900753 542.4471 695.4677 -9.975791 536.184 708.5755 -9.999824 555.5999 706.9312 -5.900753 554.4026 699.3818 -9.999824 561.9945 698.655 -5.900753 560.2706 698.655 -5.900753 560.2706 687.4988 -5.900753 555.3818 699.3818 -9.999824 561.9945 686.0453 -10.00135 556.8818 698.655 -5.900753 560.2706 695.6938 -5.900753 537.9166 687.4988 -5.900753 555.3818 706.9312 -5.900753 554.4026 708.0581 -5.900753 543.5107 687.6761 -5.900753 542.4471 1517.601 -5.058884 449.4203 1537.102 -5.058884 472.7459 1518.832 -9.945929 445.7055 1540.942 -9.999725 472.7681 1537.102 -5.058884 472.7459 1524.224 -5.058884 493.6275 1540.942 -9.999725 472.7681 1526.376 -9.999725 497.6441 1518.832 -9.945929 445.7055 1494.723 -10.15615 445.4494 1517.601 -5.058884 449.4203 1497.012 -5.058884 450.7587 1526.376 -9.999725 497.6441 1524.224 -5.058884 493.6275 1501.6 -9.999725 501.5959 1501.811 -5.058884 497.4086 1501.811 -5.058884 497.4086 1484.061 -5.058884 476.6837 1501.6 -9.999725 501.5959 1479.668 -10.00315 478.2939 1479.668 -10.00315 478.2939 1484.061 -5.058884 476.6837 1494.723 -10.15615 445.4494 1497.012 -5.058884 450.7587 1484.061 -5.058884 476.6837 1517.601 -5.058884 449.4203 1501.811 -5.058884 497.4086 1524.224 -5.058884 493.6275 1537.102 -5.058884 472.7459 1468.845 -6.239809 446.8405 1467.811 -6.239809 456.8315 1470.264 -9.999815 446.1651 1469.319 -9.999815 457.9297 1450.149 -6.239809 445.8649 1448.361 -10.06384 444.3154 1449.986 -6.239809 457.7296 1448.653 -10.00122 459.1056 1470.264 -9.999815 446.1651 1457.296 -9.977771 440.1198 1468.845 -6.239809 446.8405 1457.503 -6.239809 441.7091 1448.361 -10.06384 444.3154 1450.149 -6.239809 445.8649 1457.296 -9.977771 440.1198 1469.319 -9.999815 457.9297 1467.811 -6.239809 456.8315 1460.886 -9.999815 463.7953 1460.22 -6.239809 462.2141 1460.22 -6.239809 462.2141 1449.986 -6.239809 457.7296 1460.886 -9.999815 463.7953 1448.653 -10.00122 459.1056 1460.22 -6.239809 462.2141 1457.503 -6.239809 441.7091 1449.986 -6.239809 457.7296 1467.811 -6.239809 456.8315 1450.149 -6.239809 445.8649 1468.845 -6.239809 446.8405 1474.471 -5.05888 497.4413 1484.025 -5.05888 510.7205 1475.277 -9.970781 495.4961 1486.084 -9.999773 510.8824 1484.025 -5.05888 510.7205 1476.297 -5.05888 521.4221 1486.084 -9.999773 510.8824 1477.296 -9.999773 523.6609 1475.277 -9.970781 495.4961 1462.35 -10.08389 494.4161 1474.471 -5.05888 497.4413 1463.371 -5.05888 497.3554 1477.296 -9.999773 523.6609 1476.297 -5.05888 521.4221 1463.845 -9.999773 524.8135 1464.123 -5.05888 522.5749 1464.123 -5.05888 522.5749 1455.408 -5.05888 510.7606 1463.845 -9.999773 524.8135 1452.988 -10.00162 511.4521 1452.988 -10.00162 511.4521 1455.408 -5.05888 510.7606 1462.35 -10.08389 494.4161 1463.371 -5.05888 497.3554 1455.408 -5.05888 510.7606 1474.471 -5.05888 497.4413 1464.123 -5.05888 522.5749 1476.297 -5.05888 521.4221 1484.025 -5.05888 510.7205 -298.7708 -4.422351 914.8115 -276.7572 -4.422351 941.1422 -297.3816 -9.938997 910.6181 -272.4228 -9.999725 941.1672 -276.7572 -4.422351 941.1422 -291.2947 -4.422351 964.7139 -272.4228 -9.999725 941.1672 -288.865 -9.999725 969.248 -297.3816 -9.938997 910.6181 -324.597 -10.1763 910.329 -298.7708 -4.422351 914.8115 -322.0127 -4.422351 916.3223 -288.865 -9.999725 969.248 -291.2947 -4.422351 964.7139 -316.8336 -9.999725 973.709 -316.5948 -4.422351 968.9822 -316.5948 -4.422351 968.9822 -336.6322 -4.422351 945.5873 -316.8336 -9.999725 973.709 -341.5914 -10.0036 947.405 -341.5914 -10.0036 947.405 -336.6322 -4.422351 945.5873 -324.597 -10.1763 910.329 -322.0127 -4.422351 916.3223 -336.6322 -4.422351 945.5873 -298.7708 -4.422351 914.8115 -316.5948 -4.422351 968.9822 -291.2947 -4.422351 964.7139 -276.7572 -4.422351 941.1422 -378.2076 -5.755413 977.6411 -379.3745 -5.755413 988.9191 -376.6053 -9.999827 976.8786 -377.6719 -9.999827 990.1589 -399.3123 -5.755413 976.5397 -401.331 -10.0721 974.7906 -399.496 -5.755413 989.933 -401.0009 -10.00141 991.4863 -376.6053 -9.999827 976.8786 -391.2445 -9.974943 970.0545 -378.2076 -5.755413 977.6411 -391.0104 -5.755413 971.8485 -401.331 -10.0721 974.7906 -399.3123 -5.755413 976.5397 -391.2445 -9.974943 970.0545 -377.6719 -9.999827 990.1589 -379.3745 -5.755413 988.9191 -387.1916 -9.999827 996.7802 -387.9441 -5.755413 994.9952 -387.9441 -5.755413 994.9952 -399.496 -5.755413 989.933 -387.1916 -9.999827 996.7802 -401.0009 -10.00141 991.4863 -387.9441 -5.755413 994.9952 -379.3745 -5.755413 988.9191 -391.0104 -5.755413 971.8485 -399.496 -5.755413 989.933 -378.2076 -5.755413 977.6411 -399.3123 -5.755413 976.5397 -266.9739 -5.755413 1011.386 -259.4645 -5.755413 1019.881 -266.4501 -9.999827 1009.691 -257.3994 -9.999827 1019.467 -282.0742 -5.755413 1026.171 -284.7282 -10.0721 1026.472 -272.3425 -5.755413 1035.375 -272.2185 -10.00141 1037.534 -266.4501 -9.999827 1009.691 -281.3841 -9.974943 1015.843 -266.9739 -5.755413 1011.386 -279.9053 -5.755413 1016.885 -281.3841 -9.974943 1015.843 -284.7282 -10.0721 1026.472 -282.0742 -5.755413 1026.171 -257.3994 -9.999827 1019.467 -259.4645 -5.755413 1019.881 -258.9725 -9.999827 1030.956 -260.7956 -5.755413 1030.301 -260.7956 -5.755413 1030.301 -272.3425 -5.755413 1035.375 -258.9725 -9.999827 1030.956 -272.2185 -10.00141 1037.534 -260.7956 -5.755413 1030.301 -259.4645 -5.755413 1019.881 -279.9053 -5.755413 1016.885 -272.3425 -5.755413 1035.375 -266.9739 -5.755413 1011.386 -282.0742 -5.755413 1026.171 -173.2975 -5.755413 930.5691 -174.4643 -5.755413 941.8472 -171.6952 -9.999827 929.8066 -172.7618 -9.999827 943.0869 -194.4022 -5.755413 929.4678 -196.4208 -10.0721 927.7187 -194.5858 -5.755413 942.8611 -196.0908 -10.00141 944.4143 -171.6952 -9.999827 929.8066 -186.3344 -9.974943 922.9825 -173.2975 -5.755413 930.5691 -186.1002 -5.755413 924.7766 -196.4208 -10.0721 927.7187 -194.4022 -5.755413 929.4678 -186.3344 -9.974943 922.9825 -172.7618 -9.999827 943.0869 -174.4643 -5.755413 941.8472 -182.2814 -9.999827 949.7082 -183.034 -5.755413 947.9233 -183.034 -5.755413 947.9233 -194.5858 -5.755413 942.8611 -182.2814 -9.999827 949.7082 -196.0908 -10.00141 944.4143 -183.034 -5.755413 947.9233 -186.1002 -5.755413 924.7766 -194.5858 -5.755413 942.8611 -174.4643 -5.755413 941.8472 -194.4022 -5.755413 929.4678 -173.2975 -5.755413 930.5691 -294.3077 -5.755413 1005.577 -295.4746 -5.755413 1016.855 -292.7054 -9.999827 1004.815 -293.772 -9.999827 1018.095 -315.4124 -5.755413 1004.476 -317.4311 -10.0721 1002.727 -315.5961 -5.755413 1017.869 -317.101 -10.00141 1019.422 -292.7054 -9.999827 1004.815 -307.3446 -9.974943 997.9905 -294.3077 -5.755413 1005.577 -307.1105 -5.755413 999.7845 -307.3446 -9.974943 997.9905 -317.4311 -10.0721 1002.727 -315.4124 -5.755413 1004.476 -293.772 -9.999827 1018.095 -295.4746 -5.755413 1016.855 -303.2917 -9.999827 1024.716 -304.0442 -5.755413 1022.931 -304.0442 -5.755413 1022.931 -315.5961 -5.755413 1017.869 -303.2917 -9.999827 1024.716 -317.101 -10.00141 1019.422 -304.0442 -5.755413 1022.931 -295.4746 -5.755413 1016.855 -307.1105 -5.755413 999.7845 -315.5961 -5.755413 1017.869 -294.3077 -5.755413 1005.577 -315.4124 -5.755413 1004.476 -220.1312 -4.422351 968.8954 -198.1175 -4.422351 995.2261 -218.742 -9.938997 964.7021 -193.7831 -9.999725 995.2512 -198.1175 -4.422351 995.2261 -212.655 -4.422351 1018.798 -193.7831 -9.999725 995.2512 -210.2254 -9.999725 1023.332 -218.742 -9.938997 964.7021 -245.9573 -10.1763 964.413 -220.1312 -4.422351 968.8954 -243.3731 -4.422351 970.4063 -210.2254 -9.999725 1023.332 -212.655 -4.422351 1018.798 -238.194 -9.999725 1027.793 -237.9552 -4.422351 1023.066 -237.9552 -4.422351 1023.066 -257.9925 -4.422351 999.6713 -238.194 -9.999725 1027.793 -262.9518 -10.0036 1001.489 -262.9518 -10.0036 1001.489 -257.9925 -4.422351 999.6713 -245.9573 -10.1763 964.413 -243.3731 -4.422351 970.4063 -257.9925 -4.422351 999.6713 -220.1312 -4.422351 968.8954 -237.9552 -4.422351 1023.066 -212.655 -4.422351 1018.798 -198.1175 -4.422351 995.2261 -850.244 -5.755413 557.852 -842.7345 -5.755413 566.347 -849.7202 -9.999827 556.1566 -840.6694 -9.999827 565.9335 -865.3442 -5.755413 572.6371 -867.9982 -10.0721 572.9384 -855.6125 -5.755413 581.8408 -855.4885 -10.00141 584 -849.7202 -9.999827 556.1566 -864.6541 -9.974943 562.309 -850.244 -5.755413 557.852 -863.1753 -5.755413 563.3514 -864.6541 -9.974943 562.309 -867.9982 -10.0721 572.9384 -865.3442 -5.755413 572.6371 -840.6694 -9.999827 565.9335 -842.7345 -5.755413 566.347 -842.2425 -9.999827 577.4222 -844.0656 -5.755413 576.7675 -844.0656 -5.755413 576.7675 -855.6125 -5.755413 581.8408 -842.2425 -9.999827 577.4222 -855.4885 -10.00141 584 -844.0656 -5.755413 576.7675 -863.1753 -5.755413 563.3514 -855.6125 -5.755413 581.8408 -842.7345 -5.755413 566.347 -850.244 -5.755413 557.852 -865.3442 -5.755413 572.6371 -879.4637 -8.333918 593.8991 -876.5164 -8.333918 597.2333 -879.2582 -9.999765 593.2337 -875.7059 -9.999765 597.071 -885.3903 -8.333918 599.702 -886.4319 -10.02813 599.8203 -881.5708 -8.333918 603.3143 -881.5222 -10.00039 604.1617 -879.2582 -9.999765 593.2337 -885.1194 -9.989999 595.6484 -879.4637 -8.333918 593.8991 -884.5391 -8.333918 596.0576 -886.4319 -10.02813 599.8203 -885.3903 -8.333918 599.702 -885.1194 -9.989999 595.6484 -875.7059 -9.999765 597.071 -876.5164 -8.333918 597.2333 -876.3234 -9.999765 601.5801 -877.0389 -8.333918 601.3231 -877.0389 -8.333918 601.3231 -881.5708 -8.333918 603.3143 -876.3234 -9.999765 601.5801 -881.5222 -10.00039 604.1617 -877.0389 -8.333918 601.3231 -876.5164 -8.333918 597.2333 -884.5391 -8.333918 596.0576 -881.5708 -8.333918 603.3143 -879.4637 -8.333918 593.8991 -885.3903 -8.333918 599.702 635.6552 -7.855567 807.4886 631.2679 -7.855567 811.1711 636.5046 -9.999777 807.7751 631.45 -9.999777 812.2193 628.3839 -7.855567 799.6713 628.2661 -10.03629 798.3271 623.6099 -7.855567 804.4669 622.5179 -10.00058 804.5016 636.5046 -9.999777 807.7751 633.5909 -9.987206 800.1536 635.6552 -7.855567 807.4886 633.0453 -7.855567 800.8868 628.2661 -10.03629 798.3271 628.3839 -7.855567 799.6713 633.5909 -9.987206 800.1536 631.45 -9.999777 812.2193 631.2679 -7.855567 811.1711 625.6683 -9.999777 811.2762 626.0226 -7.855567 810.364 626.0226 -7.855567 810.364 623.6099 -7.855567 804.4669 625.6683 -9.999777 811.2762 622.5179 -10.00058 804.5016 626.0226 -7.855567 810.364 633.0453 -7.855567 800.8868 623.6099 -7.855567 804.4669 631.2679 -7.855567 811.1711 635.6552 -7.855567 807.4886 628.3839 -7.855567 799.6713 537.2347 -7.855579 814.7308 545.6975 -7.855579 824.8533 537.7687 -9.976379 813.1188 547.3638 -9.999725 824.8629 545.6975 -7.855579 824.8533 540.1088 -7.855579 833.9152 547.3638 -9.999725 824.8629 541.0428 -9.999725 835.6583 537.7687 -9.976379 813.1188 527.3062 -10.06761 813.0076 537.2347 -7.855579 814.7308 528.2996 -7.855579 815.3116 541.0428 -9.999725 835.6583 540.1088 -7.855579 833.9152 530.2907 -9.999725 837.3732 530.3825 -7.855579 835.556 530.3825 -7.855579 835.556 522.6794 -7.855579 826.5622 530.2907 -9.999725 837.3732 520.7729 -10.00121 827.261 520.7729 -10.00121 827.261 522.6794 -7.855579 826.5622 527.3062 -10.06761 813.0076 528.2996 -7.855579 815.3116 522.6794 -7.855579 826.5622 537.2347 -7.855579 814.7308 530.3825 -7.855579 835.556 540.1088 -7.855579 833.9152 545.6975 -7.855579 824.8533 306.8948 -7.855579 612.6259 315.3577 -7.855579 622.7484 307.4289 -9.976379 611.0138 317.024 -9.999725 622.7579 315.3577 -7.855579 622.7484 309.7689 -7.855579 631.8102 317.024 -9.999725 622.7579 310.703 -9.999725 633.5533 307.4289 -9.976379 611.0138 296.9663 -10.06761 610.9026 306.8948 -7.855579 612.6259 297.9598 -7.855579 613.2067 310.703 -9.999725 633.5533 309.7689 -7.855579 631.8102 299.9508 -9.999725 635.2682 300.0426 -7.855579 633.451 300.0426 -7.855579 633.451 292.3395 -7.855579 624.4572 299.9508 -9.999725 635.2682 290.433 -10.00121 625.156 290.433 -10.00121 625.156 292.3395 -7.855579 624.4572 296.9663 -10.06761 610.9026 297.9598 -7.855579 613.2067 292.3395 -7.855579 624.4572 306.8948 -7.855579 612.6259 300.0426 -7.855579 633.451 309.7689 -7.855579 631.8102 315.3577 -7.855579 622.7484 263.7947 -7.855579 579.9318 272.2576 -7.855579 590.0543 264.3288 -9.976379 578.3198 273.9239 -9.999725 590.0639 272.2576 -7.855579 590.0543 266.6688 -7.855579 599.1161 273.9239 -9.999725 590.0639 267.6029 -9.999725 600.8593 264.3288 -9.976379 578.3198 253.8662 -10.06761 578.2086 263.7947 -7.855579 579.9318 254.8597 -7.855579 580.5126 267.6029 -9.999725 600.8593 266.6688 -7.855579 599.1161 256.8507 -9.999725 602.5742 256.9425 -7.855579 600.757 256.9425 -7.855579 600.757 249.2395 -7.855579 591.7632 256.8507 -9.999725 602.5742 247.3329 -10.00121 592.462 247.3329 -10.00121 592.462 249.2395 -7.855579 591.7632 253.8662 -10.06761 578.2086 254.8597 -7.855579 580.5126 249.2395 -7.855579 591.7632 263.7947 -7.855579 579.9318 256.9425 -7.855579 600.757 266.6688 -7.855579 599.1161 272.2576 -7.855579 590.0543 82.8354 -7.855567 707.9227 78.44808 -7.855567 711.6051 83.68482 -9.999777 708.2091 78.63017 -9.999777 712.6533 75.56406 -7.855567 700.1053 75.44631 -10.03629 698.7612 70.79008 -7.855567 704.9009 69.69806 -10.00058 704.9356 83.68482 -9.999777 708.2091 80.77106 -9.987206 700.5876 82.8354 -7.855567 707.9227 80.22549 -7.855567 701.3209 80.77106 -9.987206 700.5876 75.44631 -10.03629 698.7612 75.56406 -7.855567 700.1053 78.63017 -9.999777 712.6533 78.44808 -7.855567 711.6051 72.84852 -9.999777 711.7102 73.20279 -7.855567 710.798 73.20279 -7.855567 710.798 70.79008 -7.855567 704.9009 72.84852 -9.999777 711.7102 69.69806 -10.00058 704.9356 73.20279 -7.855567 710.798 78.44808 -7.855567 711.6051 80.22549 -7.855567 701.3209 70.79008 -7.855567 704.9009 82.8354 -7.855567 707.9227 75.56406 -7.855567 700.1053 -657.7453 -7.855579 920.2458 -649.2825 -7.855579 930.3683 -657.2112 -9.976379 918.6338 -647.6161 -9.999725 930.3779 -649.2825 -7.855579 930.3683 -654.8712 -7.855579 939.4302 -647.6161 -9.999725 930.3779 -653.9371 -9.999725 941.1733 -657.2112 -9.976379 918.6338 -667.6738 -10.06761 918.5226 -657.7453 -7.855579 920.2458 -666.6804 -7.855579 920.8267 -653.9371 -9.999725 941.1733 -654.8712 -7.855579 939.4302 -664.6893 -9.999725 942.8882 -664.5975 -7.855579 941.071 -664.5975 -7.855579 941.071 -672.3006 -7.855579 932.0772 -664.6893 -9.999725 942.8882 -674.2071 -10.00121 932.776 -674.2071 -10.00121 932.776 -672.3006 -7.855579 932.0772 -667.6738 -10.06761 918.5226 -666.6804 -7.855579 920.8267 -672.3006 -7.855579 932.0772 -657.7453 -7.855579 920.2458 -664.5975 -7.855579 941.071 -654.8712 -7.855579 939.4302 -649.2825 -7.855579 930.3683 -621.3848 -7.855567 894.9267 -625.7722 -7.855567 898.6091 -620.5354 -9.999777 895.2131 -625.59 -9.999777 899.6573 -628.6562 -7.855567 887.1094 -628.7739 -10.03629 885.7652 -633.4301 -7.855567 891.905 -634.5222 -10.00058 891.9396 -620.5354 -9.999777 895.2131 -623.4492 -9.987206 887.5916 -621.3848 -7.855567 894.9267 -623.9948 -7.855567 888.3249 -623.4492 -9.987206 887.5916 -628.7739 -10.03629 885.7652 -628.6562 -7.855567 887.1094 -625.59 -9.999777 899.6573 -625.7722 -7.855567 898.6091 -631.3717 -9.999777 898.7142 -631.0175 -7.855567 897.802 -631.0175 -7.855567 897.802 -633.4301 -7.855567 891.905 -631.3717 -9.999777 898.7142 -634.5222 -10.00058 891.9396 -631.0175 -7.855567 897.802 -625.7722 -7.855567 898.6091 -623.9948 -7.855567 888.3249 -633.4301 -7.855567 891.905 -621.3848 -7.855567 894.9267 -628.6562 -7.855567 887.1094 -606.2149 -7.855567 926.9366 -610.6022 -7.855567 930.6191 -605.3655 -9.999777 927.2231 -610.4201 -9.999777 931.6673 -613.4863 -7.855567 919.1193 -613.604 -10.03629 917.7751 -618.2602 -7.855567 923.9149 -619.3522 -10.00058 923.9496 -605.3655 -9.999777 927.2231 -608.2792 -9.987206 919.6016 -606.2149 -7.855567 926.9366 -608.8248 -7.855567 920.3348 -608.2792 -9.987206 919.6016 -613.604 -10.03629 917.7751 -613.4863 -7.855567 919.1193 -610.4201 -9.999777 931.6673 -610.6022 -7.855567 930.6191 -616.2018 -9.999777 930.7242 -615.8475 -7.855567 929.812 -615.8475 -7.855567 929.812 -618.2602 -7.855567 923.9149 -616.2018 -9.999777 930.7242 -619.3522 -10.00058 923.9496 -615.8475 -7.855567 929.812 -610.6022 -7.855567 930.6191 -608.8248 -7.855567 920.3348 -618.2602 -7.855567 923.9149 -606.2149 -7.855567 926.9366 -613.4863 -7.855567 919.1193 -1568.955 -7.855567 948.6317 -1573.342 -7.855567 952.3141 -1568.105 -9.999777 948.9181 -1573.16 -9.999777 953.3623 -1576.226 -7.855567 940.8143 -1576.344 -10.03629 939.4702 -1581 -7.855567 945.6099 -1582.092 -10.00058 945.6446 -1568.105 -9.999777 948.9181 -1571.019 -9.987206 941.2966 -1568.955 -7.855567 948.6317 -1571.565 -7.855567 942.0298 -1576.344 -10.03629 939.4702 -1576.226 -7.855567 940.8143 -1571.019 -9.987206 941.2966 -1573.16 -9.999777 953.3623 -1573.342 -7.855567 952.3141 -1578.942 -9.999777 952.4192 -1578.587 -7.855567 951.507 -1578.587 -7.855567 951.507 -1581 -7.855567 945.6099 -1578.942 -9.999777 952.4192 -1582.092 -10.00058 945.6446 -1578.587 -7.855567 951.507 -1571.565 -7.855567 942.0298 -1581 -7.855567 945.6099 -1573.342 -7.855567 952.3141 -1576.226 -7.855567 940.8143 -1568.955 -7.855567 948.6317 -1552.685 -7.855567 918.8007 -1557.072 -7.855567 922.4831 -1551.836 -9.999777 919.0871 -1556.89 -9.999777 923.5313 -1559.956 -7.855567 910.9833 -1560.074 -10.03629 909.6392 -1564.73 -7.855567 915.7789 -1565.822 -10.00058 915.8136 -1551.836 -9.999777 919.0871 -1554.749 -9.987206 911.4656 -1552.685 -7.855567 918.8007 -1555.295 -7.855567 912.1989 -1554.749 -9.987206 911.4656 -1560.074 -10.03629 909.6392 -1559.956 -7.855567 910.9833 -1556.89 -9.999777 923.5313 -1557.072 -7.855567 922.4831 -1562.672 -9.999777 922.5882 -1562.318 -7.855567 921.676 -1562.318 -7.855567 921.676 -1564.73 -7.855567 915.7789 -1562.672 -9.999777 922.5882 -1565.822 -10.00058 915.8136 -1562.318 -7.855567 921.676 -1557.072 -7.855567 922.4831 -1555.295 -7.855567 912.1989 -1564.73 -7.855567 915.7789 -1552.685 -7.855567 918.8007 -1559.956 -7.855567 910.9833 -1475.227 -5.082813 935.2531 -1485.385 -5.082813 963.7535 -1471.42 -9.946189 934.433 -1483.465 -9.999725 967.0575 -1485.385 -5.082813 963.7535 -1509.794 -5.082813 963.2518 -1483.465 -9.999725 967.0575 -1512.152 -9.999725 967.1255 -1471.42 -9.946189 934.433 -1483.372 -10.15539 913.6281 -1475.227 -5.082813 935.2531 -1486.77 -5.082813 918.2719 -1512.152 -9.999725 967.1255 -1509.794 -5.082813 963.2518 -1528.05 -9.999725 947.8727 -1524.353 -5.082813 945.9401 -1524.353 -5.082813 945.9401 -1515.541 -5.082813 920.2542 -1528.05 -9.999725 947.8727 -1519.14 -10.00314 917.2996 -1519.14 -10.00314 917.2996 -1515.541 -5.082813 920.2542 -1483.372 -10.15539 913.6281 -1486.77 -5.082813 918.2719 -1515.541 -5.082813 920.2542 -1475.227 -5.082813 935.2531 -1524.353 -5.082813 945.9401 -1509.794 -5.082813 963.2518 -1485.385 -5.082813 963.7535 -4887.747 22.47761 617.6396 -4897.429 22.47761 626.6024 -4886.11 20.02363 618.0917 -4897.355 20.00027 628.267 -4897.429 22.47761 626.6024 -4906.762 22.47761 621.4779 -4897.355 20.00027 628.267 -4908.456 20.00027 622.4987 -4888.778 22.47761 608.7452 -4886.527 19.93239 607.6367 -4900.297 22.47761 603.6998 -4901.091 19.99879 601.831 -4886.11 20.02363 618.0917 -4886.527 19.93239 607.6367 -4887.747 22.47761 617.6396 -4888.778 22.47761 608.7452 -4908.456 20.00027 622.4987 -4906.762 22.47761 621.4779 -4910.71 20.00027 611.8469 -4908.892 22.47761 611.8469 -4908.892 22.47761 611.8469 -4900.297 22.47761 603.6998 -4910.71 20.00027 611.8469 -4901.091 19.99879 601.831 -4908.892 22.47761 611.8469 -4887.747 22.47761 617.6396 -4900.297 22.47761 603.6998 -4906.762 22.47761 621.4779 -4888.778 22.47761 608.7452 -4897.429 22.47761 626.6024 -4920.72 20.0001 1105 -4926.849 28.61856 1110.274 -4919.679 27.12254 1114.243 -4922.416 30.922 1126.041 -4934.182 33.3776 1119.526 -4926.132 31.38307 1133.389 -4937.25 33.70329 1127.234 -4937.376 29.75939 1142.754 -4920.72 20.0001 1105 -4917.37 26.61697 1118.469 -4907.376 27.24974 1115.532 -4903.38 30.09784 1123.635 -4913.554 29.45367 1126.625 -4904.328 30.50827 1136.202 -4916.089 26.41769 1090.959 -4926.99 25.60779 1095.625 -4920.72 20.0001 1105 -4916.089 26.41769 1090.959 -4929.644 27.25395 1088.628 -4918.688 27.84753 1084.498 -4930.046 28.29567 1075.46 -4929.644 27.25395 1088.628 -4926.245 23.95851 1098.774 -4932.775 26.80035 1094.995 -4928.813 24.01019 1105.114 -4943.611 27.54435 1095.16 -4935.683 26.32639 1103.257 -4935.683 26.32639 1103.257 -4920.72 20.0001 1105 -4905.31 30.00935 1113.898 -4901.659 26.89953 1102.347 -4893.023 29.95572 1106.197 -4895.698 32.23485 1114.663 -4882.875 32.15908 1114.145 -4920.72 20.0001 1105 -4907.818 30.19593 1102.17 -4912.6 30.53281 1092.627 -4895.854 32.75873 1094.385 -4899.359 33.00564 1087.391 -4889.218 32.69751 1086.584 -4920.72 20.0001 1105 -4926.245 23.95851 1098.774 -4928.813 24.01019 1105.114 -5685.247 22.47761 3328.401 -5694.929 22.47761 3337.364 -5683.61 20.02363 3328.853 -5694.855 20.00027 3339.028 -5694.929 22.47761 3337.364 -5704.262 22.47761 3332.239 -5694.855 20.00027 3339.028 -5705.956 20.00027 3333.26 -5686.278 22.47761 3319.506 -5684.027 19.93239 3318.398 -5697.797 22.47761 3314.461 -5698.591 19.99879 3312.592 -5683.61 20.02363 3328.853 -5684.027 19.93239 3318.398 -5685.247 22.47761 3328.401 -5686.278 22.47761 3319.506 -5705.956 20.00027 3333.26 -5704.262 22.47761 3332.239 -5708.21 20.00027 3322.608 -5706.392 22.47761 3322.608 -5706.392 22.47761 3322.608 -5697.797 22.47761 3314.461 -5708.21 20.00027 3322.608 -5698.591 19.99879 3312.592 -5706.392 22.47761 3322.608 -5685.247 22.47761 3328.401 -5697.797 22.47761 3314.461 -5704.262 22.47761 3332.239 -5686.278 22.47761 3319.506 -5694.929 22.47761 3337.364 -5660.29 20 4190.32 -5660.621 28.61846 4182.242 -5668.183 27.12244 4185.399 -5663.323 33.3775 4170.749 -5675.735 30.92191 4175.931 -5667.462 33.70319 4163.559 -5679.189 31.38297 4168.456 -5679.553 29.75929 4153.827 -5660.29 20 4190.32 -5672.93 26.61687 4184.586 -5676.83 27.24964 4194.245 -5681.693 29.45357 4182.516 -5685.664 30.09774 4192.348 -5694.929 30.50817 4183.805 -5652.156 26.41759 4202.667 -5649.048 25.60769 4191.223 -5660.29 20 4190.32 -5652.156 26.41759 4202.667 -5641.915 27.25385 4193.485 -5645.478 27.84743 4204.639 -5631.34 28.29557 4201.343 -5641.915 27.25385 4193.485 -5651.979 23.95841 4189.853 -5644.964 26.80025 4187.078 -5655.356 24.01009 4183.904 -5638.366 27.54425 4178.48 -5649.636 26.32629 4179.67 -5649.636 26.32629 4179.67 -5660.29 20 4190.32 -5676.832 30.00925 4196.879 -5670.041 26.89943 4206.911 -5678.42 29.95562 4211.292 -5683.398 32.23475 4203.94 -5690.951 32.15898 4214.316 -5660.29 20 4190.32 -5666.08 30.19583 4202.193 -5655.63 30.53271 4204.367 -5667.402 32.75863 4216.405 -5659.743 33.00554 4217.998 -5665.404 32.69741 4226.45 -5660.29 20 4190.32 -5651.979 23.95841 4189.853 -5655.356 24.01009 4183.904 -5650 20 2325 -5650.331 28.61846 2316.922 -5657.893 27.12244 2320.079 -5653.033 33.3775 2305.429 -5665.445 30.92191 2310.611 -5657.172 33.70319 2298.239 -5668.899 31.38297 2303.136 -5669.263 29.75929 2288.507 -5650 20 2325 -5662.64 26.61687 2319.267 -5666.54 27.24964 2328.925 -5671.403 29.45357 2317.196 -5675.374 30.09774 2327.028 -5684.639 30.50817 2318.485 -5641.866 26.41759 2337.347 -5638.758 25.60769 2325.903 -5650 20 2325 -5641.866 26.41759 2337.347 -5631.625 27.25385 2328.166 -5635.188 27.84743 2339.319 -5621.05 28.29557 2336.023 -5631.625 27.25385 2328.166 -5641.689 23.95841 2324.533 -5634.674 26.80025 2321.759 -5645.066 24.01009 2318.584 -5628.076 27.54425 2313.16 -5639.346 26.32629 2314.351 -5639.346 26.32629 2314.351 -5650 20 2325 -5666.542 30.00925 2331.559 -5659.75 26.89943 2341.592 -5668.13 29.95562 2345.973 -5673.108 32.23475 2338.62 -5680.661 32.15898 2348.997 -5650 20 2325 -5655.79 30.19583 2336.873 -5645.34 30.53271 2339.047 -5649.453 33.00554 2352.678 -5657.112 32.75863 2351.085 -5655.114 32.69741 2361.13 -5650 20 2325 -5641.689 23.95841 2324.533 -5645.066 24.01009 2318.584 -4189.892 19.99879 2365.372 -4189.098 22.47761 2367.241 -4175.328 19.93239 2371.178 -4177.579 22.47761 2372.286 -4199.511 20.00027 2375.388 -4197.692 22.47761 2375.388 -4189.098 22.47761 2367.241 -4189.892 19.99879 2365.372 -4177.579 22.47761 2372.286 -4176.547 22.47761 2381.181 -4175.328 19.93239 2371.178 -4176.547 22.47761 2381.181 -4189.098 22.47761 2367.241 -4197.692 22.47761 2375.388 -4177.579 22.47761 2372.286 -4174.911 20.02363 2381.633 -4195.563 22.47761 2385.019 -4199.511 20.00027 2375.388 -4197.257 20.00027 2386.04 -4195.563 22.47761 2385.019 -4197.692 22.47761 2375.388 -4174.911 20.02363 2381.633 -4176.547 22.47761 2381.181 -4186.23 22.47761 2390.144 -4186.23 22.47761 2390.144 -4186.156 20.00027 2391.808 -4197.257 20.00027 2386.04 -4186.156 20.00027 2391.808 -4195.563 22.47761 2385.019 -4186.23 22.47761 2390.144 -4564.34 20 3246.89 -4560.692 27.87606 3238.871 -4568.748 28.92553 3240.713 -4573.138 34.35083 3230.111 -4559.916 32.62842 3227.087 -4575.04 35.45476 3222.162 -4562.546 33.82735 3219.305 -4573.547 33.2612 3207.68 -4564.34 20 3246.89 -4573.224 29.85142 3239.115 -4578.226 32.14543 3247.981 -4580.229 35.11559 3235.602 -4585.322 37.45105 3244.628 -4592.516 40.22486 3234.65 -4556.7 24.26182 3260.427 -4552.21 21.94827 3249.668 -4564.34 20 3246.89 -4556.7 24.26182 3260.427 -4545.375 21.45388 3253.096 -4550.313 23.6857 3263.493 -4536.396 19.62589 3262.619 -4545.375 21.45388 3253.096 -4555.249 21.20314 3247.825 -4547.351 21.62007 3246.268 -4557.449 21.97373 3241.394 -4539.563 19.86687 3238.9 -4550.694 22.21019 3238.181 -4550.694 22.21019 3238.181 -4564.34 20 3246.89 -4577.794 34.90702 3250.578 -4573.993 30.399 3261.608 -4584.388 39.39425 3256.436 -4581.602 36.09031 3264.52 -4593.148 42.16682 3265.396 -4564.34 20 3246.89 -4568.506 32.0792 3257.622 -4558.954 29.32326 3261.52 -4571.222 35.65855 3271.41 -4564.22 33.63865 3274.266 -4570.973 35.51304 3281.648 -4564.34 20 3246.89 -4555.249 21.20314 3247.825 -4557.449 21.97373 3241.394 -4564.9 20 4625.71 -4572.702 28.61846 4623.589 -4571.973 27.12244 4631.751 -4583.278 30.92191 4636.095 -4584.475 33.3775 4622.698 -4591.447 31.38297 4637.133 -4592.578 33.70319 4624.476 -4605.504 29.75929 4633.067 -4564.9 20 4625.71 -4574.179 26.61687 4636.032 -4566.147 27.24964 4642.664 -4578.796 29.45357 4643.762 -4570.62 30.09774 4650.514 -4581.56 30.50817 4656.771 -4550.675 26.41759 4621.679 -4560.647 25.60769 4615.265 -4564.9 20 4625.71 -4550.675 26.41759 4621.679 -4556.339 27.25385 4609.145 -4546.78 27.84743 4615.907 -4545.657 28.29557 4601.434 -4556.339 27.25385 4609.145 -4562.838 23.95841 4617.645 -4563.367 26.80025 4610.12 -4569.529 24.01009 4619.071 -4569.575 27.54425 4601.236 -4571.839 26.32629 4612.34 -4571.839 26.32629 4612.34 -4564.9 20 4625.71 -4563.636 30.00925 4643.46 -4552.022 26.89943 4640.011 -4550.374 29.95562 4649.322 -4558.885 32.23475 4651.85 -4551.27 32.15898 4662.181 -4564.9 20 4625.71 -4555.327 30.19583 4634.812 -4550.102 30.53271 4625.504 -4538.346 33.00554 4633.537 -4542.175 32.75863 4640.359 -4531.996 32.69741 4641.485 -4564.9 20 4625.71 -4562.838 23.95841 4617.645 -4569.529 24.01009 4619.071 -4731.547 22.47761 3766.081 -4741.23 22.47761 3775.043 -4729.911 20.02363 3766.533 -4741.156 20.00027 3776.708 -4741.23 22.47761 3775.043 -4750.563 22.47761 3769.919 -4741.156 20.00027 3776.708 -4752.257 20.00027 3770.94 -4732.579 22.47761 3757.186 -4730.328 19.93239 3756.078 -4744.098 22.47761 3752.141 -4744.892 19.99879 3750.272 -4729.911 20.02363 3766.533 -4730.328 19.93239 3756.078 -4731.547 22.47761 3766.081 -4732.579 22.47761 3757.186 -4752.257 20.00027 3770.94 -4750.563 22.47761 3769.919 -4754.511 20.00027 3760.288 -4752.692 22.47761 3760.288 -4752.692 22.47761 3760.288 -4744.098 22.47761 3752.141 -4754.511 20.00027 3760.288 -4744.892 19.99879 3750.272 -4752.692 22.47761 3760.288 -4731.547 22.47761 3766.081 -4744.098 22.47761 3752.141 -4750.563 22.47761 3769.919 -4732.579 22.47761 3757.186 -4741.23 22.47761 3775.043 -4679.924 23.83035 3803.325 -4694.894 23.83036 3817.182 -4677.393 20.03638 3804.024 -4694.779 20.00027 3819.756 -4694.894 23.83036 3817.182 -4709.322 23.83036 3809.26 -4694.779 20.00027 3819.756 -4711.941 20.00027 3810.838 -4681.519 23.83035 3789.574 -4678.039 19.89533 3787.86 -4699.327 23.83036 3781.773 -4700.556 19.99798 3778.884 -4677.393 20.03638 3804.024 -4678.039 19.89533 3787.86 -4679.924 23.83035 3803.325 -4681.519 23.83035 3789.574 -4711.941 20.00027 3810.838 -4709.322 23.83036 3809.26 -4715.427 20.00027 3794.369 -4712.615 23.83036 3794.369 -4712.615 23.83036 3794.369 -4699.327 23.83036 3781.773 -4715.427 20.00027 3794.369 -4700.556 19.99798 3778.884 -4712.615 23.83036 3794.369 -4679.924 23.83035 3803.325 -4699.327 23.83036 3781.773 -4709.322 23.83036 3809.26 -4681.519 23.83035 3789.574 -4694.894 23.83036 3817.182 692.9251 1720.597 -794.8557 690.0153 1693.353 -794.8557 696.1035 1722.125 -799.9515 692.4067 1690.852 -800 690.0153 1693.353 -794.8557 668.4178 1688.628 -794.8557 692.4067 1690.852 -800 667.1628 1684.719 -800 679.1685 1733.105 -794.8557 681.1763 1737.913 -800.1409 654.2565 1725.269 -794.8557 650.4615 1727.107 -800.0031 696.1035 1722.125 -799.9515 681.1763 1737.913 -800.1409 692.9251 1720.597 -794.8557 679.1685 1733.105 -794.8557 667.1628 1684.719 -800 668.4178 1688.628 -794.8557 649.0908 1698.305 -800 651.9363 1700.788 -794.8557 651.9363 1700.788 -794.8557 654.2565 1725.269 -794.8557 649.0908 1698.305 -800 650.4615 1727.107 -800.0031 651.9363 1700.788 -794.8557 692.9251 1720.597 -794.8557 654.2565 1725.269 -794.8557 668.4178 1688.628 -794.8557 679.1685 1733.105 -794.8557 690.0153 1693.353 -794.8557 629.6708 1745.095 -797.3951 642.7327 1740.419 -797.3951 629.2973 1746.841 -799.9755 644.2484 1741.298 -800 642.7327 1740.419 -797.3951 642.4871 1729.227 -797.3951 644.2484 1741.298 -800 644.2614 1728.144 -800 621.8768 1739.814 -797.3951 619.7495 1741.375 -800.0714 622.7673 1726.62 -797.3951 621.4105 1724.971 -800.0016 629.2973 1746.841 -799.9755 619.7495 1741.375 -800.0714 629.6708 1745.095 -797.3951 621.8768 1739.814 -797.3951 644.2614 1728.144 -800 642.4871 1729.227 -797.3951 635.423 1720.867 -800 634.5395 1722.563 -797.3951 634.5395 1722.563 -797.3951 622.7673 1726.62 -797.3951 635.423 1720.867 -800 621.4105 1724.971 -800.0016 634.5395 1722.563 -797.3951 629.6708 1745.095 -797.3951 622.7673 1726.62 -797.3951 642.4871 1729.227 -797.3951 621.8768 1739.814 -797.3951 642.7327 1740.419 -797.3951 661.7628 1769.802 -797.3951 671.9215 1760.353 -797.3951 662.1082 1771.554 -799.9755 673.661 1760.563 -800 671.9215 1760.353 -797.3951 667.2814 1750.165 -797.3951 673.661 1760.563 -800 668.4847 1748.47 -800 652.5175 1768.023 -797.3951 651.1782 1770.296 -800.0714 648.132 1755.547 -797.3951 646.2349 1754.567 -800.0016 662.1082 1771.554 -799.9755 651.1782 1770.296 -800.0714 661.7628 1769.802 -797.3951 652.5175 1768.023 -797.3951 668.4847 1748.47 -800 667.2814 1750.165 -797.3951 657.4928 1745.269 -800 657.3499 1747.176 -797.3951 657.3499 1747.176 -797.3951 648.132 1755.547 -797.3951 657.4928 1745.269 -800 646.2349 1754.567 -800.0016 657.3499 1747.176 -797.3951 661.7628 1769.802 -797.3951 648.132 1755.547 -797.3951 667.2814 1750.165 -797.3951 652.5175 1768.023 -797.3951 671.9215 1760.353 -797.3951 688.9455 1760.151 -797.3951 702.0074 1755.475 -797.3951 688.572 1761.897 -799.9755 703.523 1756.354 -800 702.0074 1755.475 -797.3951 701.7617 1744.283 -797.3951 703.523 1756.354 -800 703.5361 1743.2 -800 681.1514 1754.87 -797.3951 679.0242 1756.43 -800.0714 682.0419 1741.676 -797.3951 680.6851 1740.027 -800.0016 688.572 1761.897 -799.9755 679.0242 1756.43 -800.0714 688.9455 1760.151 -797.3951 681.1514 1754.87 -797.3951 703.5361 1743.2 -800 701.7617 1744.283 -797.3951 694.6977 1735.923 -800 693.8141 1737.619 -797.3951 693.8141 1737.619 -797.3951 682.0419 1741.676 -797.3951 694.6977 1735.923 -800 680.6851 1740.027 -800.0016 693.8141 1737.619 -797.3951 688.9455 1760.151 -797.3951 682.0419 1741.676 -797.3951 701.7617 1744.283 -797.3951 681.1514 1754.87 -797.3951 702.0074 1755.475 -797.3951 303.8108 1676.001 -797.3951 316.8727 1671.325 -797.3951 303.4373 1677.747 -799.9755 318.3883 1672.204 -800 316.8727 1671.325 -797.3951 316.627 1660.133 -797.3951 318.3883 1672.204 -800 318.4014 1659.05 -800 296.0168 1670.72 -797.3951 293.8895 1672.28 -800.0714 296.9073 1657.526 -797.3951 295.5505 1655.877 -800.0016 303.4373 1677.747 -799.9755 293.8895 1672.28 -800.0714 303.8108 1676.001 -797.3951 296.0168 1670.72 -797.3951 318.4014 1659.05 -800 316.627 1660.133 -797.3951 309.563 1651.773 -800 308.6795 1653.469 -797.3951 308.6795 1653.469 -797.3951 296.9073 1657.526 -797.3951 309.563 1651.773 -800 295.5505 1655.877 -800.0016 308.6795 1653.469 -797.3951 303.8108 1676.001 -797.3951 296.9073 1657.526 -797.3951 316.627 1660.133 -797.3951 296.0168 1670.72 -797.3951 316.8727 1671.325 -797.3951 1284.98 1658.558 -797.3951 1298.042 1653.882 -797.3951 1284.606 1660.304 -799.9755 1299.557 1654.761 -800 1298.042 1653.882 -797.3951 1297.796 1642.69 -797.3951 1299.557 1654.761 -800 1299.571 1641.607 -800 1277.186 1653.277 -797.3951 1275.059 1654.837 -800.0714 1278.076 1640.083 -797.3951 1276.72 1638.434 -800.0016 1284.606 1660.304 -799.9755 1275.059 1654.837 -800.0714 1284.98 1658.558 -797.3951 1277.186 1653.277 -797.3951 1299.571 1641.607 -800 1297.796 1642.69 -797.3951 1290.732 1634.33 -800 1289.849 1636.026 -797.3951 1289.849 1636.026 -797.3951 1278.076 1640.083 -797.3951 1290.732 1634.33 -800 1276.72 1638.434 -800.0016 1289.849 1636.026 -797.3951 1284.98 1658.558 -797.3951 1278.076 1640.083 -797.3951 1297.796 1642.69 -797.3951 1277.186 1653.277 -797.3951 1298.042 1653.882 -797.3951 1352.186 1705.178 -797.3951 1362.344 1695.73 -797.3951 1352.531 1706.93 -799.9755 1364.084 1695.94 -800 1362.344 1695.73 -797.3951 1357.704 1685.542 -797.3951 1364.084 1695.94 -800 1358.907 1683.846 -800 1342.94 1703.399 -797.3951 1341.601 1705.672 -800.0714 1338.555 1690.924 -797.3951 1336.658 1689.943 -800.0016 1352.531 1706.93 -799.9755 1341.601 1705.672 -800.0714 1352.186 1705.178 -797.3951 1342.94 1703.399 -797.3951 1358.907 1683.846 -800 1357.704 1685.542 -797.3951 1347.916 1680.646 -800 1347.773 1682.553 -797.3951 1347.773 1682.553 -797.3951 1338.555 1690.924 -797.3951 1347.916 1680.646 -800 1336.658 1689.943 -800.0016 1347.773 1682.553 -797.3951 1352.186 1705.178 -797.3951 1338.555 1690.924 -797.3951 1357.704 1685.542 -797.3951 1342.94 1703.399 -797.3951 1362.344 1695.73 -797.3951 2315.15 1657.559 -797.3951 2325.309 1648.11 -797.3951 2315.496 1659.311 -799.9755 2327.049 1648.32 -800 2325.309 1648.11 -797.3951 2320.669 1637.922 -797.3951 2327.049 1648.32 -800 2321.872 1636.227 -800 2305.905 1655.78 -797.3951 2304.566 1658.053 -800.0714 2301.52 1643.304 -797.3951 2299.623 1642.324 -800.0016 2315.496 1659.311 -799.9755 2304.566 1658.053 -800.0714 2315.15 1657.559 -797.3951 2305.905 1655.78 -797.3951 2321.872 1636.227 -800 2320.669 1637.922 -797.3951 2310.88 1633.026 -800 2310.738 1634.933 -797.3951 2310.738 1634.933 -797.3951 2301.52 1643.304 -797.3951 2310.88 1633.026 -800 2299.623 1642.324 -800.0016 2310.738 1634.933 -797.3951 2315.15 1657.559 -797.3951 2301.52 1643.304 -797.3951 2320.669 1637.922 -797.3951 2305.905 1655.78 -797.3951 2325.309 1648.11 -797.3951 1992.764 1647.197 -794.8557 1989.854 1619.954 -794.8557 1995.942 1648.725 -799.9515 1992.245 1617.453 -800 1989.854 1619.954 -794.8557 1968.256 1615.228 -794.8557 1992.245 1617.453 -800 1967.001 1611.319 -800 1979.007 1659.705 -794.8557 1981.015 1664.513 -800.1409 1954.095 1651.869 -794.8557 1950.3 1653.708 -800.0031 1995.942 1648.725 -799.9515 1981.015 1664.513 -800.1409 1992.764 1647.197 -794.8557 1979.007 1659.705 -794.8557 1967.001 1611.319 -800 1968.256 1615.228 -794.8557 1948.929 1624.905 -800 1951.775 1627.389 -794.8557 1951.775 1627.389 -794.8557 1954.095 1651.869 -794.8557 1948.929 1624.905 -800 1950.3 1653.708 -800.0031 1951.775 1627.389 -794.8557 1992.764 1647.197 -794.8557 1954.095 1651.869 -794.8557 1968.256 1615.228 -794.8557 1979.007 1659.705 -794.8557 1989.854 1619.954 -794.8557 1795.266 1692.169 -797.3951 1805.425 1682.72 -797.3951 1795.612 1693.921 -799.9755 1807.165 1682.93 -800 1805.425 1682.72 -797.3951 1800.785 1672.532 -797.3951 1807.165 1682.93 -800 1801.988 1670.837 -800 1786.021 1690.39 -797.3951 1784.682 1692.663 -800.0714 1781.636 1677.914 -797.3951 1779.739 1676.934 -800.0016 1795.612 1693.921 -799.9755 1784.682 1692.663 -800.0714 1795.266 1692.169 -797.3951 1786.021 1690.39 -797.3951 1801.988 1670.837 -800 1800.785 1672.532 -797.3951 1790.996 1667.636 -800 1790.854 1669.543 -797.3951 1790.854 1669.543 -797.3951 1781.636 1677.914 -797.3951 1790.996 1667.636 -800 1779.739 1676.934 -800.0016 1790.854 1669.543 -797.3951 1795.266 1692.169 -797.3951 1781.636 1677.914 -797.3951 1800.785 1672.532 -797.3951 1786.021 1690.39 -797.3951 1805.425 1682.72 -797.3951 3419.853 1869.664 -1279.423 3408.473 1854.783 -1268.044 3418.893 1868.911 -1284.229 3405.651 1852.017 -1271.042 3408.473 1854.783 -1268.044 3397.514 1863.304 -1257.085 3405.651 1852.017 -1271.042 3392.615 1861.61 -1258.005 3418.648 1884.44 -1278.219 3418.303 1886.28 -1283.853 3405.119 1892.832 -1264.69 3401.275 1895.938 -1266.669 3418.893 1868.911 -1284.229 3418.303 1886.28 -1283.853 3419.853 1869.664 -1279.423 3418.648 1884.44 -1278.219 3392.615 1861.61 -1258.005 3397.514 1863.304 -1257.085 3389.973 1879.307 -1255.363 3395.019 1879.305 -1254.59 3395.019 1879.305 -1254.59 3405.119 1892.832 -1264.69 3389.973 1879.307 -1255.363 3401.275 1895.938 -1266.669 3395.019 1879.305 -1254.59 3419.853 1869.664 -1279.423 3405.119 1892.832 -1264.69 3397.514 1863.304 -1257.085 3408.473 1854.783 -1268.044 3418.648 1884.44 -1278.219 3400.589 1917.718 -1263.032 3404.413 1908.025 -1266.856 3399.62 1918.966 -1264.983 3403.912 1907.757 -1269.302 3404.413 1908.025 -1266.856 3400.142 1901.412 -1262.586 3403.912 1907.757 -1269.302 3399.021 1899.825 -1264.412 3395.303 1918.638 -1257.746 3393.464 1920.698 -1258.935 3390.771 1910.221 -1253.215 3388.105 1909.942 -1253.498 3399.62 1918.966 -1264.983 3393.464 1920.698 -1258.935 3400.589 1917.718 -1263.032 3395.303 1918.638 -1257.746 3399.021 1899.825 -1264.412 3400.142 1901.412 -1262.586 3392.548 1900.094 -1257.938 3394.276 1901.581 -1256.72 3394.276 1901.581 -1256.72 3390.771 1910.221 -1253.215 3392.548 1900.094 -1257.938 3388.105 1909.942 -1253.498 3394.276 1901.581 -1256.72 3400.589 1917.718 -1263.032 3390.771 1910.221 -1253.215 3400.142 1901.412 -1262.586 3395.303 1918.638 -1257.746 3404.413 1908.025 -1266.856 3423.455 1915.71 -1285.899 3424.266 1904.67 -1286.71 3422.795 1916.583 -1288.158 3423.612 1903.881 -1289.002 3424.266 1904.67 -1286.71 3418.498 1900.975 -1280.941 3423.612 1903.881 -1289.002 3416.906 1899.32 -1282.296 3418.855 1919.505 -1281.298 3417.616 1921.579 -1283.088 3412.343 1914.297 -1274.787 3409.696 1914.705 -1275.088 3422.795 1916.583 -1288.158 3417.616 1921.579 -1283.088 3423.455 1915.71 -1285.899 3418.855 1919.505 -1281.298 3416.906 1899.32 -1282.296 3418.498 1900.975 -1280.941 3411.032 1903.178 -1276.422 3413.154 1904.402 -1275.598 3413.154 1904.402 -1275.598 3412.343 1914.297 -1274.787 3411.032 1903.178 -1276.422 3409.696 1914.705 -1275.088 3413.154 1904.402 -1275.598 3423.455 1915.71 -1285.899 3412.343 1914.297 -1274.787 3418.498 1900.975 -1280.941 3418.855 1919.505 -1281.298 3424.266 1904.67 -1286.71 3431.443 1895.588 -1293.886 3435.267 1885.895 -1297.71 3430.474 1896.836 -1295.837 3434.766 1885.627 -1300.157 3435.267 1885.895 -1297.71 3430.997 1879.282 -1293.44 3434.766 1885.627 -1300.157 3429.876 1877.696 -1295.266 3426.157 1896.509 -1288.601 3424.318 1898.568 -1289.789 3421.626 1888.091 -1284.069 3418.96 1887.812 -1284.352 3430.474 1896.836 -1295.837 3424.318 1898.568 -1289.789 3431.443 1895.588 -1293.886 3426.157 1896.509 -1288.601 3429.876 1877.696 -1295.266 3430.997 1879.282 -1293.44 3423.402 1877.964 -1288.793 3425.131 1879.451 -1287.574 3425.131 1879.451 -1287.574 3421.626 1888.091 -1284.069 3423.402 1877.964 -1288.793 3418.96 1887.812 -1284.352 3425.131 1879.451 -1287.574 3431.443 1895.588 -1293.886 3421.626 1888.091 -1284.069 3430.997 1879.282 -1293.44 3426.157 1896.509 -1288.601 3435.267 1885.895 -1297.71 3764.001 1959.327 -1625.562 3762.247 1948.509 -1623.807 3763.497 1959.788 -1627.977 3761.368 1947.388 -1625.876 3762.247 1948.509 -1623.807 3755.943 1947.647 -1617.504 3761.368 1947.388 -1625.876 3753.979 1946.135 -1618.487 3760.514 1965.02 -1622.075 3759.735 1966.857 -1624.323 3753.162 1963.067 -1614.723 3750.671 1963.989 -1615.181 3763.497 1959.788 -1627.977 3759.735 1966.857 -1624.323 3764.001 1959.327 -1625.562 3760.514 1965.02 -1622.075 3753.979 1946.135 -1618.487 3755.943 1947.647 -1617.504 3749.302 1952.47 -1613.81 3751.669 1953.332 -1613.23 3751.669 1953.332 -1613.23 3753.162 1963.067 -1614.723 3749.302 1952.47 -1613.81 3750.671 1963.989 -1615.181 3751.669 1953.332 -1613.23 3764.001 1959.327 -1625.562 3753.162 1963.067 -1614.723 3755.943 1947.647 -1617.504 3760.514 1965.02 -1622.075 3762.247 1948.509 -1623.807 3228.589 1835.832 -1089.697 3226.134 1820.693 -1087.241 3227.884 1836.477 -1093.077 3224.905 1819.125 -1090.136 3226.134 1820.693 -1087.241 3217.313 1819.488 -1078.421 3224.905 1819.125 -1090.136 3214.565 1817.372 -1079.797 3223.71 1843.798 -1084.817 3222.619 1846.369 -1087.964 3213.422 1841.065 -1074.529 3209.936 1842.355 -1075.17 3227.884 1836.477 -1093.077 3222.619 1846.369 -1087.964 3228.589 1835.832 -1089.697 3223.71 1843.798 -1084.817 3214.565 1817.372 -1079.797 3217.313 1819.488 -1078.421 3208.02 1826.236 -1073.251 3211.333 1827.443 -1072.44 3211.333 1827.443 -1072.44 3213.422 1841.065 -1074.529 3208.02 1826.236 -1073.251 3209.936 1842.355 -1075.17 3211.333 1827.443 -1072.44 3217.313 1819.488 -1078.421 3228.589 1835.832 -1089.697 3213.422 1841.065 -1074.529 3226.134 1820.693 -1087.241 3223.71 1843.798 -1084.817 3802.37 1924.907 -1663.821 3800.615 1914.089 -1662.066 3801.866 1925.369 -1666.236 3799.736 1912.968 -1664.135 3800.615 1914.089 -1662.066 3794.312 1913.228 -1655.763 3799.736 1912.968 -1664.135 3792.348 1911.716 -1656.746 3798.883 1930.6 -1660.334 3798.103 1932.438 -1662.583 3791.531 1928.647 -1652.982 3789.039 1929.569 -1653.44 3801.866 1925.369 -1666.236 3798.103 1932.438 -1662.583 3802.37 1924.907 -1663.821 3798.883 1930.6 -1660.334 3792.348 1911.716 -1656.746 3794.312 1913.228 -1655.763 3787.67 1918.05 -1652.069 3790.038 1918.912 -1651.489 3790.038 1918.912 -1651.489 3791.531 1928.647 -1652.982 3787.67 1918.05 -1652.069 3789.039 1929.569 -1653.44 3790.038 1918.912 -1651.489 3802.37 1924.907 -1663.821 3791.531 1928.647 -1652.982 3794.312 1913.228 -1655.763 3798.883 1930.6 -1660.334 3800.615 1914.089 -1662.066 3085.375 1956.967 -947.7888 3083.621 1946.149 -946.0341 3084.871 1957.428 -950.2044 3082.742 1945.028 -948.1028 3083.621 1946.149 -946.0341 3077.317 1945.287 -939.7307 3082.742 1945.028 -948.1028 3075.354 1943.776 -940.7143 3081.888 1962.66 -944.3018 3081.109 1964.497 -946.5504 3074.536 1960.707 -936.9498 3072.045 1961.629 -937.4074 3084.871 1957.428 -950.2044 3081.109 1964.497 -946.5504 3085.375 1956.967 -947.7888 3081.888 1962.66 -944.3018 3075.354 1943.776 -940.7143 3077.317 1945.287 -939.7307 3070.676 1950.11 -936.0366 3073.043 1950.972 -935.4569 3073.043 1950.972 -935.4569 3074.536 1960.707 -936.9498 3070.676 1950.11 -936.0366 3072.045 1961.629 -937.4074 3073.043 1950.972 -935.4569 3085.375 1956.967 -947.7888 3074.536 1960.707 -936.9498 3077.317 1945.287 -939.7307 3081.888 1962.66 -944.3018 3083.621 1946.149 -946.0341 3030.136 1933.126 -893.5616 3029.212 1927.427 -892.6373 3029.871 1933.369 -894.8342 3028.749 1926.836 -893.7271 3029.212 1927.427 -892.6373 3025.891 1926.973 -889.3166 3028.749 1926.836 -893.7271 3024.857 1926.176 -889.8348 3028.299 1936.125 -891.7247 3027.889 1937.093 -892.9092 3024.426 1935.096 -887.8516 3023.114 1935.582 -888.0927 3029.871 1933.369 -894.8342 3027.889 1937.093 -892.9092 3030.136 1933.126 -893.5616 3028.299 1936.125 -891.7247 3024.857 1926.176 -889.8348 3025.891 1926.973 -889.3166 3022.393 1929.513 -887.3705 3023.64 1929.967 -887.0651 3023.64 1929.967 -887.0651 3024.426 1935.096 -887.8516 3022.393 1929.513 -887.3705 3023.114 1935.582 -888.0927 3023.64 1929.967 -887.0651 3030.136 1933.126 -893.5616 3024.426 1935.096 -887.8516 3025.891 1926.973 -889.3166 3029.212 1927.427 -892.6373 3028.299 1936.125 -891.7247 3976.15 1852.755 -1835.645 3973.181 1834.449 -1832.676 3975.297 1853.537 -1839.733 3971.694 1832.552 -1836.177 3973.181 1834.449 -1832.676 3962.514 1832.991 -1822.009 3971.694 1832.552 -1836.177 3959.191 1830.433 -1823.674 3970.249 1862.39 -1829.744 3968.93 1865.499 -1833.549 3957.808 1859.084 -1817.303 3953.592 1860.645 -1818.078 3975.297 1853.537 -1839.733 3968.93 1865.499 -1833.549 3976.15 1852.755 -1835.645 3970.249 1862.39 -1829.744 3959.191 1830.433 -1823.674 3962.514 1832.991 -1822.009 3951.275 1841.152 -1815.758 3955.281 1842.611 -1814.777 3955.281 1842.611 -1814.777 3957.808 1859.084 -1817.303 3951.275 1841.152 -1815.758 3953.592 1860.645 -1818.078 3955.281 1842.611 -1814.777 3976.15 1852.755 -1835.645 3957.808 1859.084 -1817.303 3962.514 1832.991 -1822.009 3970.249 1862.39 -1829.744 3973.181 1834.449 -1832.676 3622.457 1801.37 -1484.222 3620.703 1790.552 -1482.467 3621.953 1801.831 -1486.637 3619.824 1789.431 -1484.536 3620.703 1790.552 -1482.467 3614.399 1789.69 -1476.164 3619.824 1789.431 -1484.536 3612.436 1788.179 -1477.147 3618.97 1807.063 -1480.735 3618.191 1808.9 -1482.983 3611.618 1805.11 -1473.383 3609.127 1806.032 -1473.84 3621.953 1801.831 -1486.637 3618.191 1808.9 -1482.983 3622.457 1801.37 -1484.222 3618.97 1807.063 -1480.735 3612.436 1788.179 -1477.147 3614.399 1789.69 -1476.164 3607.758 1794.513 -1472.469 3610.125 1795.375 -1471.89 3610.125 1795.375 -1471.89 3611.618 1805.11 -1473.383 3607.758 1794.513 -1472.469 3609.127 1806.032 -1473.84 3610.125 1795.375 -1471.89 3614.399 1789.69 -1476.164 3622.457 1801.37 -1484.222 3611.618 1805.11 -1473.383 3620.703 1790.552 -1482.467 3618.97 1807.063 -1480.735 5364.306 1508.296 -2653.662 5353.162 1507.254 -2646.635 5362.279 1507.847 -2639.287 5353.162 1507.254 -2646.635 5358.03 1506.418 -2633.771 5348.479 1505.608 -2640.798 5340.448 1507.544 -2655.359 5337.492 1506.326 -2644.419 5346.087 1506.8 -2646.104 5375.431 1512.697 -2612.833 5369.591 1513.005 -2621.164 5365.342 1512.759 -2614.595 5339.376 1504.01 -2637.556 5346.143 1503.958 -2638.56 5343.58 1500 -2630.64 5358.03 1506.418 -2633.771 5337.492 1506.326 -2644.419 5358.362 1510.533 -2629.918 5352.564 1510.196 -2620.956 5346.143 1503.958 -2638.56 5339.376 1504.01 -2637.556 5343.58 1500 -2630.64 5343.58 1500 -2630.64 5355.536 1506.899 -2615.559 5343.58 1500 -2630.64 5343.729 1510.009 -2612.846 5336.143 1507.122 -2625.054 5343.58 1500 -2630.64 5335.926 1508.618 -2633.245 5341.272 1507.25 -2613.797 5343.58 1500 -2630.64 5333.672 1506.617 -2620.92 5356.598 1509.956 -2606.163 5324.587 1510.922 -2621.427 5324.232 1513.377 -2634.872 5347.945 1512.235 -2604.174 5316.369 1511.383 -2620.903 5316.034 1513.703 -2633.606 5336.316 1510.098 -2606.243 5354.897 1512.159 -2593.386 5328.579 1509.454 -2613.494 5302.595 1509.759 -2625.842 5325.006 1510.508 -2600.685 5322.239 1499.996 -2171.571 5311.951 1499.996 -2178.686 5320.432 1502.474 -2170.77 5311.816 1502.474 -2177.025 5323.141 1499.996 -2160.72 5322.239 1499.996 -2171.571 5320.432 1502.474 -2170.77 5321.335 1502.474 -2160.948 5311.816 1502.474 -2177.025 5301.085 1502.474 -2169.348 5320.432 1502.474 -2170.77 5299.518 1500.02 -2170.002 5301.085 1502.474 -2169.348 5311.816 1502.474 -2177.025 5311.951 1499.996 -2178.686 5321.335 1502.474 -2160.948 5323.141 1499.996 -2160.72 5321.335 1502.474 -2160.948 5311.787 1502.474 -2153.944 5312.341 1499.995 -2151.99 5311.787 1502.474 -2153.944 5300.991 1502.474 -2160.395 5301.085 1502.474 -2169.348 5299.518 1500.02 -2170.002 5298.619 1499.928 -2159.577 5300.991 1502.474 -2160.395 5312.341 1499.995 -2151.99 5311.787 1502.474 -2153.944 5298.619 1499.928 -2159.577 5300.991 1502.474 -2160.395 4496.861 1499.996 -2197.596 4496.726 1502.474 -2195.935 4505.342 1502.474 -2189.68 4507.149 1499.996 -2190.481 4506.245 1502.474 -2179.858 4508.051 1499.996 -2179.63 4505.342 1502.474 -2189.68 4507.149 1499.996 -2190.481 4496.726 1502.474 -2195.935 4485.996 1502.474 -2188.258 4505.342 1502.474 -2189.68 4484.428 1500.02 -2188.912 4485.996 1502.474 -2188.258 4496.726 1502.474 -2195.935 4496.861 1499.996 -2197.596 4506.245 1502.474 -2179.858 4497.251 1499.995 -2170.9 4508.051 1499.996 -2179.63 4496.697 1502.474 -2172.854 4506.245 1502.474 -2179.858 4496.697 1502.474 -2172.854 4485.901 1502.474 -2179.305 4485.996 1502.474 -2188.258 4484.428 1500.02 -2188.912 4483.529 1499.928 -2178.488 4485.901 1502.474 -2179.305 4497.251 1499.995 -2170.9 4496.697 1502.474 -2172.854 4483.529 1499.928 -2178.488 4485.901 1502.474 -2179.305 3238.738 1502.474 -954.05 3246.139 1502.474 -943.1268 3239.432 1500.02 -955.6001 3247.795 1499.996 -942.9495 3246.139 1502.474 -943.1268 3239.666 1502.474 -934.6738 3247.795 1499.996 -942.9495 3240.42 1499.996 -932.8461 3229.79 1502.474 -954.3724 3229.033 1499.928 -956.7648 3223.065 1502.474 -943.745 3221.098 1499.995 -943.2411 3239.432 1500.02 -955.6001 3229.033 1499.928 -956.7648 3238.738 1502.474 -954.05 3229.79 1502.474 -954.3724 3240.42 1499.996 -932.8461 3239.666 1502.474 -934.6738 3229.549 1499.996 -932.2219 3229.824 1502.474 -934.0212 3229.824 1502.474 -934.0212 3223.065 1502.474 -943.745 3229.549 1499.996 -932.2219 3221.098 1499.995 -943.2411 3229.824 1502.474 -934.0212 3238.738 1502.474 -954.05 3223.065 1502.474 -943.745 3239.666 1502.474 -934.6738 3229.79 1502.474 -954.3724 3246.139 1502.474 -943.1268 4445.41 1500 -660.158 4443.263 1508.618 -667.9526 4436.61 1507.122 -663.1699 4427.115 1510.922 -670.6882 4438.035 1513.377 -678.5387 4422.062 1511.383 -677.1902 4432.38 1513.703 -684.6081 4418.404 1509.759 -691.3591 4445.41 1500 -660.158 4431.802 1506.617 -662.8892 4430.183 1507.25 -652.5993 4422.797 1509.454 -662.9272 4421.149 1510.098 -652.4523 4410.194 1510.508 -658.6827 4456.122 1506.418 -649.9668 4456.565 1505.608 -661.8165 4445.41 1500 -660.158 4456.122 1506.418 -649.9668 4464.025 1507.254 -661.2234 4463.073 1507.847 -649.5532 4476.102 1508.296 -655.9565 4464.025 1507.254 -661.2234 4453.401 1503.958 -662.4898 4459.609 1506.8 -666.7766 4448.768 1504.01 -667.5221 4453.384 1506.326 -672.938 4464.095 1507.544 -676.6428 4453.384 1506.326 -672.938 4445.41 1500 -660.158 4430.777 1510.009 -650.0328 4439.657 1506.899 -641.7933 4425.974 1512.235 -641.6716 4432.483 1509.956 -635.6329 4420.96 1512.159 -629.8575 4445.41 1500 -660.158 4442.45 1510.196 -647.2841 4453.122 1510.533 -647.5266 4444.372 1512.759 -633.141 4452.193 1513.005 -633.3188 4448.585 1512.697 -623.8059 4445.41 1500 -660.158 4453.401 1503.958 -662.4898 4448.768 1504.01 -667.5221 -435.6086 1098.909 -797.9161 -428.0861 1090.749 -797.9161 -435.2253 1100.286 -799.9803 -426.6857 1090.809 -800 -428.0861 1090.749 -797.9161 -432.4132 1082.907 -797.9161 -426.6857 1090.809 -800 -431.5576 1081.481 -800 -443.0922 1098.058 -797.9161 -444.0208 1099.954 -800.0571 -447.3568 1088.377 -797.9161 -448.9302 1087.712 -800.0012 -435.2253 1100.286 -799.9803 -444.0208 1099.954 -800.0571 -435.6086 1098.909 -797.9161 -443.0922 1098.058 -797.9161 -431.5576 1081.481 -800 -432.4132 1082.907 -797.9161 -440.5219 1079.604 -800 -440.5186 1081.134 -797.9161 -440.5186 1081.134 -797.9161 -447.3568 1088.377 -797.9161 -440.5219 1079.604 -800 -448.9302 1087.712 -800.0012 -440.5186 1081.134 -797.9161 -432.4132 1082.907 -797.9161 -435.6086 1098.909 -797.9161 -447.3568 1088.377 -797.9161 -428.0861 1090.749 -797.9161 -443.0922 1098.058 -797.9161 -195.3168 1175.142 -797.9161 -187.7944 1166.981 -797.9161 -194.9336 1176.518 -799.9803 -186.394 1167.042 -800 -187.7944 1166.981 -797.9161 -192.1215 1159.14 -797.9161 -186.394 1167.042 -800 -191.2659 1157.714 -800 -202.8004 1174.291 -797.9161 -203.729 1176.187 -800.0571 -207.0651 1164.61 -797.9161 -208.6385 1163.945 -800.0012 -194.9336 1176.518 -799.9803 -203.729 1176.187 -800.0571 -195.3168 1175.142 -797.9161 -202.8004 1174.291 -797.9161 -191.2659 1157.714 -800 -192.1215 1159.14 -797.9161 -200.2301 1155.836 -800 -200.2269 1157.366 -797.9161 -200.2269 1157.366 -797.9161 -207.0651 1164.61 -797.9161 -200.2301 1155.836 -800 -208.6385 1163.945 -800.0012 -200.2269 1157.366 -797.9161 -192.1215 1159.14 -797.9161 -195.3168 1175.142 -797.9161 -207.0651 1164.61 -797.9161 -187.7944 1166.981 -797.9161 -202.8004 1174.291 -797.9161 -664.9155 1120.871 -797.9161 -663.5966 1109.851 -797.9161 -663.799 1121.762 -799.9803 -662.4258 1109.08 -800 -663.5966 1109.851 -797.9161 -671.6959 1106.028 -797.9161 -662.4258 1109.08 -800 -671.8373 1104.371 -800 -671.4802 1124.563 -797.9161 -671.123 1126.644 -800.0571 -680.6064 1119.213 -797.9161 -682.2714 1119.595 -800.0012 -663.799 1121.762 -799.9803 -671.123 1126.644 -800.0571 -664.9155 1120.871 -797.9161 -671.4802 1124.563 -797.9161 -671.8373 1104.371 -800 -671.6959 1106.028 -797.9161 -680.2035 1108.099 -800 -679.3049 1109.337 -797.9161 -679.3049 1109.337 -797.9161 -680.6064 1119.213 -797.9161 -680.2035 1108.099 -800 -682.2714 1119.595 -800.0012 -679.3049 1109.337 -797.9161 -664.9155 1120.871 -797.9161 -680.6064 1119.213 -797.9161 -671.6959 1106.028 -797.9161 -671.4802 1124.563 -797.9161 -663.5966 1109.851 -797.9161 187.0362 1156.914 -795.8845 174.8649 1138.685 -795.8845 189.8558 1156.817 -799.9612 175.6318 1136.025 -800 174.8649 1138.685 -795.8845 157.8044 1143.35 -795.8845 175.6318 1136.025 -800 155.4645 1141.045 -800 181.9276 1170.883 -795.8845 185.1348 1173.546 -800.1127 161.3638 1174.574 -795.8845 159.3564 1177.285 -800.0024 189.8558 1156.817 -799.9612 185.1348 1173.546 -800.1127 187.0362 1156.914 -795.8845 181.9276 1170.883 -795.8845 155.4645 1141.045 -800 157.8044 1143.35 -795.8845 147.6974 1157.38 -800 150.6357 1158.084 -795.8845 150.6357 1158.084 -795.8845 161.3638 1174.574 -795.8845 147.6974 1157.38 -800 159.3564 1177.285 -800.0024 150.6357 1158.084 -795.8845 187.0362 1156.914 -795.8845 161.3638 1174.574 -795.8845 157.8044 1143.35 -795.8845 181.9276 1170.883 -795.8845 174.8649 1138.685 -795.8845 151.2958 1197.748 -797.9161 158.8182 1189.587 -797.9161 151.679 1199.124 -799.9803 160.2186 1189.648 -800 158.8182 1189.587 -797.9161 154.4911 1181.746 -797.9161 160.2186 1189.648 -800 155.3467 1180.32 -800 143.8121 1196.897 -797.9161 142.8835 1198.793 -800.0571 139.5475 1187.216 -797.9161 137.9741 1186.551 -800.0012 151.679 1199.124 -799.9803 142.8835 1198.793 -800.0571 151.2958 1197.748 -797.9161 143.8121 1196.897 -797.9161 155.3467 1180.32 -800 154.4911 1181.746 -797.9161 146.3825 1178.442 -800 146.3857 1179.972 -797.9161 146.3857 1179.972 -797.9161 139.5475 1187.216 -797.9161 146.3825 1178.442 -800 137.9741 1186.551 -800.0012 146.3857 1179.972 -797.9161 154.4911 1181.746 -797.9161 151.2958 1197.748 -797.9161 139.5475 1187.216 -797.9161 158.8182 1189.587 -797.9161 143.8121 1196.897 -797.9161 183.2083 1203.351 -797.9161 186.9022 1192.885 -797.9161 184.1032 1204.464 -799.9803 188.2131 1192.388 -800 186.9022 1192.885 -797.9161 179.8332 1187.386 -797.9161 188.2131 1192.388 -800 180.0571 1185.738 -800 175.9957 1205.52 -797.9161 175.89 1207.629 -800.0571 168.2583 1198.306 -797.9161 166.5501 1198.315 -800.0012 184.1032 1204.464 -799.9803 175.89 1207.629 -800.0571 183.2083 1203.351 -797.9161 175.9957 1205.52 -797.9161 180.0571 1185.738 -800 179.8332 1187.386 -797.9161 171.0789 1187.548 -800 171.6853 1188.953 -797.9161 171.6853 1188.953 -797.9161 168.2583 1198.306 -797.9161 171.0789 1187.548 -800 166.5501 1198.315 -800.0012 171.6853 1188.953 -797.9161 179.8332 1187.386 -797.9161 183.2083 1203.351 -797.9161 168.2583 1198.306 -797.9161 186.9022 1192.885 -797.9161 175.9957 1205.52 -797.9161 198.8928 1186.424 -797.9161 206.4152 1178.264 -797.9161 199.276 1187.801 -799.9803 207.8156 1178.324 -800 206.4152 1178.264 -797.9161 202.0881 1170.422 -797.9161 207.8156 1178.324 -800 202.9437 1168.996 -800 191.4091 1185.573 -797.9161 190.4805 1187.469 -800.0571 187.1445 1175.892 -797.9161 185.5711 1175.227 -800.0012 199.276 1187.801 -799.9803 190.4805 1187.469 -800.0571 198.8928 1186.424 -797.9161 191.4091 1185.573 -797.9161 202.9437 1168.996 -800 202.0881 1170.422 -797.9161 193.9795 1167.119 -800 193.9827 1168.648 -797.9161 193.9827 1168.648 -797.9161 187.1445 1175.892 -797.9161 193.9795 1167.119 -800 185.5711 1175.227 -800.0012 193.9827 1168.648 -797.9161 202.0881 1170.422 -797.9161 198.8928 1186.424 -797.9161 187.1445 1175.892 -797.9161 206.4152 1178.264 -797.9161 191.4091 1185.573 -797.9161 349.5652 1150.502 -797.9161 357.0876 1142.341 -797.9161 349.9484 1151.878 -799.9803 358.488 1142.402 -800 357.0876 1142.341 -797.9161 352.7605 1134.5 -797.9161 358.488 1142.402 -800 353.6161 1133.074 -800 342.0815 1149.651 -797.9161 341.153 1151.547 -800.0571 337.8169 1139.97 -797.9161 336.2435 1139.305 -800.0012 349.9484 1151.878 -799.9803 341.153 1151.547 -800.0571 349.5652 1150.502 -797.9161 342.0815 1149.651 -797.9161 353.6161 1133.074 -800 352.7605 1134.5 -797.9161 344.6519 1131.196 -800 344.6551 1132.726 -797.9161 344.6551 1132.726 -797.9161 337.8169 1139.97 -797.9161 344.6519 1131.196 -800 336.2435 1139.305 -800.0012 344.6551 1132.726 -797.9161 352.7605 1134.5 -797.9161 349.5652 1150.502 -797.9161 337.8169 1139.97 -797.9161 357.0876 1142.341 -797.9161 342.0815 1149.651 -797.9161 2115.644 1248.289 -795.8845 2100.853 1232.114 -795.8845 2118.417 1247.766 -799.9612 2101.208 1229.368 -800 2100.853 1232.114 -795.8845 2084.695 1239.308 -795.8845 2101.208 1229.368 -800 2082.033 1237.385 -800 2112.71 1262.871 -795.8845 2116.284 1265.017 -800.1127 2092.943 1269.633 -795.8845 2091.369 1272.617 -800.0024 2118.417 1247.766 -799.9612 2116.284 1265.017 -800.1127 2115.644 1248.289 -795.8845 2112.71 1262.871 -795.8845 2082.033 1237.385 -800 2084.695 1239.308 -795.8845 2076.83 1254.708 -800 2079.841 1254.959 -795.8845 2079.841 1254.959 -795.8845 2092.943 1269.633 -795.8845 2076.83 1254.708 -800 2091.369 1272.617 -800.0024 2079.841 1254.959 -795.8845 2084.695 1239.308 -795.8845 2115.644 1248.289 -795.8845 2092.943 1269.633 -795.8845 2100.853 1232.114 -795.8845 2112.71 1262.871 -795.8845 2086.501 1294.065 -797.9161 2092.7 1284.859 -797.9161 2087.088 1295.367 -799.9803 2094.094 1284.707 -800 2092.7 1284.859 -797.9161 2087.236 1277.764 -797.9161 2094.094 1284.707 -800 2087.865 1276.225 -800 2078.975 1294.357 -797.9161 2078.344 1296.372 -800.0571 2073.293 1285.434 -797.9161 2071.637 1285.014 -800.0012 2087.088 1295.367 -799.9803 2078.344 1296.372 -800.0571 2086.501 1294.065 -797.9161 2078.975 1294.357 -797.9161 2087.865 1276.225 -800 2087.236 1277.764 -797.9161 2078.72 1275.726 -800 2078.955 1277.238 -797.9161 2078.955 1277.238 -797.9161 2073.293 1285.434 -797.9161 2078.72 1275.726 -800 2071.637 1285.014 -800.0012 2078.955 1277.238 -797.9161 2086.501 1294.065 -797.9161 2073.293 1285.434 -797.9161 2087.236 1277.764 -797.9161 2092.7 1284.859 -797.9161 2078.975 1294.357 -797.9161 2118.894 1294.77 -797.9161 2120.96 1283.865 -797.9161 2119.947 1295.735 -799.9803 2122.18 1283.176 -800 2120.96 1283.865 -797.9161 2113.139 1279.5 -797.9161 2122.18 1283.176 -800 2113.111 1277.837 -800 2112.093 1298.007 -797.9161 2112.308 1300.107 -800.0571 2103.352 1292.047 -797.9161 2101.665 1292.315 -800.0012 2119.947 1295.735 -799.9803 2112.308 1300.107 -800.0571 2118.894 1294.77 -797.9161 2112.093 1298.007 -797.9161 2113.111 1277.837 -800 2113.139 1279.5 -797.9161 2104.511 1280.986 -800 2105.323 1282.283 -797.9161 2105.323 1282.283 -797.9161 2103.352 1292.047 -797.9161 2104.511 1280.986 -800 2101.665 1292.315 -800.0012 2105.323 1282.283 -797.9161 2113.139 1279.5 -797.9161 2118.894 1294.77 -797.9161 2103.352 1292.047 -797.9161 2120.96 1283.865 -797.9161 2112.093 1298.007 -797.9161 2131.834 1275.663 -797.9161 2138.033 1266.457 -797.9161 2132.421 1276.965 -799.9803 2139.427 1266.305 -800 2138.033 1266.457 -797.9161 2132.568 1259.362 -797.9161 2139.427 1266.305 -800 2133.198 1257.823 -800 2124.307 1275.955 -797.9161 2123.677 1277.97 -800.0571 2118.626 1267.031 -797.9161 2116.97 1266.612 -800.0012 2132.421 1276.965 -799.9803 2123.677 1277.97 -800.0571 2131.834 1275.663 -797.9161 2124.307 1275.955 -797.9161 2133.198 1257.823 -800 2132.568 1259.362 -797.9161 2124.053 1257.324 -800 2124.288 1258.836 -797.9161 2124.288 1258.836 -797.9161 2118.626 1267.031 -797.9161 2124.053 1257.324 -800 2116.97 1266.612 -800.0012 2124.288 1258.836 -797.9161 2131.834 1275.663 -797.9161 2118.626 1267.031 -797.9161 2132.568 1259.362 -797.9161 2138.033 1266.457 -797.9161 2124.307 1275.955 -797.9161 2544.002 1283.004 -797.9161 2550.201 1273.798 -797.9161 2544.589 1284.306 -799.9803 2551.595 1273.646 -800 2550.201 1273.798 -797.9161 2544.736 1266.703 -797.9161 2551.595 1273.646 -800 2545.366 1265.164 -800 2536.475 1283.296 -797.9161 2535.845 1285.311 -800.0571 2530.794 1274.373 -797.9161 2529.138 1273.953 -800.0012 2544.589 1284.306 -799.9803 2535.845 1285.311 -800.0571 2544.002 1283.004 -797.9161 2536.475 1283.296 -797.9161 2545.366 1265.164 -800 2544.736 1266.703 -797.9161 2536.221 1264.665 -800 2536.456 1266.177 -797.9161 2536.456 1266.177 -797.9161 2530.794 1274.373 -797.9161 2536.221 1264.665 -800 2529.138 1273.953 -800.0012 2536.456 1266.177 -797.9161 2544.736 1266.703 -797.9161 2544.002 1283.004 -797.9161 2530.794 1274.373 -797.9161 2550.201 1273.798 -797.9161 2536.475 1283.296 -797.9161 1344.003 1340.159 -797.9161 1350.203 1330.953 -797.9161 1344.591 1341.461 -799.9803 1351.597 1330.801 -800 1350.203 1330.953 -797.9161 1344.738 1323.857 -797.9161 1351.597 1330.801 -800 1345.368 1322.318 -800 1336.477 1340.451 -797.9161 1335.846 1342.465 -800.0571 1330.796 1331.527 -797.9161 1329.14 1331.108 -800.0012 1344.591 1341.461 -799.9803 1335.846 1342.465 -800.0571 1344.003 1340.159 -797.9161 1336.477 1340.451 -797.9161 1345.368 1322.318 -800 1344.738 1323.857 -797.9161 1336.223 1321.82 -800 1336.458 1323.332 -797.9161 1336.458 1323.332 -797.9161 1330.796 1331.527 -797.9161 1336.223 1321.82 -800 1329.14 1331.108 -800.0012 1336.458 1323.332 -797.9161 1344.003 1340.159 -797.9161 1330.796 1331.527 -797.9161 1344.738 1323.857 -797.9161 1350.203 1330.953 -797.9161 1336.477 1340.451 -797.9161 1571.021 1278.099 -797.9161 1577.22 1268.893 -797.9161 1571.608 1279.402 -799.9803 1578.614 1268.741 -800 1577.22 1268.893 -797.9161 1571.755 1261.798 -797.9161 1578.614 1268.741 -800 1572.385 1260.259 -800 1563.495 1278.392 -797.9161 1562.864 1280.406 -800.0571 1557.813 1269.468 -797.9161 1556.157 1269.049 -800.0012 1571.608 1279.402 -799.9803 1562.864 1280.406 -800.0571 1571.021 1278.099 -797.9161 1563.495 1278.392 -797.9161 1572.385 1260.259 -800 1571.755 1261.798 -797.9161 1563.24 1259.76 -800 1563.475 1261.272 -797.9161 1563.475 1261.272 -797.9161 1557.813 1269.468 -797.9161 1563.24 1259.76 -800 1556.157 1269.049 -800.0012 1563.475 1261.272 -797.9161 1571.755 1261.798 -797.9161 1571.021 1278.099 -797.9161 1557.813 1269.468 -797.9161 1577.22 1268.893 -797.9161 1563.495 1278.392 -797.9161 1592.052 1307.342 -797.9161 1602.757 1304.411 -797.9161 1591.647 1308.712 -799.9803 1603.912 1305.205 -800 1602.757 1304.411 -797.9161 1603.246 1295.469 -797.9161 1603.912 1305.205 -800 1604.727 1294.713 -800 1586.158 1302.653 -797.9161 1584.366 1303.768 -800.0571 1587.675 1292.183 -797.9161 1586.694 1290.785 -800.0012 1591.647 1308.712 -799.9803 1584.366 1303.768 -800.0571 1592.052 1307.342 -797.9161 1586.158 1302.653 -797.9161 1604.727 1294.713 -800 1603.246 1295.469 -797.9161 1598.122 1288.368 -800 1597.314 1289.667 -797.9161 1597.314 1289.667 -797.9161 1587.675 1292.183 -797.9161 1598.122 1288.368 -800 1586.694 1290.785 -800.0012 1597.314 1289.667 -797.9161 1592.052 1307.342 -797.9161 1587.675 1292.183 -797.9161 1603.246 1295.469 -797.9161 1586.158 1302.653 -797.9161 1602.757 1304.411 -797.9161 830.0687 1307.343 -797.9161 840.7736 1304.412 -797.9161 829.6639 1308.713 -799.9803 841.9288 1305.206 -800 840.7736 1304.412 -797.9161 841.2621 1295.469 -797.9161 841.9288 1305.206 -800 842.7437 1294.714 -800 824.1747 1302.654 -797.9161 822.3824 1303.768 -800.0571 825.6919 1292.184 -797.9161 824.7104 1290.786 -800.0012 829.6639 1308.713 -799.9803 822.3824 1303.768 -800.0571 830.0687 1307.343 -797.9161 824.1747 1302.654 -797.9161 842.7437 1294.714 -800 841.2621 1295.469 -797.9161 836.1387 1288.369 -800 835.3302 1289.668 -797.9161 835.3302 1289.668 -797.9161 825.6919 1292.184 -797.9161 836.1387 1288.369 -800 824.7104 1290.786 -800.0012 835.3302 1289.668 -797.9161 841.2621 1295.469 -797.9161 830.0687 1307.343 -797.9161 825.6919 1292.184 -797.9161 840.7736 1304.412 -797.9161 824.1747 1302.654 -797.9161 401.9152 702.4776 -486.8252 414.5133 702.4776 -482.9043 401.4904 700.0236 -488.4695 415.9188 700.0002 -483.7992 414.5133 702.4776 -482.9043 414.7272 702.4776 -472.2598 415.9188 700.0002 -483.7992 416.4565 700.0002 -471.3016 394.7204 702.4776 -481.4955 392.6368 699.9324 -482.8934 396.094 702.4776 -468.9945 394.8708 699.9988 -467.3735 401.4904 700.0236 -488.4695 392.6368 699.9324 -482.8934 401.9152 702.4776 -486.8252 394.7204 702.4776 -481.4955 416.4565 700.0002 -471.3016 414.7272 702.4776 -472.2598 408.3499 700.0002 -464.0329 407.442 702.4776 -465.6104 407.442 702.4776 -465.6104 396.094 702.4776 -468.9945 408.3499 700.0002 -464.0329 394.8708 699.9988 -467.3735 407.442 702.4776 -465.6104 414.7272 702.4776 -472.2598 401.9152 702.4776 -486.8252 396.094 702.4776 -468.9945 414.5133 702.4776 -482.9043 394.7204 702.4776 -481.4955 1385.316 702.4776 -0.1596415 1397.914 702.4776 3.761256 1384.891 700.0236 -1.803924 1399.319 700.0002 2.866366 1397.914 702.4776 3.761256 1398.128 702.4776 14.4058 1399.319 700.0002 2.866366 1399.857 700.0002 15.364 1378.121 702.4776 5.170111 1376.037 699.9324 3.772182 1379.494 702.4776 17.67112 1378.271 699.9988 19.29206 1384.891 700.0236 -1.803924 1376.037 699.9324 3.772182 1385.316 702.4776 -0.1596415 1378.121 702.4776 5.170111 1399.857 700.0002 15.364 1398.128 702.4776 14.4058 1391.75 700.0002 22.63267 1390.842 702.4776 21.05522 1390.842 702.4776 21.05522 1379.494 702.4776 17.67112 1391.75 700.0002 22.63267 1378.271 699.9988 19.29206 1390.842 702.4776 21.05522 1398.128 702.4776 14.4058 1385.316 702.4776 -0.1596415 1379.494 702.4776 17.67112 1397.914 702.4776 3.761256 1378.121 702.4776 5.170111 2343.125 702.4776 140.3478 2355.723 702.4776 144.2687 2342.7 700.0236 138.7035 2357.129 700.0002 143.3738 2355.723 702.4776 144.2687 2355.937 702.4776 154.9132 2357.129 700.0002 143.3738 2357.667 700.0002 155.8714 2335.93 702.4776 145.6775 2333.847 699.9324 144.2796 2337.304 702.4776 158.1785 2336.081 699.9988 159.7995 2342.7 700.0236 138.7035 2333.847 699.9324 144.2796 2343.125 702.4776 140.3478 2335.93 702.4776 145.6775 2357.667 700.0002 155.8714 2355.937 702.4776 154.9132 2349.56 700.0002 163.1401 2348.652 702.4776 161.5626 2348.652 702.4776 161.5626 2337.304 702.4776 158.1785 2349.56 700.0002 163.1401 2336.081 699.9988 159.7995 2348.652 702.4776 161.5626 2343.125 702.4776 140.3478 2337.304 702.4776 158.1785 2355.937 702.4776 154.9132 2355.723 702.4776 144.2687 2335.93 702.4776 145.6775 -369.906 699.907 -237.183 -374.2493 708.5255 -244.0023 -379.2029 707.0294 -237.4754 -390.4883 710.8289 -241.8711 -382.3572 713.2845 -252.5845 -397.229 711.29 -246.6009 -389.5465 713.6102 -256.7238 -404.8889 709.6663 -259.0692 -369.906 699.907 -237.183 -383.7158 706.5239 -235.7941 -382.2394 707.1566 -225.4828 -392.334 709.3605 -233.1841 -390.8307 710.0047 -222.6873 -403.1329 710.4152 -225.423 -356.6724 706.3246 -230.59 -359.7308 705.5146 -242.0467 -369.906 699.907 -237.183 -356.6724 706.3246 -230.59 -352.4261 707.1608 -243.6723 -349.9066 707.7544 -232.2376 -339.3353 708.2026 -242.1872 -352.4261 707.1608 -243.6723 -362.9535 703.8654 -241.7603 -358.2794 706.7072 -247.6823 -368.8611 703.9171 -245.2086 -366.04 706.2333 -251.7422 -356.8915 707.4512 -258.4311 -366.04 706.2333 -251.7422 -369.906 699.907 -237.183 -380.9174 709.9163 -223.2042 -370.0073 706.8064 -217.9386 -375.0543 709.8626 -209.9417 -383.0505 712.1417 -213.8007 -384.3713 712.066 -201.0348 -369.906 699.907 -237.183 -368.9514 710.1028 -224.0078 -358.8226 710.4397 -227.3759 -355.5347 712.9125 -213.5226 -362.9578 712.6656 -211.0541 -356.1871 712.6044 -203.3695 -369.906 699.907 -237.183 -362.9535 703.8654 -241.7603 -368.8611 703.9171 -245.2086 3576.73 699.907 -269.551 3568.656 708.5255 -269.9694 3571.098 707.0294 -262.1481 3560.971 710.8289 -255.5059 3556.962 713.2845 -268.344 3553.208 711.29 -252.7593 3549.419 713.6102 -264.8894 3538.609 709.6663 -253.7532 3576.73 699.907 -269.551 3569.85 706.5239 -257.4968 3579.105 707.1566 -252.7176 3566.976 709.3605 -248.9629 3576.398 710.0047 -244.098 3567.033 710.4152 -235.6645 3589.777 706.3246 -276.5054 3578.671 705.5146 -280.6605 3576.73 699.907 -269.551 3589.777 706.3246 -276.5054 3581.585 707.1608 -287.5534 3592.36 707.7544 -282.9721 3590.389 708.2026 -297.3547 3581.585 707.1608 -287.5534 3577.035 703.8654 -277.8694 3574.923 706.7072 -285.1121 3570.799 703.9171 -275.058 3567.114 706.2333 -281.1461 3566.973 707.4512 -292.4782 3567.114 706.2333 -281.1461 3576.73 699.907 -269.551 3581.728 709.9163 -252.4725 3592.346 706.8064 -258.3043 3595.932 709.8626 -249.5542 3588.15 712.1417 -245.2798 3597.782 712.066 -236.7981 3576.73 699.907 -269.551 3588.015 710.1028 -262.6852 3591.148 710.4397 -272.8893 3602.043 712.6656 -260.0525 3604.339 712.9125 -267.5308 3612.231 712.6044 -261.1093 3576.73 699.907 -269.551 3577.035 703.8654 -277.8694 3570.799 703.9171 -275.058 4104.153 902.2549 222.5735 4110.889 902.2549 232.5148 4104.785 900.0215 221.1628 4112.396 900.0002 232.6761 4110.889 902.2549 232.5148 4104.998 902.2549 240.2079 4112.396 900.0002 232.6761 4105.684 900.0002 241.8712 4096.01 902.2549 222.2801 4095.321 899.9385 220.1028 4089.89 902.2549 231.9522 4088.099 899.9989 232.4107 4104.785 900.0215 221.1628 4095.321 899.9385 220.1028 4104.153 902.2549 222.5735 4096.01 902.2549 222.2801 4105.684 900.0002 241.8712 4104.998 902.2549 240.2079 4095.791 900.0002 242.4393 4096.041 902.2549 240.8018 4096.041 902.2549 240.8018 4089.89 902.2549 231.9522 4095.791 900.0002 242.4393 4088.099 899.9989 232.4107 4096.041 902.2549 240.8018 4104.153 902.2549 222.5735 4089.89 902.2549 231.9522 4104.998 902.2549 240.2079 4096.01 902.2549 222.2801 4110.889 902.2549 232.5148 4459.37 899.626 -69.149 4457.223 908.2444 -76.94362 4450.57 906.7484 -72.16086 4451.995 913.0035 -87.52966 4441.075 910.5479 -79.67917 4446.34 913.3292 -93.59908 4436.021 911.009 -86.18118 4432.364 909.3853 -100.35 4459.37 899.626 -69.149 4445.762 906.2429 -71.88013 4444.143 906.8756 -61.59031 4435.109 909.7237 -61.44325 4436.757 909.0795 -71.91825 4424.154 910.1342 -67.67368 4470.082 906.0436 -58.95781 4470.525 905.2336 -70.80744 4459.37 899.626 -69.149 4470.082 906.0436 -58.95781 4477.985 906.8798 -70.21444 4477.033 907.4734 -58.5442 4490.062 907.9216 -64.94748 4477.985 906.8798 -70.21444 4467.361 903.5844 -71.48077 4473.569 906.4262 -75.76759 4462.728 903.636 -76.51305 4467.344 905.9523 -81.92899 4478.055 907.1702 -85.63376 4467.344 905.9523 -81.92899 4459.37 899.626 -69.149 4444.737 909.6353 -59.0238 4453.617 906.5254 -50.78426 4439.934 911.8607 -50.66254 4446.443 909.5816 -44.62383 4434.92 911.785 -38.84855 4459.37 899.626 -69.149 4456.41 909.8218 -56.27507 4467.082 910.1587 -56.5176 4458.332 912.3846 -42.13198 4466.153 912.6315 -42.30982 4462.545 912.3234 -32.79689 4459.37 899.626 -69.149 4467.361 903.5844 -71.48077 4462.728 903.636 -76.51305</float_array>
          <technique_common>
            <accessor source="#Kusa1__Koishi00-position-array" count="5160" stride="3">
              <param name="X" type="float" />
              <param name="Y" type="float" />
              <param name="Z" type="float" />
            </accessor>
          </technique_common>
        </source>
        <source id="Kusa1__Koishi00-normal">
          <float_array id="Kusa1__Koishi00-normal-array" count="15480">0.5909981 0.483366 0.6457925 0.5909981 0.483366 0.6457925 0.5909981 0.483366 0.6457925 0.5909981 0.483366 0.6457925 -0.3972603 0.5342466 0.7455969 -0.3972603 0.5342466 0.7455969 -0.3972603 0.5342466 0.7455969 -0.3972603 0.5342466 0.7455969 0.3228963 0.5499021 -0.7710372 0.3228963 0.5499021 -0.7710372 0.3228963 0.5499021 -0.7710372 0.3228963 0.5499021 -0.7710372 0.7847358 0.6183953 -0.06066536 0.7847358 0.6183953 -0.06066536 0.7847358 0.6183953 -0.06066536 0.7847358 0.6183953 -0.06066536 -0.7866927 0.592955 0.1702544 -0.7866927 0.592955 0.1702544 -0.7866927 0.592955 0.1702544 -0.7866927 0.592955 0.1702544 -0.5949119 0.5381604 -0.5968689 -0.5949119 0.5381604 -0.5968689 -0.5949119 0.5381604 -0.5968689 -0.5949119 0.5381604 -0.5968689 0 1 0 0 1 0 0 1 0 0 1 0 0 1 0 0 1 0 0.5909981 0.483366 0.6457925 0.5909981 0.483366 0.6457925 0.5909981 0.483366 0.6457925 0.5909981 0.483366 0.6457925 -0.3972603 0.5342466 0.7455969 -0.3972603 0.5342466 0.7455969 -0.3972603 0.5342466 0.7455969 -0.3972603 0.5342466 0.7455969 0.3228963 0.5499021 -0.7710372 0.3228963 0.5499021 -0.7710372 0.3228963 0.5499021 -0.7710372 0.3228963 0.5499021 -0.7710372 0.7847358 0.6183953 -0.06066536 0.7847358 0.6183953 -0.06066536 0.7847358 0.6183953 -0.06066536 0.7847358 0.6183953 -0.06066536 -0.7866927 0.592955 0.1702544 -0.7866927 0.592955 0.1702544 -0.7866927 0.592955 0.1702544 -0.7866927 0.592955 0.1702544 -0.5949119 0.5381604 -0.5968689 -0.5949119 0.5381604 -0.5968689 -0.5949119 0.5381604 -0.5968689 -0.5949119 0.5381604 -0.5968689 0 1 0 0 1 0 0 1 0 0 1 0 0 1 0 0 1 0 0.5909981 0.483366 0.6457925 0.5909981 0.483366 0.6457925 0.5909981 0.483366 0.6457925 0.5909981 0.483366 0.6457925 -0.3972603 0.5342466 0.7455969 -0.3972603 0.5342466 0.7455969 -0.3972603 0.5342466 0.7455969 -0.3972603 0.5342466 0.7455969 0.3228963 0.5499021 -0.7710372 0.3228963 0.5499021 -0.7710372 0.3228963 0.5499021 -0.7710372 0.3228963 0.5499021 -0.7710372 0.7847358 0.6183953 -0.06066536 0.7847358 0.6183953 -0.06066536 0.7847358 0.6183953 -0.06066536 0.7847358 0.6183953 -0.06066536 -0.7866927 0.592955 0.1702544 -0.7866927 0.592955 0.1702544 -0.7866927 0.592955 0.1702544 -0.7866927 0.592955 0.1702544 -0.5949119 0.5381604 -0.5968689 -0.5949119 0.5381604 -0.5968689 -0.5949119 0.5381604 -0.5968689 -0.5949119 0.5381604 -0.5968689 0 1 0 0 1 0 0 1 0 0 1 0 0 1 0 0 1 0 0.5675147 0.7514677 0.334638 0.07240704 0.9823875 0.1682975 0.07240704 0.9823875 0.1682975 -0.08610567 0.9902152 0.1056751 -0.08610567 0.9902152 0.1056751 -0.1898239 0.9804305 0.06262231 -0.1898239 0.9804305 0.06262231 -0.2348337 0.9706458 0.04305284 0.8649706 0.4951076 -0.07436399 0.1291585 0.9902152 -0.0665362 0.1291585 0.9902152 -0.0665362 -0.01956947 0.9980431 -0.05870841 -0.01956947 0.9980431 -0.05870841 -0.08219178 0.9941292 -0.05675147 -0.1311155 0.9921722 -0.001956947 -0.1311155 0.9921722 -0.001956947 -0.7338552 0.5596869 0.3835616 -0.1311155 0.9921722 -0.001956947 -0.03522505 0.9980431 -0.05870841 -0.03522505 0.9980431 -0.05870841 0.005870841 0.9960861 -0.08219178 -0.03522505 0.9980431 -0.05870841 -0.5127202 0.1585127 0.8434442 -0.03522505 0.9882583 0.148728 -0.03522505 0.9882583 0.148728 -0.001956947 0.9960861 0.09589041 0.2524462 0.7866927 -0.5616438 0.1643836 0.9784736 0.1213307 0.1643836 0.9784736 0.1213307 0.1409002 0.960861 0.2348337 0.1409002 0.960861 0.2348337 0.1291585 0.9510763 0.2837573 -0.1996086 0.6027398 -0.7729941 -0.04500978 0.9980431 -0.05870841 -0.04500978 0.9980431 -0.05870841 -0.01174168 0.9960861 0.08806262 -0.01174168 0.9960861 0.08806262 0.001956947 0.9882583 0.148728 -0.4129159 0.7514677 0.5146771 -0.1761252 0.9823875 0.04892368 -0.1761252 0.9823875 0.04892368 -0.09197652 0.9902152 -0.0998043 -0.09197652 0.9902152 -0.0998043 -0.03522505 0.9804305 -0.1976517 -0.03522505 0.9804305 -0.1976517 -0.009784736 0.9706458 -0.2387476 -0.04892368 0.4951076 0.8669276 0.04696673 0.9902152 0.1389433 0.04696673 0.9902152 0.1389433 0.06262231 0.9980431 -0.01174168 0.06262231 0.9980431 -0.01174168 0.0665362 0.9941292 -0.07436399 0.01956947 0.9921722 -0.1291585 0.01956947 0.9921722 -0.1291585 -0.2759295 0.5596869 -0.7808219 0.01956947 0.9921722 -0.1291585 0.06262231 0.9980431 -0.02544031 0.06262231 0.9980431 -0.02544031 0.08023483 0.9960861 0.01565558 0.06262231 0.9980431 -0.02544031 -0.7632094 0.1585127 -0.6262231 -0.1428571 0.9882583 -0.05675147 -0.1428571 0.9882583 -0.05675147 -0.09393346 0.9960861 -0.01565558 0.5205479 0.7866927 0.3287671 -0.1428571 0.9784736 0.1448141 -0.1428571 0.9784736 0.1448141 -0.2524462 0.960861 0.1056751 -0.2524462 0.960861 0.1056751 -0.2994129 0.9510763 0.08806262 0.7925636 0.6027398 -0.08806262 0.06457926 0.9980431 -0.037182 0.06457926 0.9980431 -0.037182 -0.08414873 0.9960861 -0.02348337 -0.08414873 0.9960861 -0.02348337 -0.148728 0.9882583 -0.01761252 -0.6516634 0.7514677 0.0998043 -0.1624266 0.9823875 -0.08414873 -0.1624266 0.9823875 -0.08414873 0 0.9902152 -0.1350294 0 0.9902152 -0.1350294 0.1076321 0.9804305 -0.1682975 0.1076321 0.9804305 -0.1682975 0.1545988 0.9706458 -0.1819961 -0.6242661 0.4951076 0.6046967 -0.05870841 0.9902152 0.1330724 -0.05870841 0.9902152 0.1330724 0.05283757 0.9980431 0.0332681 0.05283757 0.9980431 0.0332681 0.0998043 0.9941292 -0.009784736 0.1037182 0.9921722 -0.08219178 0.1037182 0.9921722 -0.08219178 0.3268102 0.5596869 -0.7612525 0.1037182 0.9921722 -0.08219178 0.06457926 0.9980431 0.02348337 0.06457926 0.9980431 0.02348337 0.04696673 0.9960861 0.0665362 0.06457926 0.9980431 0.02348337 -0.1389433 0.1585127 -0.9784736 -0.0665362 0.9882583 -0.1389433 -0.0665362 0.9882583 -0.1389433 -0.05870841 0.9960861 -0.07436399 0.1604697 0.7866927 0.5949119 -0.2035225 0.9784736 0.009784736 -0.2035225 0.9784736 0.009784736 -0.258317 0.960861 -0.09393346 -0.258317 0.960861 -0.09393346 -0.2798434 0.9510763 -0.1369863 0.6438356 0.6027398 0.4716243 0.07240704 0.9980431 0.01565558 0.07240704 0.9980431 0.01565558 -0.04696673 0.9960861 -0.07436399 -0.04696673 0.9960861 -0.07436399 -0.09589041 0.9882583 -0.1135029 -0.1624266 0.7514677 0.6399217 -0.1409002 0.9823875 0.1174168 -0.1409002 0.9823875 0.1174168 -0.1252446 0.9902152 -0.05283757 -0.1252446 0.9902152 -0.05283757 -0.1135029 0.9804305 -0.1643836 -0.1135029 0.9804305 -0.1643836 -0.1076321 0.9706458 -0.2133072 0.3150685 0.4951076 0.8101761 0.0998043 0.9902152 0.1056751 0.0998043 0.9902152 0.1056751 0.05088063 0.9980431 -0.03522505 0.05088063 0.9980431 -0.03522505 0.03131115 0.9941292 -0.09589041 -0.03522505 0.9921722 -0.1272016 -0.03522505 0.9921722 -0.1272016 -0.5733855 0.5596869 -0.5968689 -0.03522505 0.9921722 -0.1272016 0.04696673 0.9980431 -0.05088063 0.04696673 0.9980431 -0.05088063 0.08023483 0.9960861 -0.01761252 0.04696673 0.9980431 -0.05088063 -0.3091977 0.9432485 -0.1252446 -0.1526419 0.9882583 0.007827789 -0.3091977 0.9432485 -0.1252446 -0.1526419 0.9882583 0.007827789 -0.09197652 0.9960861 0.02544031 -0.1526419 0.9882583 0.007827789 0.6105675 0.7866927 0.08414873 -0.0704501 0.9784736 0.1917808 -0.0704501 0.9784736 0.1917808 -0.18591 0.960861 0.2015656 -0.18591 0.960861 0.2015656 -0.2348337 0.9510763 0.2035225 0.6849315 0.6027398 -0.4090019 0.04305284 0.9980431 -0.06066536 0.04305284 0.9980431 -0.06066536 -0.08806262 0.9960861 0.01369863 -0.08806262 0.9960861 0.01369863 -0.1428571 0.9882583 0.04500978 -0.9549902 0.1585127 -0.2544031 -0.4481409 0.8825831 -0.148728 -0.4481409 0.8825831 -0.148728 0.6027398 0.7514677 0.2700587 0.09197652 0.9823875 0.1585127 0.09197652 0.9823875 0.1585127 -0.07240704 0.9902152 0.1154599 -0.07240704 0.9902152 0.1154599 -0.1819961 0.9804305 0.08219178 -0.1819961 0.9804305 0.08219178 -0.2270059 0.9706458 0.06849315 0.851272 0.4951076 -0.1722113 0.1213307 0.9902152 -0.08023483 0.1213307 0.9902152 -0.08023483 -0.02739726 0.9980431 -0.05675147 -0.02739726 0.9980431 -0.05675147 -0.08806262 0.9941292 -0.04696673 -0.1311155 0.9921722 0.01369863 -0.1311155 0.9921722 0.01369863 -0.6868885 0.5596869 0.4637965 -0.1311155 0.9921722 0.01369863 -0.04109589 0.9980431 -0.05479452 -0.04109589 0.9980431 -0.05479452 -0.003913894 0.9960861 -0.08219178 -0.04109589 0.9980431 -0.05479452 -0.1761252 0.9432485 0.2837573 -0.01956947 0.9882583 0.1526419 -0.1761252 0.9432485 0.2837573 -0.01956947 0.9882583 0.1526419 0.007827789 0.9960861 0.09589041 -0.01956947 0.9882583 0.1526419 0.1878669 0.7866927 -0.5870842 0.1780822 0.9784736 0.1017613 0.1780822 0.9784736 0.1017613 0.1663405 0.960861 0.2172211 0.1663405 0.960861 0.2172211 0.1604697 0.9510763 0.2661448 -0.2857143 0.6027398 -0.7455969 -0.05283757 0.9980431 -0.05283757 -0.05283757 0.9980431 -0.05283757 -0.001956947 0.9960861 0.08806262 -0.001956947 0.9960861 0.08806262 0.01956947 0.9882583 0.148728 -0.4129159 0.1585127 0.8962818 -0.223092 0.8825831 0.4148728 -0.223092 0.8825831 0.4148728 0.5968689 0.7514677 0.2818004 0.08806262 0.9823875 0.1604697 0.08806262 0.9823875 0.1604697 -0.07632094 0.9902152 0.1135029 -0.07632094 0.9902152 0.1135029 -0.183953 0.9804305 0.07827789 -0.183953 0.9804305 0.07827789 -0.2289628 0.9706458 0.06457926 0.8551859 0.4951076 -0.1526419 0.1232877 0.9902152 -0.07827789 0.1232877 0.9902152 -0.07827789 -0.02544031 0.9980431 -0.05675147 -0.02544031 0.9980431 -0.05675147 -0.08806262 0.9941292 -0.04892368 -0.1311155 0.9921722 0.009784736 -0.1311155 0.9921722 0.009784736 -0.6966732 0.5596869 0.4481409 -0.1311155 0.9921722 0.009784736 -0.04109589 0.9980431 -0.05479452 -0.04109589 0.9980431 -0.05479452 -0.001956947 0.9960861 -0.08219178 -0.04109589 0.9980431 -0.05479452 -0.183953 0.9432485 0.2798434 -0.02152642 0.9882583 0.1526419 -0.183953 0.9432485 0.2798434 -0.02152642 0.9882583 0.1526419 0.005870841 0.9960861 0.09589041 -0.02152642 0.9882583 0.1526419 0.1996086 0.7866927 -0.5831702 0.1741683 0.9784736 0.1056751 0.1741683 0.9784736 0.1056751 0.1624266 0.960861 0.221135 0.1624266 0.960861 0.221135 0.1545988 0.9510763 0.2700587 -0.2700587 0.6027398 -0.7514677 -0.05088063 0.9980431 -0.05283757 -0.05088063 0.9980431 -0.05283757 -0.003913894 0.9960861 0.08806262 -0.003913894 0.9960861 0.08806262 0.01565558 0.9882583 0.148728 -0.4324853 0.1585127 0.888454 -0.2309198 0.8825831 0.4109589 -0.2309198 0.8825831 0.4109589 0.5909981 0.483366 0.6457925 0.5909981 0.483366 0.6457925 0.5909981 0.483366 0.6457925 0.5909981 0.483366 0.6457925 -0.3972603 0.5342466 0.7455969 -0.3972603 0.5342466 0.7455969 -0.3972603 0.5342466 0.7455969 -0.3972603 0.5342466 0.7455969 0.3228963 0.5499021 -0.7710372 0.3228963 0.5499021 -0.7710372 0.3228963 0.5499021 -0.7710372 0.3228963 0.5499021 -0.7710372 0.7847358 0.6183953 -0.06066536 0.7847358 0.6183953 -0.06066536 0.7847358 0.6183953 -0.06066536 0.7847358 0.6183953 -0.06066536 -0.7866927 0.592955 0.1702544 -0.7866927 0.592955 0.1702544 -0.7866927 0.592955 0.1702544 -0.7866927 0.592955 0.1702544 -0.5949119 0.5381604 -0.5968689 -0.5949119 0.5381604 -0.5968689 -0.5949119 0.5381604 -0.5968689 -0.5949119 0.5381604 -0.5968689 0 1 0 0 1 0 0 1 0 0 1 0 0 1 0 0 1 0 0.5909981 0.483366 0.6457925 0.5909981 0.483366 0.6457925 0.5909981 0.483366 0.6457925 0.5909981 0.483366 0.6457925 -0.3972603 0.5342466 0.7455969 -0.3972603 0.5342466 0.7455969 -0.3972603 0.5342466 0.7455969 -0.3972603 0.5342466 0.7455969 0.7847358 0.6183953 -0.06066536 0.7847358 0.6183953 -0.06066536 0.7847358 0.6183953 -0.06066536 0.7847358 0.6183953 -0.06066536 -0.7866927 0.592955 0.1702544 -0.7866927 0.592955 0.1702544 -0.7866927 0.592955 0.1702544 -0.7866927 0.592955 0.1702544 -0.5949119 0.5381604 -0.5968689 -0.5949119 0.5381604 -0.5968689 -0.5949119 0.5381604 -0.5968689 -0.5949119 0.5381604 -0.5968689 0 1 0 0 1 0 0 1 0 0 1 0 0 1 0 0 1 0 0.5909981 0.483366 0.6457925 0.5909981 0.483366 0.6457925 0.5909981 0.483366 0.6457925 0.5909981 0.483366 0.6457925 -0.3972603 0.5342466 0.7455969 -0.3972603 0.5342466 0.7455969 -0.3972603 0.5342466 0.7455969 -0.3972603 0.5342466 0.7455969 0.3228963 0.5499021 -0.7710372 0.3228963 0.5499021 -0.7710372 0.3228963 0.5499021 -0.7710372 0.3228963 0.5499021 -0.7710372 0.7847358 0.6183953 -0.06066536 0.7847358 0.6183953 -0.06066536 0.7847358 0.6183953 -0.06066536 0.7847358 0.6183953 -0.06066536 -0.7866927 0.592955 0.1702544 -0.7866927 0.592955 0.1702544 -0.7866927 0.592955 0.1702544 -0.7866927 0.592955 0.1702544 -0.5949119 0.5381604 -0.5968689 -0.5949119 0.5381604 -0.5968689 -0.5949119 0.5381604 -0.5968689 -0.5949119 0.5381604 -0.5968689 0 1 0 0 1 0 0 1 0 0 1 0 0 1 0 0 1 0 0.5909981 0.483366 0.6457925 0.5909981 0.483366 0.6457925 0.5909981 0.483366 0.6457925 0.5909981 0.483366 0.6457925 -0.3972603 0.5342466 0.7455969 -0.3972603 0.5342466 0.7455969 -0.3972603 0.5342466 0.7455969 -0.3972603 0.5342466 0.7455969 0.3228963 0.5499021 -0.7710372 0.3228963 0.5499021 -0.7710372 0.3228963 0.5499021 -0.7710372 0.3228963 0.5499021 -0.7710372 0.7847358 0.6183953 -0.06066536 0.7847358 0.6183953 -0.06066536 0.7847358 0.6183953 -0.06066536 0.7847358 0.6183953 -0.06066536 -0.7866927 0.592955 0.1702544 -0.7866927 0.592955 0.1702544 -0.7866927 0.592955 0.1702544 -0.7866927 0.592955 0.1702544 -0.5949119 0.5381604 -0.5968689 -0.5949119 0.5381604 -0.5968689 -0.5949119 0.5381604 -0.5968689 -0.5949119 0.5381604 -0.5968689 0 1 0 0 1 0 0 1 0 0 1 0 0 1 0 0 1 0 0.1917808 0.5870842 0.7866927 -0.1643836 0.8786693 0.4481409 -0.1643836 0.8786693 0.4481409 0.6927593 0.4579256 0.555773 0.007827789 0.9549902 0.295499 0.007827789 0.9549902 0.295499 -0.2465753 0.9471624 0.2035225 -0.2465753 0.9471624 0.2035225 -0.8943248 0.444227 0.05479452 -0.2465753 0.9471624 0.2035225 -0.1369863 0.9667319 0.2133072 -0.1369863 0.9667319 0.2133072 -0.09001957 0.9726027 0.2172211 -0.1369863 0.9667319 0.2133072 -0.9001957 -0.09001957 0.4266145 -0.2465753 0.8943248 0.3737769 -0.2465753 0.8943248 0.3737769 -0.1898239 0.9158513 0.3522505 0.4011742 0.9119374 -0.08414873 -0.06262231 0.8864971 0.4598826 -0.06262231 0.8864971 0.4598826 0.1624266 0.8199608 -0.5479452 -0.1448141 0.9667319 0.2074364 -0.1448141 0.9667319 0.2074364 -0.1937378 0.9197652 0.3405088 -0.4481409 0.704501 0.5518591 -0.1937378 0.9745597 0.1154599 -0.1937378 0.9745597 0.1154599 -0.1017613 0.9941292 -0.02544031 -0.1017613 0.9941292 -0.02544031 -0.03913894 0.9921722 -0.1213307 -0.03913894 0.9921722 -0.1213307 -0.01174168 0.9863014 -0.1624266 -0.09784736 0.4246575 0.9001957 0.02544031 0.9765166 0.2172211 0.02544031 0.9765166 0.2172211 0.04696673 0.9960861 0.0704501 0.04696673 0.9960861 0.0704501 0.05675147 0.9980431 0.007827789 0.01174168 0.9980431 -0.05088063 0.01174168 0.9980431 -0.05088063 -0.2446184 0.6164383 -0.7475538 0.01174168 0.9980431 -0.05088063 0.04892368 0.9980431 0.05479452 0.04892368 0.9980431 0.05479452 0.06457926 0.9921722 0.09784736 0.04892368 0.9980431 0.05479452 -0.7338552 0.1976517 -0.6497065 -0.1545988 0.9882583 0.01369863 -0.1545988 0.9882583 0.01369863 -0.1076321 0.9921722 0.05675147 0.4931507 0.7651663 0.4148728 -0.1643836 0.962818 0.2152642 -0.1643836 0.962818 0.2152642 -0.2720157 0.9471624 0.1682975 -0.2720157 0.9471624 0.1682975 -0.3170255 0.9373777 0.146771 0.7866927 0.6164383 -0.001956947 0.05088063 0.9980431 0.04305284 0.05088063 0.9980431 0.04305284 -0.09784736 0.9941292 0.04892368 -0.09784736 0.9941292 0.04892368 -0.1624266 0.9863014 0.05088063 -0.0998043 0.7514677 0.6516634 -0.1291585 0.9823875 0.1311155 -0.1291585 0.9823875 0.1311155 -0.1291585 0.9902152 -0.03913894 -0.1291585 0.9902152 -0.03913894 -0.1291585 0.9804305 -0.1526419 -0.1291585 0.9804305 -0.1526419 -0.1272016 0.9706458 -0.2015656 0.3913894 0.4951076 0.7749511 0.109589 0.9902152 0.09589041 0.109589 0.9902152 0.09589041 0.04696673 0.9980431 -0.04109589 0.04696673 0.9980431 -0.04109589 0.02152642 0.9941292 -0.09784736 -0.04696673 0.9921722 -0.1232877 -0.04696673 0.9921722 -0.1232877 -0.62818 0.5596869 -0.5381604 -0.04696673 0.9921722 -0.1232877 0.04109589 0.9980431 -0.05479452 0.04109589 0.9980431 -0.05479452 0.07827789 0.9960861 -0.02544031 0.04109589 0.9980431 -0.05479452 -0.3209393 0.9432485 -0.09589041 -0.1526419 0.9882583 0.02152642 -0.3209393 0.9432485 -0.09589041 -0.1526419 0.9882583 0.02152642 -0.09001957 0.9960861 0.0332681 -0.1526419 0.9882583 0.02152642 0.6164383 0.7866927 0.02348337 -0.05088063 0.9784736 0.1976517 -0.05088063 0.9784736 0.1976517 -0.1663405 0.960861 0.2191781 -0.1663405 0.960861 0.2191781 -0.2133072 0.9510763 0.2250489 0.6418787 0.6027398 -0.4735812 0.037182 0.9980431 -0.06457926 0.037182 0.9980431 -0.06457926 -0.08610567 0.9960861 0.02152642 -0.08610567 0.9960861 0.02152642 -0.1369863 0.9882583 0.05870841 -0.9745597 0.1585127 -0.1604697 -0.4598826 0.8825831 -0.1037182 -0.4598826 0.8825831 -0.1037182 0.5968689 0.7514677 0.2818004 0.08806262 0.9823875 0.1604697 0.08806262 0.9823875 0.1604697 -0.07632094 0.9902152 0.1135029 -0.07632094 0.9902152 0.1135029 -0.183953 0.9804305 0.07827789 -0.183953 0.9804305 0.07827789 -0.2289628 0.9706458 0.06457926 0.8551859 0.4951076 -0.1526419 0.1232877 0.9902152 -0.07827789 0.1232877 0.9902152 -0.07827789 -0.02544031 0.9980431 -0.05675147 -0.02544031 0.9980431 -0.05675147 -0.08806262 0.9941292 -0.04892368 -0.1311155 0.9921722 0.009784736 -0.1311155 0.9921722 0.009784736 -0.6966732 0.5596869 0.4481409 -0.1311155 0.9921722 0.009784736 -0.04109589 0.9980431 -0.05479452 -0.04109589 0.9980431 -0.05479452 -0.001956947 0.9960861 -0.08219178 -0.04109589 0.9980431 -0.05479452 -0.183953 0.9432485 0.2798434 -0.02152642 0.9882583 0.1526419 -0.183953 0.9432485 0.2798434 -0.02152642 0.9882583 0.1526419 0.005870841 0.9960861 0.09589041 -0.02152642 0.9882583 0.1526419 0.1996086 0.7866927 -0.5831702 0.1741683 0.9784736 0.1056751 0.1741683 0.9784736 0.1056751 0.1624266 0.960861 0.221135 0.1624266 0.960861 0.221135 0.1545988 0.9510763 0.2700587 -0.2700587 0.6027398 -0.7514677 -0.05088063 0.9980431 -0.05283757 -0.05088063 0.9980431 -0.05283757 -0.003913894 0.9960861 0.08806262 -0.003913894 0.9960861 0.08806262 0.01565558 0.9882583 0.148728 -0.4324853 0.1585127 0.888454 -0.2309198 0.8825831 0.4109589 -0.2309198 0.8825831 0.4109589 0.5909981 0.483366 0.6457925 0.5909981 0.483366 0.6457925 0.5909981 0.483366 0.6457925 0.5909981 0.483366 0.6457925 -0.3972603 0.5342466 0.7455969 -0.3972603 0.5342466 0.7455969 -0.3972603 0.5342466 0.7455969 -0.3972603 0.5342466 0.7455969 0.3228963 0.5499021 -0.7710372 0.3228963 0.5499021 -0.7710372 0.3228963 0.5499021 -0.7710372 0.3228963 0.5499021 -0.7710372 0.7847358 0.6183953 -0.06066536 0.7847358 0.6183953 -0.06066536 0.7847358 0.6183953 -0.06066536 0.7847358 0.6183953 -0.06066536 -0.7866927 0.592955 0.1702544 -0.7866927 0.592955 0.1702544 -0.7866927 0.592955 0.1702544 -0.7866927 0.592955 0.1702544 -0.5949119 0.5381604 -0.5968689 -0.5949119 0.5381604 -0.5968689 -0.5949119 0.5381604 -0.5968689 -0.5949119 0.5381604 -0.5968689 0 1 0 0 1 0 0 1 0 0 1 0 0 1 0 0 1 0 -0.2622309 0.964775 0.02152642 -0.2896282 0.9549902 0.06457926 -0.2896282 0.9549902 0.06457926 -0.3444227 0.9236791 0.1624266 -0.1878669 0.962818 0.1937378 -0.1937378 0.9471624 0.2563601 -0.1937378 0.9471624 0.2563601 -0.3444227 0.9236791 0.1624266 -0.1643836 0.8982387 0.407045 -0.2250489 0.8923679 0.3894325 -0.2250489 0.8923679 0.3894325 -0.1996086 0.8962818 0.3972603 -0.1996086 0.8962818 0.3972603 -0.3659491 0.8649706 0.3424658 -0.3659491 0.8649706 0.3424658 -0.5655577 0.4755382 0.6731898 -0.1545988 0.2778865 0.9471624 -0.9432485 0.3248532 -0.05675147 -0.1037182 0.9217221 0.3737769 0.6614481 0.7436399 0.09001957 -0.1037182 0.9217221 0.3737769 -0.1174168 0.9569471 0.2622309 -0.2485323 0.9569471 0.1526419 -0.2485323 0.9569471 0.1526419 -0.6144814 0.7534246 -0.2367906 -0.2093934 0.8943248 0.3933464 -0.1037182 0.9217221 0.3737769 0.1526419 0.9882583 0.037182 0.1526419 0.9882583 0.037182 0.667319 0.5283757 -0.5244619 -0.1174168 0.9569471 0.2622309 -0.02935421 0.9432485 0.332681 -0.2093934 0.8943248 0.3933464 -0.1526419 0.9667319 0.2074364 0.04892368 0.9882583 0.148728 0.04892368 0.9882583 0.148728 -0.02935421 0.9432485 0.332681 -0.2544031 0.8806262 0.4011742 -0.2093934 0.8943248 0.3933464 0.009784736 0.9334638 0.3600783 -0.1526419 0.9667319 0.2074364 -0.1996086 0.9491194 0.2465753 -0.1526419 0.9667319 0.2074364 -0.3522505 0.9197652 0.1761252 -0.3268102 0.9197652 0.2172211 -0.3268102 0.9197652 0.2172211 -0.2641879 0.9119374 0.3131115 -0.2641879 0.9119374 0.3131115 -0.1232877 0.9667319 0.221135 -0.1232877 0.9667319 0.221135 -0.1761252 0.9667319 0.1878669 -0.1937378 0.9197652 0.3405088 -0.1409002 0.8356164 0.5322896 -0.1409002 0.8356164 0.5322896 -0.2133072 0.8923679 0.3953033 -0.1741683 0.8101761 0.5596869 0.3228963 0.5499021 -0.7710372 0.3228963 0.5499021 -0.7710372 0.3228963 0.5499021 -0.7710372 0.3228963 0.5499021 -0.7710372 0.09393346 0.9902152 -0.09784736 0.1213307 0.9902152 -0.05675147 0.1213307 0.9902152 -0.05675147 0.1819961 0.9823875 0.03913894 0.2544031 0.964775 0.07632094 0.1976517 0.9745597 0.1017613 0.1976517 0.9745597 0.1017613 0.1819961 0.9823875 0.03913894 0.1976517 0.9745597 0.1017613 -0.01174168 0.9941292 0.09784736 0.2700587 0.9452055 0.1800391 -0.01174168 0.9941292 0.09784736 0.2700587 0.9452055 0.1800391 0.3561644 0.9315069 -0.06457926 0.3131115 0.9471624 -0.06849315 0.3131115 0.9471624 -0.06849315 -0.146771 0.9745597 0.1663405 -0.146771 0.9745597 0.1663405 -0.8082192 0.4285714 0.4050881 0.3131115 0.9471624 -0.06849315 0.2054795 0.9765166 -0.07632094 0.2054795 0.9765166 -0.07632094 0.4970646 0.62818 0.5988258 -0.6086106 0.7866927 -0.1017613 0.2054795 0.9765166 -0.07632094 0.444227 0.8962818 0.01956947 0.8708415 0.2367906 0.4305284 0.444227 0.8962818 0.01956947 0.3248532 0.9432485 -0.06066536 0.3248532 0.9432485 -0.06066536 0.3033268 0.9491194 -0.07436399 0.4461839 0.4892368 -0.7495108 0.3033268 0.9491194 -0.07436399 0.2739726 0.9569471 -0.09393346 0.3659491 0.9099804 0.1937378 0.7436399 0.5851272 -0.3209393 0.3659491 0.9099804 0.1937378 0.2524462 0.964775 0.06457926 0.2818004 0.9197652 0.2739726 0.2524462 0.964775 0.06457926 0.2818004 0.9197652 0.2739726 0.2270059 0.964775 0.1252446 0.2426614 0.9197652 0.3072407 0.3228963 0.5499021 -0.7710372 0.3228963 0.5499021 -0.7710372 0.3228963 0.5499021 -0.7710372 0.3228963 0.5499021 -0.7710372 0.7847358 0.6183953 -0.06066536 0.7847358 0.6183953 -0.06066536 0.7847358 0.6183953 -0.06066536 0.7847358 0.6183953 -0.06066536 0 1 0 0 1 0 0 1 0 0 1 0 -0.5949119 0.5381604 -0.5968689 -0.5949119 0.5381604 -0.5968689 -0.5949119 0.5381604 -0.5968689 -0.5949119 0.5381604 -0.5968689 0 1 0 0.5909981 0.483366 0.6457925 0.5909981 0.483366 0.6457925 0.5909981 0.483366 0.6457925 0.5909981 0.483366 0.6457925 0 1 0 -0.7866927 0.592955 0.1702544 -0.7866927 0.592955 0.1702544 -0.7866927 0.592955 0.1702544 -0.7866927 0.592955 0.1702544 -0.3972603 0.5342466 0.7455969 -0.3972603 0.5342466 0.7455969 -0.3972603 0.5342466 0.7455969 -0.3972603 0.5342466 0.7455969 -0.05283757 0.9510763 0.3072407 -0.01761252 0.960861 0.2739726 -0.01761252 0.960861 0.2739726 -0.037182 0.9941292 -0.09393346 0.01761252 0.9980431 -0.06066536 0.01761252 0.9980431 -0.06066536 0.0665362 0.9784736 0.1937378 0.1448141 0.9902152 0.01956947 0.1448141 0.9902152 0.01956947 0.0665362 0.9784736 0.1937378 -0.2172211 0.9706458 -0.09784736 -0.1917808 0.9804305 -0.05675147 -0.1917808 0.9804305 -0.05675147 -0.1311155 0.9902152 0.03913894 0.7553816 0.4951076 0.4305284 -0.1311155 0.9902152 0.03913894 0.5264188 0.7866927 -0.3209393 -0.05870841 0.9960861 0.06457926 -0.003913894 0.9980431 -0.07436399 -0.05870841 0.9960861 0.06457926 -0.03522505 0.9823875 0.1800391 -0.03522505 0.9823875 0.1800391 -0.08219178 0.9882583 0.1252446 -0.003913894 0.9980431 -0.07436399 0.2739726 0.6027398 -0.7495108 0.2778865 0.7514677 0.5988258 -0.4403131 0.8825831 0.1663405 -0.4403131 0.8825831 0.1663405 -0.9001957 0.1585127 0.4050881 -0.1076321 0.9921722 -0.07632094 -0.8219178 0.5596869 -0.1017613 -0.1076321 0.9921722 -0.07632094 -0.1154599 0.9882583 0.1017613 -0.3189824 0.9432485 0.09784736 -0.3189824 0.9432485 0.09784736 -0.1154599 0.9882583 0.1017613 0.003913894 0.9980431 -0.06849315 0.003913894 0.9980431 -0.06849315 -0.1076321 0.9921722 -0.07632094 -0.05675147 0.9960861 0.07632094 -0.1154599 0.9882583 0.1017613 0.05088063 0.9960861 -0.06457926 0.003913894 0.9980431 -0.06849315 0.8297456 -0.2837573 0.483366 0.8297456 -0.2837573 0.483366 0.8297456 -0.2837573 0.483366 0.8297456 -0.2837573 0.483366 0.009784736 -0.8454012 0.5342466 0.009784736 -0.8454012 0.5342466 0.009784736 -0.8454012 0.5342466 0.009784736 -0.8454012 0.5342466 -0.08806262 0.8297456 0.5499021 -0.08806262 0.8297456 0.5499021 -0.08806262 0.8297456 0.5499021 -0.08806262 0.8297456 0.5499021 0.6575342 0.4305284 0.6183953 0.6575342 0.4305284 0.6183953 0.6575342 0.4305284 0.6183953 0.6575342 0.4305284 0.6183953 -0.6086106 -0.5283757 0.592955 -0.6086106 -0.5283757 0.592955 -0.6086106 -0.5283757 0.592955 -0.6086106 -0.5283757 0.592955 -0.8082192 0.2367906 0.5381604 -0.8082192 0.2367906 0.5381604 -0.8082192 0.2367906 0.5381604 -0.8082192 0.2367906 0.5381604 0 0 1 0 0 1 0 0 1 0 0 1 0 0 1 0 0 1 0.4696673 0.739726 0.483366 0.4696673 0.739726 0.483366 0.4696673 0.739726 0.483366 0.4696673 0.739726 0.483366 0.8238748 -0.1898239 0.5342466 0.8238748 -0.1898239 0.5342466 0.8238748 -0.1898239 0.5342466 0.8238748 -0.1898239 0.5342466 -0.8277887 0.109589 0.5499021 -0.8277887 0.109589 0.5499021 -0.8277887 0.109589 0.5499021 -0.8277887 0.109589 0.5499021 -0.2641879 0.739726 0.6183953 -0.2641879 0.739726 0.6183953 -0.2641879 0.739726 0.6183953 -0.2641879 0.739726 0.6183953 0.369863 -0.7162427 0.592955 0.369863 -0.7162427 0.592955 0.369863 -0.7162427 0.592955 0.369863 -0.7162427 0.592955 -0.4207436 -0.7299413 0.5381604 -0.4207436 -0.7299413 0.5381604 -0.4207436 -0.7299413 0.5381604 -0.4207436 -0.7299413 0.5381604 0 0 1 0 0 1 0 0 1 0 0 1 0 0 1 0 0 1 0.7240704 0.4931507 0.483366 0.7240704 0.4931507 0.483366 0.7240704 0.4931507 0.483366 0.7240704 0.4931507 0.483366 0.6829746 -0.4990215 0.5342466 0.6829746 -0.4990215 0.5342466 0.6829746 -0.4990215 0.5342466 0.6829746 -0.4990215 0.5342466 -0.7181996 0.4266145 0.5499021 -0.7181996 0.4266145 0.5499021 -0.7181996 0.4266145 0.5499021 -0.7181996 0.4266145 0.5499021 0.04892368 0.7847358 0.6183953 0.04892368 0.7847358 0.6183953 0.04892368 0.7847358 0.6183953 0.04892368 0.7847358 0.6183953 0.05675147 -0.8023483 0.592955 0.05675147 -0.8023483 0.592955 0.05675147 -0.8023483 0.592955 0.05675147 -0.8023483 0.592955 -0.6751468 -0.5048923 0.5381604 -0.6751468 -0.5048923 0.5381604 -0.6751468 -0.5048923 0.5381604 -0.6751468 -0.5048923 0.5381604 0 0 1 0 0 1 0 0 1 0 0 1 0 0 1 0 0 1 0.4696673 0.739726 0.483366 0.4696673 0.739726 0.483366 0.4696673 0.739726 0.483366 0.4696673 0.739726 0.483366 0.8238748 -0.1898239 0.5342466 0.8238748 -0.1898239 0.5342466 0.8238748 -0.1898239 0.5342466 0.8238748 -0.1898239 0.5342466 -0.8277887 0.109589 0.5499021 -0.8277887 0.109589 0.5499021 -0.8277887 0.109589 0.5499021 -0.8277887 0.109589 0.5499021 -0.2641879 0.739726 0.6183953 -0.2641879 0.739726 0.6183953 -0.2641879 0.739726 0.6183953 -0.2641879 0.739726 0.6183953 0.369863 -0.7162427 0.592955 0.369863 -0.7162427 0.592955 0.369863 -0.7162427 0.592955 0.369863 -0.7162427 0.592955 -0.4207436 -0.7299413 0.5381604 -0.4207436 -0.7299413 0.5381604 -0.4207436 -0.7299413 0.5381604 -0.4207436 -0.7299413 0.5381604 0 0 1 0 0 1 0 0 1 0 0 1 0 0 1 0 0 1 -0.1252446 0.8669276 0.483366 -0.1252446 0.8669276 0.483366 -0.1252446 0.8669276 0.483366 -0.1252446 0.8669276 0.483366 0.7475538 0.3933464 0.5342466 0.7475538 0.3933464 0.5342466 0.7475538 0.3933464 0.5342466 0.7475538 0.3933464 0.5342466 -0.6986302 -0.4559687 0.5499021 -0.6986302 -0.4559687 0.5499021 -0.6986302 -0.4559687 0.5499021 -0.6986302 -0.4559687 0.5499021 -0.6829746 0.3894325 0.6183953 -0.6829746 0.3894325 0.6183953 -0.6829746 0.3894325 0.6183953 -0.6829746 0.3894325 0.6183953 0.7475538 -0.3013699 0.592955 0.7475538 -0.3013699 0.592955 0.7475538 -0.3013699 0.592955 0.7475538 -0.3013699 0.592955 0.1565558 -0.8277887 0.5381604 0.1565558 -0.8277887 0.5381604 0.1565558 -0.8277887 0.5381604 0.1565558 -0.8277887 0.5381604 0 0 1 0 0 1 0 0 1 0 0 1 0 0 1 0 0 1 -0.1252446 0.8669276 0.483366 -0.1252446 0.8669276 0.483366 -0.1252446 0.8669276 0.483366 -0.1252446 0.8669276 0.483366 0.7475538 0.3933464 0.5342466 0.7475538 0.3933464 0.5342466 0.7475538 0.3933464 0.5342466 0.7475538 0.3933464 0.5342466 -0.6986302 -0.4559687 0.5499021 -0.6986302 -0.4559687 0.5499021 -0.6986302 -0.4559687 0.5499021 -0.6986302 -0.4559687 0.5499021 -0.6829746 0.3894325 0.6183953 -0.6829746 0.3894325 0.6183953 -0.6829746 0.3894325 0.6183953 -0.6829746 0.3894325 0.6183953 0.7475538 -0.3013699 0.592955 0.7475538 -0.3013699 0.592955 0.7475538 -0.3013699 0.592955 0.7475538 -0.3013699 0.592955 0.1565558 -0.8277887 0.5381604 0.1565558 -0.8277887 0.5381604 0.1565558 -0.8277887 0.5381604 0.1565558 -0.8277887 0.5381604 0 0 1 0 0 1 0 0 1 0 0 1 0 0 1 0 0 1 -0.1252446 0.8669276 0.483366 -0.1252446 0.8669276 0.483366 -0.1252446 0.8669276 0.483366 -0.1252446 0.8669276 0.483366 0.7475538 0.3933464 0.5342466 0.7475538 0.3933464 0.5342466 0.7475538 0.3933464 0.5342466 0.7475538 0.3933464 0.5342466 -0.6986302 -0.4559687 0.5499021 -0.6986302 -0.4559687 0.5499021 -0.6986302 -0.4559687 0.5499021 -0.6986302 -0.4559687 0.5499021 -0.6829746 0.3894325 0.6183953 -0.6829746 0.3894325 0.6183953 -0.6829746 0.3894325 0.6183953 -0.6829746 0.3894325 0.6183953 0.7475538 -0.3013699 0.592955 0.7475538 -0.3013699 0.592955 0.7475538 -0.3013699 0.592955 0.7475538 -0.3013699 0.592955 0.1565558 -0.8277887 0.5381604 0.1565558 -0.8277887 0.5381604 0.1565558 -0.8277887 0.5381604 0.1565558 -0.8277887 0.5381604 0 0 1 0 0 1 0 0 1 0 0 1 0 0 1 0 0 1 -0.1252446 0.8669276 0.483366 -0.1252446 0.8669276 0.483366 -0.1252446 0.8669276 0.483366 -0.1252446 0.8669276 0.483366 0.7475538 0.3933464 0.5342466 0.7475538 0.3933464 0.5342466 0.7475538 0.3933464 0.5342466 0.7475538 0.3933464 0.5342466 -0.6986302 -0.4559687 0.5499021 -0.6986302 -0.4559687 0.5499021 -0.6986302 -0.4559687 0.5499021 -0.6986302 -0.4559687 0.5499021 -0.6829746 0.3894325 0.6183953 -0.6829746 0.3894325 0.6183953 -0.6829746 0.3894325 0.6183953 -0.6829746 0.3894325 0.6183953 0.7475538 -0.3013699 0.592955 0.7475538 -0.3013699 0.592955 0.7475538 -0.3013699 0.592955 0.7475538 -0.3013699 0.592955 0.1565558 -0.8277887 0.5381604 0.1565558 -0.8277887 0.5381604 0.1565558 -0.8277887 0.5381604 0.1565558 -0.8277887 0.5381604 0 0 1 0 0 1 0 0 1 0 0 1 0 0 1 0 0 1 0.3150685 0.9393346 0.1350294 0.07827789 0.8199608 0.5655577 0.7416829 0.592955 0.3150685 0.111546 0.5851272 0.8023483 0.07827789 0.8199608 0.5655577 -0.3424658 0.9021527 0.2641879 0.111546 0.5851272 0.8023483 -0.6320939 0.6007828 0.4892368 0.7416829 0.592955 0.3150685 0.6105675 0.6438356 -0.4598826 0.3150685 0.9393346 0.1350294 0.4305284 0.8434442 -0.3228963 -0.6320939 0.6007828 0.4892368 -0.3424658 0.9021527 0.2641879 -0.7534246 0.6164383 -0.2328767 -0.4011742 0.9080235 -0.1232877 -0.4011742 0.9080235 -0.1232877 -0.109589 0.8317025 -0.5440313 -0.7534246 0.6164383 -0.2328767 -0.1545988 0.6164383 -0.7729941 -0.1545988 0.6164383 -0.7729941 -0.109589 0.8317025 -0.5440313 0.6105675 0.6438356 -0.4598826 0.4305284 0.8434442 -0.3228963 -0.109589 0.8317025 -0.5440313 0.3150685 0.9393346 0.1350294 -0.4011742 0.9080235 -0.1232877 -0.3424658 0.9021527 0.2641879 0.07827789 0.8199608 0.5655577 0.5988258 0.7514677 -0.2778865 0.1800391 0.9823875 0.03522505 0.1800391 0.9823875 0.03522505 0.03913894 0.9902152 0.1311155 0.03913894 0.9902152 0.1311155 -0.05675147 0.9804305 0.1917808 -0.05675147 0.9804305 0.1917808 -0.09784736 0.9706458 0.2172211 0.4285714 0.4951076 -0.7553816 0.01761252 0.9902152 -0.1448141 0.01761252 0.9902152 -0.1448141 -0.06066536 0.9980431 -0.01761252 -0.06066536 0.9980431 -0.01761252 -0.09393346 0.9941292 0.037182 -0.07632094 0.9921722 0.1076321 -0.07632094 0.9921722 0.1076321 -0.0998043 0.5596869 0.8219178 -0.07632094 0.9921722 0.1076321 -0.06849315 0.9980431 -0.003913894 -0.06849315 0.9980431 -0.003913894 -0.06457926 0.9960861 -0.05088063 -0.06849315 0.9980431 -0.003913894 0.09784736 0.9432485 0.3189824 0.1037182 0.9882583 0.1135029 0.09784736 0.9432485 0.3189824 0.07827789 0.9960861 0.05675147 0.1037182 0.9882583 0.1135029 0.1037182 0.9882583 0.1135029 -0.3209393 0.7866927 -0.5264188 0.1937378 0.9784736 -0.0665362 0.1937378 0.9784736 -0.0665362 0.2739726 0.960861 0.01761252 0.2739726 0.960861 0.01761252 0.3072407 0.9510763 0.05283757 -0.7495108 0.6027398 -0.2720157 -0.07436399 0.9980431 0.005870841 -0.07436399 0.9980431 0.005870841 0.06457926 0.9960861 0.05870841 0.06457926 0.9960861 0.05870841 0.1252446 0.9882583 0.08219178 0.407045 0.1585127 0.9001957 0.1682975 0.8825831 0.4403131 0.1682975 0.8825831 0.4403131 -0.0998043 0.7514677 0.6516634 -0.1291585 0.9823875 0.1311155 -0.1291585 0.9823875 0.1311155 -0.1291585 0.9902152 -0.03913894 -0.1291585 0.9902152 -0.03913894 -0.1291585 0.9804305 -0.1526419 -0.1291585 0.9804305 -0.1526419 -0.1272016 0.9706458 -0.2015656 0.3913894 0.4951076 0.7749511 0.109589 0.9902152 0.09589041 0.109589 0.9902152 0.09589041 0.04696673 0.9980431 -0.04109589 0.04696673 0.9980431 -0.04109589 0.02152642 0.9941292 -0.09784736 -0.04696673 0.9921722 -0.1232877 -0.04696673 0.9921722 -0.1232877 -0.62818 0.5596869 -0.5381604 -0.04696673 0.9921722 -0.1232877 0.04109589 0.9980431 -0.05479452 0.04109589 0.9980431 -0.05479452 0.07827789 0.9960861 -0.02544031 0.04109589 0.9980431 -0.05479452 -0.3209393 0.9432485 -0.09589041 -0.1526419 0.9882583 0.02152642 -0.3209393 0.9432485 -0.09589041 -0.09001957 0.9960861 0.0332681 -0.1526419 0.9882583 0.02152642 -0.1526419 0.9882583 0.02152642 0.6164383 0.7866927 0.02348337 -0.05088063 0.9784736 0.1976517 -0.05088063 0.9784736 0.1976517 -0.1663405 0.960861 0.2191781 -0.1663405 0.960861 0.2191781 -0.2133072 0.9510763 0.2250489 0.6418787 0.6027398 -0.4735812 0.037182 0.9980431 -0.06457926 0.037182 0.9980431 -0.06457926 -0.08610567 0.9960861 0.02152642 -0.08610567 0.9960861 0.02152642 -0.1369863 0.9882583 0.05870841 -0.9745597 0.1585127 -0.1604697 -0.4598826 0.8825831 -0.1037182 -0.4598826 0.8825831 -0.1037182 0.4951076 0.5909981 0.6360078 -0.01369863 0.8375734 0.5459883 -0.01369863 0.8375734 0.5459883 -0.1702544 0.8590998 0.481409 -0.1702544 0.8590998 0.481409 -0.2720157 0.8610567 0.4305284 -0.2720157 0.8610567 0.4305284 -0.3150685 0.8571429 0.407045 0.8238748 0.5381604 0.1780822 0.04892368 0.9412916 0.334638 0.04892368 0.9412916 0.334638 -0.1017613 0.9354208 0.3365949 -0.1017613 0.9354208 0.3365949 -0.1643836 0.9275929 0.334638 -0.2133072 0.9001957 0.3796478 -0.2133072 0.9001957 0.3796478 -0.7886497 0.3131115 0.5283757 -0.2133072 0.9001957 0.3796478 -0.1154599 0.9354208 0.3365949 -0.1154599 0.9354208 0.3365949 -0.07436399 0.9452055 0.3170255 -0.1154599 0.9354208 0.3365949 -0.2915851 0.7455969 0.5988258 -0.1213307 0.8434442 0.5244619 -0.2915851 0.7455969 0.5988258 -0.08806262 0.8727984 0.479452 -0.1213307 0.8434442 0.5244619 -0.1213307 0.8434442 0.5244619 0.2015656 0.960861 -0.1917808 0.08023483 0.8590998 0.5068493 0.08023483 0.8590998 0.5068493 0.05479452 0.7964775 0.6027398 0.05479452 0.7964775 0.6027398 0.04305284 0.7671233 0.6418787 -0.2270059 0.8454012 -0.483366 -0.1272016 0.9334638 0.3365949 -0.1272016 0.9334638 0.3365949 -0.09589041 0.8767123 0.4716243 -0.09589041 0.8767123 0.4716243 -0.08414873 0.8473581 0.5264188 -0.5459883 -0.223092 0.8062623 -0.3502935 0.6360078 0.6868885 -0.3502935 0.6360078 0.6868885 -0.1956947 0.7534246 0.62818 -0.1663405 0.7338552 0.6594912 -0.1663405 0.7338552 0.6594912 -0.1663405 0.7338552 0.6594912 -0.09197652 0.6810176 0.7260274 -0.09197652 0.6810176 0.7260274 0.03131115 0.7925636 0.6086106 -0.02739726 0.776908 0.630137 -0.02739726 0.776908 0.630137 0.4422701 0.06262231 0.8943248 -0.09197652 0.6810176 0.7260274 -0.02152642 0.7827789 0.6203523 0.03913894 0.7671233 0.6399217 0.03913894 0.7671233 0.6399217 -0.1624266 0.7279844 0.667319 -0.1624266 0.7279844 0.667319 0.03913894 0.7671233 0.6399217 0.18591 0.6516634 0.7358121 0.18591 0.6516634 0.7358121 -0.7886497 0.18591 0.5870842 0.3248532 0.592955 0.7358121 0.3248532 0.592955 0.7358121 0.8982387 -0.01956947 0.4383562 -0.02348337 0.8767123 0.479452 -0.6849315 0.6457925 0.3385518 -0.02348337 0.8767123 0.479452 0.03913894 0.8336595 0.5499021 0.1389433 0.9902152 0.009784736 0.03913894 0.8336595 0.5499021 0.09393346 0.8727984 0.479452 -0.2015656 0.8258317 0.5264188 -0.2857143 0.890411 -0.3542074 -0.2015656 0.8258317 0.5264188 0.1448141 0.8669276 0.4774951 0.09393346 0.8727984 0.479452 0.003913894 0.7318982 0.6829746 0.003913894 0.7318982 0.6829746 -0.1702544 0.7436399 0.6477495 -0.1702544 0.7436399 0.6477495 -0.01761252 0.6497065 0.7592955 -0.01761252 0.6497065 0.7592955 -0.1545988 0.702544 0.6947162 -0.02739726 0.6125244 0.7886497 0.1409002 0.9471624 -0.2876712 0.5342466 0.8454012 -0.04892368 0.3365949 0.6477495 -0.6829746 0.7632094 0.6418787 -0.06849315 0.5342466 0.8454012 -0.04892368 0.2309198 0.9158513 0.3307241 0.7632094 0.6418787 -0.06849315 0.4324853 0.6555773 0.6183953 0.3365949 0.6477495 -0.6829746 -0.4031311 0.6966732 -0.592955 0.1409002 0.9471624 -0.2876712 -0.2818004 0.8669276 -0.4129159 0.4324853 0.6555773 0.6183953 0.2309198 0.9158513 0.3307241 -0.2563601 0.6712329 0.6966732 -0.1350294 0.9197652 0.3659491 -0.1350294 0.9197652 0.3659491 -0.5127202 0.8551859 0.07632094 -0.2563601 0.6712329 0.6966732 -0.7338552 0.6692759 0.109589 -0.7338552 0.6692759 0.109589 -0.5127202 0.8551859 0.07632094 -0.4031311 0.6966732 -0.592955 -0.2818004 0.8669276 -0.4129159 -0.5127202 0.8551859 0.07632094 0.1409002 0.9471624 -0.2876712 -0.1350294 0.9197652 0.3659491 0.2309198 0.9158513 0.3307241 0.5342466 0.8454012 -0.04892368 0.518591 0.739726 -0.4285714 0.481409 0.8571429 0.1800391 0.702544 0.4109589 -0.5812133 0.8473581 0.4246575 0.3170255 -0.6046967 0.7612525 -0.2387476 -0.8219178 0.4657534 -0.3248532 -0.481409 0.7495108 0.4540117 -0.6536204 0.4383562 0.6164383 0.702544 0.4109589 -0.5812133 -0.1545988 0.4187867 -0.8943248 0.518591 0.739726 -0.4285714 -0.06849315 0.9158513 -0.3972603 -0.1545988 0.4187867 -0.8943248 -0.8219178 0.4657534 -0.3248532 -0.6046967 0.7612525 -0.2387476 0.8473581 0.4246575 0.3170255 0.481409 0.8571429 0.1800391 0.2367906 0.4383562 0.8669276 0.1330724 0.8649706 0.483366 0.1330724 0.8649706 0.483366 -0.481409 0.7495108 0.4540117 0.2367906 0.4383562 0.8669276 -0.6536204 0.4383562 0.6164383 0.1330724 0.8649706 0.483366 0.481409 0.8571429 0.1800391 -0.06849315 0.9158513 -0.3972603 -0.481409 0.7495108 0.4540117 0.518591 0.739726 -0.4285714 -0.6046967 0.7612525 -0.2387476 0.1976517 0.9158513 -0.3522505 0.6712329 0.739726 -0.005870841 0.4461839 0.4187867 -0.7906067 0.9119374 0.4109589 -0.007827789 0.6712329 0.739726 -0.005870841 0.260274 0.8571429 0.444227 0.9119374 0.4109589 -0.007827789 0.4579256 0.4246575 0.7808219 0.4461839 0.4187867 -0.7906067 -0.4324853 0.4677104 -0.7710372 0.1976517 0.9158513 -0.3522505 -0.3189824 0.7612525 -0.5655577 0.4579256 0.4246575 0.7808219 0.260274 0.8571429 0.444227 -0.3639922 0.4383562 0.8219178 -0.2035225 0.8649706 0.4579256 -0.2035225 0.8649706 0.4579256 -0.6594912 0.7514677 0.04892368 -0.3639922 0.4383562 0.8219178 -0.8962818 0.4383562 0.06457926 -0.8962818 0.4383562 0.06457926 -0.6594912 0.7514677 0.04892368 -0.4324853 0.4677104 -0.7710372 -0.3189824 0.7612525 -0.5655577 -0.6594912 0.7514677 0.04892368 0.1976517 0.9158513 -0.3522505 -0.2035225 0.8649706 0.4579256 0.260274 0.8571429 0.444227 0.6712329 0.739726 -0.005870841 0.5792564 0.739726 -0.3405088 0.4461839 0.8571429 0.2544031 0.7866927 0.4109589 -0.4618395 0.7866927 0.4246575 0.4500979 -0.55773 0.7612525 -0.332681 -0.7592955 0.4657534 -0.4520548 -0.5479452 0.7495108 0.369863 -0.7436399 0.4383562 0.5048923 0.7866927 0.4109589 -0.4618395 -0.007827789 0.4187867 -0.9080235 0.5792564 0.739726 -0.3405088 -0.003913894 0.9158513 -0.4031311 -0.007827789 0.4187867 -0.9080235 -0.7592955 0.4657534 -0.4520548 -0.55773 0.7612525 -0.332681 0.7866927 0.4246575 0.4500979 0.4461839 0.8571429 0.2544031 0.09589041 0.4383562 0.8943248 0.05283757 0.8649706 0.4990215 0.05283757 0.8649706 0.4990215 -0.5479452 0.7495108 0.369863 0.09589041 0.4383562 0.8943248 -0.7436399 0.4383562 0.5048923 0.05283757 0.8649706 0.4990215 -0.003913894 0.9158513 -0.4031311 -0.5479452 0.7495108 0.369863 0.4461839 0.8571429 0.2544031 0.5792564 0.739726 -0.3405088 -0.55773 0.7612525 -0.332681 0.6536204 0.739726 0.1585127 0.1428571 0.8571429 0.4951076 0.8864971 0.4109589 0.2152642 0.2524462 0.4246575 0.8688846 -0.1702544 0.7612525 -0.6262231 -0.2309198 0.4657534 -0.853229 -0.6516634 0.7495108 -0.1154599 -0.8864971 0.4383562 -0.1565558 0.8864971 0.4109589 0.2152642 0.6262231 0.4187867 -0.6594912 0.6536204 0.739726 0.1585127 0.2778865 0.9158513 -0.2915851 0.6262231 0.4187867 -0.6594912 -0.2309198 0.4657534 -0.853229 -0.1702544 0.7612525 -0.6262231 0.2524462 0.4246575 0.8688846 0.1428571 0.8571429 0.4951076 -0.553816 0.4383562 0.7084149 -0.3091977 0.8649706 0.3953033 -0.3091977 0.8649706 0.3953033 -0.6516634 0.7495108 -0.1154599 -0.553816 0.4383562 0.7084149 -0.8864971 0.4383562 -0.1565558 -0.3091977 0.8649706 0.3953033 0.2778865 0.9158513 -0.2915851 -0.6516634 0.7495108 -0.1154599 0.1428571 0.8571429 0.4951076 -0.1702544 0.7612525 -0.6262231 0.6536204 0.739726 0.1585127 0.3189824 0.9471624 -0.02348337 0.3111546 0.8454012 0.4344423 0.7612525 0.6477495 -0.05675147 0.4481409 0.6418787 0.6242661 0.3111546 0.8454012 0.4344423 -0.1663405 0.9158513 0.3659491 0.4481409 0.6418787 0.6242661 -0.3131115 0.6555773 0.6868885 0.7612525 0.6477495 -0.05675147 0.3052838 0.6966732 -0.6477495 0.3189824 0.9471624 -0.02348337 0.2133072 0.8669276 -0.4520548 -0.3131115 0.6555773 0.6868885 -0.1663405 0.9158513 0.3659491 -0.7299413 0.6712329 0.1330724 -0.3835616 0.9197652 0.0704501 -0.3835616 0.9197652 0.0704501 -0.3248532 0.8551859 -0.4031311 -0.7299413 0.6712329 0.1330724 -0.4657534 0.6692759 -0.5772994 -0.4657534 0.6692759 -0.5772994 -0.3248532 0.8551859 -0.4031311 0.3052838 0.6966732 -0.6477495 0.2133072 0.8669276 -0.4520548 -0.3248532 0.8551859 -0.4031311 0.3189824 0.9471624 -0.02348337 -0.3835616 0.9197652 0.0704501 -0.1663405 0.9158513 0.3659491 0.3111546 0.8454012 0.4344423 0.1976517 0.9158513 -0.3522505 0.6712329 0.739726 -0.005870841 0.4461839 0.4187867 -0.7906067 0.9119374 0.4109589 -0.007827789 0.6712329 0.739726 -0.005870841 0.260274 0.8571429 0.444227 0.9119374 0.4109589 -0.007827789 0.4579256 0.4246575 0.7808219 0.4461839 0.4187867 -0.7906067 -0.4324853 0.4677104 -0.7710372 0.1976517 0.9158513 -0.3522505 -0.3189824 0.7612525 -0.5655577 0.4579256 0.4246575 0.7808219 0.260274 0.8571429 0.444227 -0.3639922 0.4383562 0.8219178 -0.2035225 0.8649706 0.4579256 -0.2035225 0.8649706 0.4579256 -0.6594912 0.7514677 0.04892368 -0.3639922 0.4383562 0.8219178 -0.8962818 0.4383562 0.06457926 -0.8962818 0.4383562 0.06457926 -0.6594912 0.7514677 0.04892368 -0.4324853 0.4677104 -0.7710372 -0.3189824 0.7612525 -0.5655577 -0.6594912 0.7514677 0.04892368 0.1976517 0.9158513 -0.3522505 -0.2035225 0.8649706 0.4579256 0.260274 0.8571429 0.444227 0.6712329 0.739726 -0.005870841 0.3189824 0.9471624 -0.02348337 0.3111546 0.8454012 0.4344423 0.7612525 0.6477495 -0.05675147 0.4481409 0.6418787 0.6242661 0.3111546 0.8454012 0.4344423 -0.1663405 0.9158513 0.3659491 0.4481409 0.6418787 0.6242661 -0.3131115 0.6555773 0.6868885 0.7612525 0.6477495 -0.05675147 0.3052838 0.6966732 -0.6477495 0.3189824 0.9471624 -0.02348337 0.2133072 0.8669276 -0.4520548 -0.3131115 0.6555773 0.6868885 -0.1663405 0.9158513 0.3659491 -0.7299413 0.6712329 0.1330724 -0.3835616 0.9197652 0.0704501 -0.3835616 0.9197652 0.0704501 -0.3248532 0.8551859 -0.4031311 -0.7299413 0.6712329 0.1330724 -0.4657534 0.6692759 -0.5772994 -0.4657534 0.6692759 -0.5772994 -0.3248532 0.8551859 -0.4031311 0.3052838 0.6966732 -0.6477495 0.2133072 0.8669276 -0.4520548 -0.3248532 0.8551859 -0.4031311 0.3189824 0.9471624 -0.02348337 -0.3835616 0.9197652 0.0704501 -0.1663405 0.9158513 0.3659491 0.3111546 0.8454012 0.4344423 0.3600783 0.9158513 0.1800391 0.03913894 0.739726 0.6712329 0.8121331 0.4187867 0.4050881 0.05283757 0.4109589 0.9099804 0.03913894 0.739726 0.6712329 -0.4305284 0.8571429 0.2818004 0.05283757 0.4109589 0.9099804 -0.7573385 0.4246575 0.4951076 0.8121331 0.4187867 0.4050881 0.7475538 0.4677104 -0.4716243 0.3600783 0.9158513 0.1800391 0.5499021 0.7612525 -0.3463796 -0.7573385 0.4246575 0.4951076 -0.4305284 0.8571429 0.2818004 -0.8395303 0.4383562 -0.3209393 -0.4677104 0.8649706 -0.1800391 -0.4677104 0.8649706 -0.1800391 -0.08219178 0.7514677 -0.6555773 -0.8395303 0.4383562 -0.3209393 -0.111546 0.4383562 -0.8923679 -0.111546 0.4383562 -0.8923679 -0.08219178 0.7514677 -0.6555773 0.7475538 0.4677104 -0.4716243 0.5499021 0.7612525 -0.3463796 -0.08219178 0.7514677 -0.6555773 0.3600783 0.9158513 0.1800391 -0.4677104 0.8649706 -0.1800391 -0.4305284 0.8571429 0.2818004 0.03913894 0.739726 0.6712329 0.3679061 0.739726 0.5616438 -0.2328767 0.8571429 0.4598826 0.5009785 0.4109589 0.7632094 -0.4090019 0.4246575 0.8082192 0.3033268 0.7612525 -0.5733855 0.4129159 0.4657534 -0.7827789 -0.3972603 0.7495108 -0.5283757 -0.5401174 0.4383562 -0.7181996 0.5009785 0.4109589 0.7632094 0.9060665 0.4187867 -0.05479452 0.3679061 0.739726 0.5616438 0.4031311 0.9158513 -0.02348337 0.9060665 0.4187867 -0.05479452 0.4129159 0.4657534 -0.7827789 0.3033268 0.7612525 -0.5733855 -0.4090019 0.4246575 0.8082192 -0.2328767 0.8571429 0.4598826 -0.888454 0.4383562 0.1409002 -0.4951076 0.8649706 0.07827789 -0.4951076 0.8649706 0.07827789 -0.3972603 0.7495108 -0.5283757 -0.888454 0.4383562 0.1409002 -0.5401174 0.4383562 -0.7181996 -0.4951076 0.8649706 0.07827789 -0.2328767 0.8571429 0.4598826 0.4031311 0.9158513 -0.02348337 -0.3972603 0.7495108 -0.5283757 0.3679061 0.739726 0.5616438 0.3033268 0.7612525 -0.5733855 0.6536204 0.739726 0.1585127 0.1428571 0.8571429 0.4951076 0.8864971 0.4109589 0.2152642 0.2524462 0.4246575 0.8688846 -0.1702544 0.7612525 -0.6262231 -0.2309198 0.4657534 -0.853229 -0.6516634 0.7495108 -0.1154599 -0.8864971 0.4383562 -0.1565558 0.8864971 0.4109589 0.2152642 0.6262231 0.4187867 -0.6594912 0.6536204 0.739726 0.1585127 0.2778865 0.9158513 -0.2915851 -0.2309198 0.4657534 -0.853229 -0.1702544 0.7612525 -0.6262231 0.6262231 0.4187867 -0.6594912 0.2524462 0.4246575 0.8688846 0.1428571 0.8571429 0.4951076 -0.553816 0.4383562 0.7084149 -0.3091977 0.8649706 0.3953033 -0.3091977 0.8649706 0.3953033 -0.6516634 0.7495108 -0.1154599 -0.553816 0.4383562 0.7084149 -0.8864971 0.4383562 -0.1565558 -0.3091977 0.8649706 0.3953033 0.1428571 0.8571429 0.4951076 0.2778865 0.9158513 -0.2915851 -0.6516634 0.7495108 -0.1154599 0.6536204 0.739726 0.1585127 -0.1702544 0.7612525 -0.6262231 0.3600783 0.9158513 0.1800391 0.03913894 0.739726 0.6712329 0.8121331 0.4187867 0.4050881 0.05283757 0.4109589 0.9099804 0.03913894 0.739726 0.6712329 -0.4305284 0.8571429 0.2818004 0.05283757 0.4109589 0.9099804 -0.7573385 0.4246575 0.4951076 0.8121331 0.4187867 0.4050881 0.7475538 0.4677104 -0.4716243 0.3600783 0.9158513 0.1800391 0.5499021 0.7612525 -0.3463796 -0.7573385 0.4246575 0.4951076 -0.4305284 0.8571429 0.2818004 -0.8395303 0.4383562 -0.3209393 -0.4677104 0.8649706 -0.1800391 -0.4677104 0.8649706 -0.1800391 -0.08219178 0.7514677 -0.6555773 -0.8395303 0.4383562 -0.3209393 -0.111546 0.4383562 -0.8923679 -0.111546 0.4383562 -0.8923679 -0.08219178 0.7514677 -0.6555773 0.7475538 0.4677104 -0.4716243 0.5499021 0.7612525 -0.3463796 -0.08219178 0.7514677 -0.6555773 0.3600783 0.9158513 0.1800391 -0.4677104 0.8649706 -0.1800391 -0.4305284 0.8571429 0.2818004 0.03913894 0.739726 0.6712329 0.6536204 0.739726 0.1585127 0.1428571 0.8571429 0.4951076 0.8864971 0.4109589 0.2152642 0.2524462 0.4246575 0.8688846 -0.1702544 0.7612525 -0.6262231 -0.2309198 0.4657534 -0.853229 -0.6516634 0.7495108 -0.1154599 -0.8864971 0.4383562 -0.1565558 0.8864971 0.4109589 0.2152642 0.6262231 0.4187867 -0.6594912 0.6536204 0.739726 0.1585127 0.2778865 0.9158513 -0.2915851 -0.2309198 0.4657534 -0.853229 -0.1702544 0.7612525 -0.6262231 0.6262231 0.4187867 -0.6594912 0.2524462 0.4246575 0.8688846 0.1428571 0.8571429 0.4951076 -0.553816 0.4383562 0.7084149 -0.3091977 0.8649706 0.3953033 -0.3091977 0.8649706 0.3953033 -0.6516634 0.7495108 -0.1154599 -0.553816 0.4383562 0.7084149 -0.8864971 0.4383562 -0.1565558 -0.3091977 0.8649706 0.3953033 0.1428571 0.8571429 0.4951076 0.2778865 0.9158513 -0.2915851 -0.6516634 0.7495108 -0.1154599 0.6536204 0.739726 0.1585127 -0.1702544 0.7612525 -0.6262231 0.6536204 0.739726 0.1585127 0.1428571 0.8571429 0.4951076 0.8864971 0.4109589 0.2152642 0.2524462 0.4246575 0.8688846 -0.1702544 0.7612525 -0.6262231 -0.2309198 0.4657534 -0.853229 -0.6516634 0.7495108 -0.1154599 -0.8864971 0.4383562 -0.1565558 0.8864971 0.4109589 0.2152642 0.6262231 0.4187867 -0.6594912 0.6536204 0.739726 0.1585127 0.2778865 0.9158513 -0.2915851 -0.2309198 0.4657534 -0.853229 -0.1702544 0.7612525 -0.6262231 0.6262231 0.4187867 -0.6594912 0.2524462 0.4246575 0.8688846 0.1428571 0.8571429 0.4951076 -0.553816 0.4383562 0.7084149 -0.3091977 0.8649706 0.3953033 -0.3091977 0.8649706 0.3953033 -0.6516634 0.7495108 -0.1154599 -0.553816 0.4383562 0.7084149 -0.8864971 0.4383562 -0.1565558 -0.3091977 0.8649706 0.3953033 0.1428571 0.8571429 0.4951076 0.2778865 0.9158513 -0.2915851 -0.6516634 0.7495108 -0.1154599 0.6536204 0.739726 0.1585127 -0.1702544 0.7612525 -0.6262231 0.6536204 0.739726 0.1585127 0.1428571 0.8571429 0.4951076 0.8864971 0.4109589 0.2152642 0.2524462 0.4246575 0.8688846 -0.1702544 0.7612525 -0.6262231 -0.2309198 0.4657534 -0.853229 -0.6516634 0.7495108 -0.1154599 -0.8864971 0.4383562 -0.1565558 0.8864971 0.4109589 0.2152642 0.6262231 0.4187867 -0.6594912 0.6536204 0.739726 0.1585127 0.2778865 0.9158513 -0.2915851 -0.2309198 0.4657534 -0.853229 -0.1702544 0.7612525 -0.6262231 0.6262231 0.4187867 -0.6594912 0.2524462 0.4246575 0.8688846 0.1428571 0.8571429 0.4951076 -0.553816 0.4383562 0.7084149 -0.3091977 0.8649706 0.3953033 -0.3091977 0.8649706 0.3953033 -0.6516634 0.7495108 -0.1154599 -0.553816 0.4383562 0.7084149 -0.8864971 0.4383562 -0.1565558 -0.3091977 0.8649706 0.3953033 0.1428571 0.8571429 0.4951076 0.2778865 0.9158513 -0.2915851 -0.6516634 0.7495108 -0.1154599 0.6536204 0.739726 0.1585127 -0.1702544 0.7612525 -0.6262231 0.3600783 0.9158513 0.1800391 0.03913894 0.739726 0.6712329 0.8121331 0.4187867 0.4050881 0.05283757 0.4109589 0.9099804 0.03913894 0.739726 0.6712329 -0.4305284 0.8571429 0.2818004 0.05283757 0.4109589 0.9099804 -0.7573385 0.4246575 0.4951076 0.8121331 0.4187867 0.4050881 0.7475538 0.4677104 -0.4716243 0.3600783 0.9158513 0.1800391 0.5499021 0.7612525 -0.3463796 -0.7573385 0.4246575 0.4951076 -0.4305284 0.8571429 0.2818004 -0.8395303 0.4383562 -0.3209393 -0.4677104 0.8649706 -0.1800391 -0.4677104 0.8649706 -0.1800391 -0.08219178 0.7514677 -0.6555773 -0.8395303 0.4383562 -0.3209393 -0.111546 0.4383562 -0.8923679 -0.111546 0.4383562 -0.8923679 -0.08219178 0.7514677 -0.6555773 0.7475538 0.4677104 -0.4716243 0.5499021 0.7612525 -0.3463796 -0.08219178 0.7514677 -0.6555773 0.3600783 0.9158513 0.1800391 -0.4677104 0.8649706 -0.1800391 -0.4305284 0.8571429 0.2818004 0.03913894 0.739726 0.6712329 0.3600783 0.9158513 0.1800391 0.03913894 0.739726 0.6712329 0.8121331 0.4187867 0.4050881 0.05283757 0.4109589 0.9099804 0.03913894 0.739726 0.6712329 -0.4305284 0.8571429 0.2818004 0.05283757 0.4109589 0.9099804 -0.7573385 0.4246575 0.4951076 0.8121331 0.4187867 0.4050881 0.7475538 0.4677104 -0.4716243 0.3600783 0.9158513 0.1800391 0.5499021 0.7612525 -0.3463796 -0.7573385 0.4246575 0.4951076 -0.4305284 0.8571429 0.2818004 -0.8395303 0.4383562 -0.3209393 -0.4677104 0.8649706 -0.1800391 -0.4677104 0.8649706 -0.1800391 -0.08219178 0.7514677 -0.6555773 -0.8395303 0.4383562 -0.3209393 -0.111546 0.4383562 -0.8923679 -0.111546 0.4383562 -0.8923679 -0.08219178 0.7514677 -0.6555773 0.7475538 0.4677104 -0.4716243 0.5499021 0.7612525 -0.3463796 -0.08219178 0.7514677 -0.6555773 0.3600783 0.9158513 0.1800391 -0.4677104 0.8649706 -0.1800391 -0.4305284 0.8571429 0.2818004 0.03913894 0.739726 0.6712329 0.6536204 0.739726 0.1585127 0.1428571 0.8571429 0.4951076 0.8864971 0.4109589 0.2152642 0.2524462 0.4246575 0.8688846 -0.1702544 0.7612525 -0.6262231 -0.2309198 0.4657534 -0.853229 -0.6516634 0.7495108 -0.1154599 -0.8864971 0.4383562 -0.1565558 0.8864971 0.4109589 0.2152642 0.6262231 0.4187867 -0.6594912 0.6536204 0.739726 0.1585127 0.2778865 0.9158513 -0.2915851 0.6262231 0.4187867 -0.6594912 -0.2309198 0.4657534 -0.853229 -0.1702544 0.7612525 -0.6262231 0.2524462 0.4246575 0.8688846 0.1428571 0.8571429 0.4951076 -0.553816 0.4383562 0.7084149 -0.3091977 0.8649706 0.3953033 -0.3091977 0.8649706 0.3953033 -0.6516634 0.7495108 -0.1154599 -0.553816 0.4383562 0.7084149 -0.8864971 0.4383562 -0.1565558 -0.3091977 0.8649706 0.3953033 0.1428571 0.8571429 0.4951076 0.2778865 0.9158513 -0.2915851 -0.6516634 0.7495108 -0.1154599 0.6536204 0.739726 0.1585127 -0.1702544 0.7612525 -0.6262231 0.6536204 0.739726 0.1585127 0.1428571 0.8571429 0.4951076 0.8864971 0.4109589 0.2152642 0.2524462 0.4246575 0.8688846 -0.1702544 0.7612525 -0.6262231 -0.2309198 0.4657534 -0.853229 -0.6516634 0.7495108 -0.1154599 -0.8864971 0.4383562 -0.1565558 0.8864971 0.4109589 0.2152642 0.6262231 0.4187867 -0.6594912 0.6536204 0.739726 0.1585127 0.2778865 0.9158513 -0.2915851 0.6262231 0.4187867 -0.6594912 -0.2309198 0.4657534 -0.853229 -0.1702544 0.7612525 -0.6262231 0.2524462 0.4246575 0.8688846 0.1428571 0.8571429 0.4951076 -0.553816 0.4383562 0.7084149 -0.3091977 0.8649706 0.3953033 -0.3091977 0.8649706 0.3953033 -0.6516634 0.7495108 -0.1154599 -0.553816 0.4383562 0.7084149 -0.8864971 0.4383562 -0.1565558 -0.3091977 0.8649706 0.3953033 0.2778865 0.9158513 -0.2915851 -0.6516634 0.7495108 -0.1154599 0.1428571 0.8571429 0.4951076 -0.1702544 0.7612525 -0.6262231 0.6536204 0.739726 0.1585127 0.2935421 0.9471624 0.1272016 0.07436399 0.8454012 0.5303327 0.7005871 0.6477495 0.3013699 0.1076321 0.6418787 0.7592955 0.07436399 0.8454012 0.5303327 -0.3170255 0.9158513 0.2465753 0.1076321 0.6418787 0.7592955 -0.5968689 0.6555773 0.4637965 0.7005871 0.6477495 0.3013699 0.5714286 0.6966732 -0.4324853 0.2935421 0.9471624 0.1272016 0.3972603 0.8669276 -0.3013699 -0.5968689 0.6555773 0.4637965 -0.3170255 0.9158513 0.2465753 -0.7084149 0.6712329 -0.221135 -0.37182 0.9197652 -0.1154599 -0.37182 0.9197652 -0.1154599 -0.1017613 0.8551859 -0.5068493 -0.7084149 0.6712329 -0.221135 -0.1448141 0.6692759 -0.7279844 -0.1448141 0.6692759 -0.7279844 -0.1017613 0.8551859 -0.5068493 0.5714286 0.6966732 -0.4324853 0.3972603 0.8669276 -0.3013699 -0.1017613 0.8551859 -0.5068493 0.2935421 0.9471624 0.1272016 -0.37182 0.9197652 -0.1154599 -0.3170255 0.9158513 0.2465753 0.07436399 0.8454012 0.5303327 0.3992172 0.9021527 0.1663405 0.1663405 0.890411 0.4227006 0.7436399 0.5949119 0.3091977 0.2994129 0.5694716 0.7651663 0.2700587 0.9158513 -0.297456 0.5029354 0.6614481 -0.555773 -0.007827789 0.9119374 -0.4109589 -0.01369863 0.6457925 -0.7632094 0.7495108 0.6320939 -0.1956947 0.5029354 0.6614481 -0.555773 0.4129159 0.9041096 -0.1076321 0.2700587 0.9158513 -0.297456 -0.2289628 0.6007828 0.7671233 -0.1252446 0.8982387 0.4207436 -0.6379648 0.6399217 0.4285714 -0.3444227 0.9099804 0.2309198 0.7436399 0.5949119 0.3091977 0.7495108 0.6320939 -0.1956947 0.3992172 0.9021527 0.1663405 0.4129159 0.9041096 -0.1076321 -0.3894325 0.9158513 -0.1037182 -0.2622309 0.9021527 -0.3444227 -0.7318982 0.6536204 -0.1956947 -0.4735812 0.6203523 -0.6242661 -0.01369863 0.6457925 -0.7632094 -0.4735812 0.6203523 -0.6242661 -0.007827789 0.9119374 -0.4109589 -0.2622309 0.9021527 -0.3444227 0 1 0 0.2700587 0.9158513 -0.297456 -0.2622309 0.9021527 -0.3444227 0.4129159 0.9041096 -0.1076321 0.3992172 0.9021527 0.1663405 -0.3444227 0.9099804 0.2309198 -0.1252446 0.8982387 0.4207436 0.1663405 0.890411 0.4227006 -0.3894325 0.9158513 -0.1037182 -0.3894325 0.9158513 -0.1037182 -0.7318982 0.6536204 -0.1956947 -0.6379648 0.6399217 0.4285714 0.2994129 0.5694716 0.7651663 -0.2289628 0.6007828 0.7671233 0.4540117 0.739726 0.4951076 -0.1565558 0.8571429 0.4911937 0.6164383 0.4109589 0.6731898 -0.2739726 0.4246575 0.8630137 0.2074364 0.7612525 -0.6144814 0.2818004 0.4657534 -0.8375734 -0.4774951 0.7495108 -0.4579256 -0.6497065 0.4383562 -0.6223092 0.6164383 0.4109589 0.6731898 0.8864971 0.4187867 -0.1996086 0.4540117 0.739726 0.4951076 0.3933464 0.9158513 -0.08806262 0.8864971 0.4187867 -0.1996086 0.2818004 0.4657534 -0.8375734 0.2074364 0.7612525 -0.6144814 -0.2739726 0.4246575 0.8630137 -0.1565558 0.8571429 0.4911937 -0.853229 0.4383562 0.2798434 -0.4755382 0.8649706 0.1565558 -0.4755382 0.8649706 0.1565558 -0.4774951 0.7495108 -0.4579256 -0.853229 0.4383562 0.2798434 -0.6497065 0.4383562 -0.6223092 -0.4755382 0.8649706 0.1565558 0.3933464 0.9158513 -0.08806262 -0.4774951 0.7495108 -0.4579256 -0.1565558 0.8571429 0.4911937 0.4540117 0.739726 0.4951076 0.2074364 0.7612525 -0.6144814 0.3600783 0.9158513 0.1800391 0.03913894 0.739726 0.6712329 0.8121331 0.4187867 0.4050881 0.05283757 0.4109589 0.9099804 0.03913894 0.739726 0.6712329 -0.4305284 0.8571429 0.2818004 0.05283757 0.4109589 0.9099804 -0.7573385 0.4246575 0.4951076 0.8121331 0.4187867 0.4050881 0.7475538 0.4677104 -0.4716243 0.3600783 0.9158513 0.1800391 0.5499021 0.7612525 -0.3463796 -0.7573385 0.4246575 0.4951076 -0.4305284 0.8571429 0.2818004 -0.8395303 0.4383562 -0.3209393 -0.4677104 0.8649706 -0.1800391 -0.4677104 0.8649706 -0.1800391 -0.08219178 0.7514677 -0.6555773 -0.8395303 0.4383562 -0.3209393 -0.111546 0.4383562 -0.8923679 -0.111546 0.4383562 -0.8923679 -0.08219178 0.7514677 -0.6555773 0.7475538 0.4677104 -0.4716243 0.5499021 0.7612525 -0.3463796 -0.08219178 0.7514677 -0.6555773 0.3600783 0.9158513 0.1800391 -0.4677104 0.8649706 -0.1800391 -0.4305284 0.8571429 0.2818004 0.03913894 0.739726 0.6712329 -0.1252446 0.739726 0.6594912 -0.4872798 0.8571429 0.1682975 -0.1702544 0.4109589 0.8962818 -0.8551859 0.4246575 0.295499 0.6164383 0.7612525 -0.2015656 0.8414873 0.4657534 -0.2739726 0.08219178 0.7495108 -0.6555773 0.111546 0.4383562 -0.8923679 -0.1702544 0.4109589 0.8962818 0.6888454 0.4187867 0.5909981 -0.1252446 0.739726 0.6594912 0.3052838 0.9158513 0.2622309 0.6888454 0.4187867 0.5909981 0.8414873 0.4657534 -0.2739726 0.6164383 0.7612525 -0.2015656 -0.8551859 0.4246575 0.295499 -0.4872798 0.8571429 0.1682975 -0.7358121 0.4383562 -0.516634 -0.4109589 0.8649706 -0.2876712 -0.4109589 0.8649706 -0.2876712 0.08219178 0.7495108 -0.6555773 -0.7358121 0.4383562 -0.516634 0.111546 0.4383562 -0.8923679 -0.4109589 0.8649706 -0.2876712 -0.4872798 0.8571429 0.1682975 0.3052838 0.9158513 0.2622309 0.08219178 0.7495108 -0.6555773 -0.1252446 0.739726 0.6594912 0.6164383 0.7612525 -0.2015656 0.3679061 0.739726 0.5616438 -0.2328767 0.8571429 0.4598826 0.5009785 0.4109589 0.7632094 -0.4090019 0.4246575 0.8082192 0.3033268 0.7612525 -0.5733855 0.4129159 0.4657534 -0.7827789 -0.3972603 0.7495108 -0.5283757 -0.5401174 0.4383562 -0.7181996 0.5009785 0.4109589 0.7632094 0.9060665 0.4187867 -0.05479452 0.3679061 0.739726 0.5616438 0.4031311 0.9158513 -0.02348337 0.9060665 0.4187867 -0.05479452 0.4129159 0.4657534 -0.7827789 0.3033268 0.7612525 -0.5733855 -0.4090019 0.4246575 0.8082192 -0.2328767 0.8571429 0.4598826 -0.888454 0.4383562 0.1409002 -0.4951076 0.8649706 0.07827789 -0.4951076 0.8649706 0.07827789 -0.3972603 0.7495108 -0.5283757 -0.888454 0.4383562 0.1409002 -0.5401174 0.4383562 -0.7181996 -0.4951076 0.8649706 0.07827789 -0.2328767 0.8571429 0.4598826 0.4031311 0.9158513 -0.02348337 -0.3972603 0.7495108 -0.5283757 0.3679061 0.739726 0.5616438 0.3033268 0.7612525 -0.5733855 0.1409002 0.9471624 -0.2876712 0.5342466 0.8454012 -0.04892368 0.3365949 0.6477495 -0.6829746 0.7632094 0.6418787 -0.06849315 0.5342466 0.8454012 -0.04892368 0.2309198 0.9158513 0.3307241 0.7632094 0.6418787 -0.06849315 0.4324853 0.6555773 0.6183953 0.3365949 0.6477495 -0.6829746 -0.4031311 0.6966732 -0.592955 0.1409002 0.9471624 -0.2876712 -0.2818004 0.8669276 -0.4129159 0.4324853 0.6555773 0.6183953 0.2309198 0.9158513 0.3307241 -0.2563601 0.6712329 0.6966732 -0.1350294 0.9197652 0.3659491 -0.1350294 0.9197652 0.3659491 -0.5127202 0.8551859 0.07632094 -0.2563601 0.6712329 0.6966732 -0.7338552 0.6692759 0.109589 -0.7338552 0.6692759 0.109589 -0.5127202 0.8551859 0.07632094 -0.4031311 0.6966732 -0.592955 -0.2818004 0.8669276 -0.4129159 -0.5127202 0.8551859 0.07632094 0.1409002 0.9471624 -0.2876712 -0.1350294 0.9197652 0.3659491 0.2309198 0.9158513 0.3307241 0.5342466 0.8454012 -0.04892368 0.518591 0.739726 -0.4285714 0.481409 0.8571429 0.1800391 0.702544 0.4109589 -0.5812133 0.8473581 0.4246575 0.3170255 -0.6046967 0.7612525 -0.2387476 -0.8219178 0.4657534 -0.3248532 -0.481409 0.7495108 0.4540117 -0.6536204 0.4383562 0.6164383 0.702544 0.4109589 -0.5812133 -0.1545988 0.4187867 -0.8943248 0.518591 0.739726 -0.4285714 -0.06849315 0.9158513 -0.3972603 -0.1545988 0.4187867 -0.8943248 -0.8219178 0.4657534 -0.3248532 -0.6046967 0.7612525 -0.2387476 0.8473581 0.4246575 0.3170255 0.481409 0.8571429 0.1800391 0.2367906 0.4383562 0.8669276 0.1330724 0.8649706 0.483366 0.1330724 0.8649706 0.483366 -0.481409 0.7495108 0.4540117 0.2367906 0.4383562 0.8669276 -0.6536204 0.4383562 0.6164383 0.1330724 0.8649706 0.483366 -0.06849315 0.9158513 -0.3972603 -0.481409 0.7495108 0.4540117 0.481409 0.8571429 0.1800391 0.518591 0.739726 -0.4285714 -0.6046967 0.7612525 -0.2387476 0.1976517 0.9158513 -0.3522505 0.6712329 0.739726 -0.005870841 0.4461839 0.4187867 -0.7906067 0.9119374 0.4109589 -0.007827789 0.6712329 0.739726 -0.005870841 0.260274 0.8571429 0.444227 0.9119374 0.4109589 -0.007827789 0.4579256 0.4246575 0.7808219 0.4461839 0.4187867 -0.7906067 -0.4324853 0.4677104 -0.7710372 0.1976517 0.9158513 -0.3522505 -0.3189824 0.7612525 -0.5655577 0.4579256 0.4246575 0.7808219 0.260274 0.8571429 0.444227 -0.3639922 0.4383562 0.8219178 -0.2035225 0.8649706 0.4579256 -0.2035225 0.8649706 0.4579256 -0.6594912 0.7514677 0.04892368 -0.3639922 0.4383562 0.8219178 -0.8962818 0.4383562 0.06457926 -0.8962818 0.4383562 0.06457926 -0.6594912 0.7514677 0.04892368 -0.4324853 0.4677104 -0.7710372 -0.3189824 0.7612525 -0.5655577 -0.6594912 0.7514677 0.04892368 0.1976517 0.9158513 -0.3522505 -0.2035225 0.8649706 0.4579256 0.260274 0.8571429 0.444227 0.6712329 0.739726 -0.005870841 0.5792564 0.739726 -0.3405088 0.4461839 0.8571429 0.2544031 0.7866927 0.4109589 -0.4618395 0.7866927 0.4246575 0.4500979 -0.55773 0.7612525 -0.332681 -0.7592955 0.4657534 -0.4520548 -0.5479452 0.7495108 0.369863 -0.7436399 0.4383562 0.5048923 0.7866927 0.4109589 -0.4618395 -0.007827789 0.4187867 -0.9080235 0.5792564 0.739726 -0.3405088 -0.003913894 0.9158513 -0.4031311 -0.7592955 0.4657534 -0.4520548 -0.55773 0.7612525 -0.332681 -0.007827789 0.4187867 -0.9080235 0.7866927 0.4246575 0.4500979 0.4461839 0.8571429 0.2544031 0.09589041 0.4383562 0.8943248 0.05283757 0.8649706 0.4990215 0.05283757 0.8649706 0.4990215 -0.5479452 0.7495108 0.369863 0.09589041 0.4383562 0.8943248 -0.7436399 0.4383562 0.5048923 0.05283757 0.8649706 0.4990215 0.4461839 0.8571429 0.2544031 -0.003913894 0.9158513 -0.4031311 -0.5479452 0.7495108 0.369863 0.5792564 0.739726 -0.3405088 -0.55773 0.7612525 -0.332681 0.6536204 0.739726 0.1585127 0.1428571 0.8571429 0.4951076 0.8864971 0.4109589 0.2152642 0.2524462 0.4246575 0.8688846 -0.1702544 0.7612525 -0.6262231 -0.2309198 0.4657534 -0.853229 -0.6516634 0.7495108 -0.1154599 -0.8864971 0.4383562 -0.1565558 0.8864971 0.4109589 0.2152642 0.6262231 0.4187867 -0.6594912 0.6536204 0.739726 0.1585127 0.2778865 0.9158513 -0.2915851 0.6262231 0.4187867 -0.6594912 -0.2309198 0.4657534 -0.853229 -0.1702544 0.7612525 -0.6262231 0.2524462 0.4246575 0.8688846 0.1428571 0.8571429 0.4951076 -0.553816 0.4383562 0.7084149 -0.3091977 0.8649706 0.3953033 -0.3091977 0.8649706 0.3953033 -0.6516634 0.7495108 -0.1154599 -0.553816 0.4383562 0.7084149 -0.8864971 0.4383562 -0.1565558 -0.3091977 0.8649706 0.3953033 0.1428571 0.8571429 0.4951076 0.2778865 0.9158513 -0.2915851 -0.6516634 0.7495108 -0.1154599 0.6536204 0.739726 0.1585127 -0.1702544 0.7612525 -0.6262231 0.1409002 0.9471624 -0.2876712 0.5342466 0.8454012 -0.04892368 0.3365949 0.6477495 -0.6829746 0.7632094 0.6418787 -0.06849315 0.5342466 0.8454012 -0.04892368 0.2309198 0.9158513 0.3307241 0.7632094 0.6418787 -0.06849315 0.4324853 0.6555773 0.6183953 0.3365949 0.6477495 -0.6829746 -0.4031311 0.6966732 -0.592955 0.1409002 0.9471624 -0.2876712 -0.2818004 0.8669276 -0.4129159 0.4324853 0.6555773 0.6183953 0.2309198 0.9158513 0.3307241 -0.2563601 0.6712329 0.6966732 -0.1350294 0.9197652 0.3659491 -0.1350294 0.9197652 0.3659491 -0.5127202 0.8551859 0.07632094 -0.2563601 0.6712329 0.6966732 -0.7338552 0.6692759 0.109589 -0.7338552 0.6692759 0.109589 -0.5127202 0.8551859 0.07632094 -0.4031311 0.6966732 -0.592955 -0.2818004 0.8669276 -0.4129159 -0.5127202 0.8551859 0.07632094 0.1409002 0.9471624 -0.2876712 -0.1350294 0.9197652 0.3659491 0.2309198 0.9158513 0.3307241 0.5342466 0.8454012 -0.04892368 0.6536204 0.739726 0.1585127 0.1428571 0.8571429 0.4951076 0.8864971 0.4109589 0.2152642 0.2524462 0.4246575 0.8688846 -0.1702544 0.7612525 -0.6262231 -0.2309198 0.4657534 -0.853229 -0.6516634 0.7495108 -0.1154599 -0.8864971 0.4383562 -0.1565558 0.8864971 0.4109589 0.2152642 0.6262231 0.4187867 -0.6594912 0.6536204 0.739726 0.1585127 0.2778865 0.9158513 -0.2915851 -0.2309198 0.4657534 -0.853229 -0.1702544 0.7612525 -0.6262231 0.6262231 0.4187867 -0.6594912 0.2524462 0.4246575 0.8688846 0.1428571 0.8571429 0.4951076 -0.553816 0.4383562 0.7084149 -0.3091977 0.8649706 0.3953033 -0.3091977 0.8649706 0.3953033 -0.6516634 0.7495108 -0.1154599 -0.553816 0.4383562 0.7084149 -0.8864971 0.4383562 -0.1565558 -0.3091977 0.8649706 0.3953033 0.1428571 0.8571429 0.4951076 0.2778865 0.9158513 -0.2915851 -0.6516634 0.7495108 -0.1154599 0.6536204 0.739726 0.1585127 -0.1702544 0.7612525 -0.6262231 0.1409002 0.9471624 -0.2876712 0.5342466 0.8454012 -0.04892368 0.3365949 0.6477495 -0.6829746 0.7632094 0.6418787 -0.06849315 0.5342466 0.8454012 -0.04892368 0.2309198 0.9158513 0.3307241 0.7632094 0.6418787 -0.06849315 0.4324853 0.6555773 0.6183953 0.3365949 0.6477495 -0.6829746 -0.4031311 0.6966732 -0.592955 0.1409002 0.9471624 -0.2876712 -0.2818004 0.8669276 -0.4129159 0.4324853 0.6555773 0.6183953 0.2309198 0.9158513 0.3307241 -0.2563601 0.6712329 0.6966732 -0.1350294 0.9197652 0.3659491 -0.1350294 0.9197652 0.3659491 -0.5127202 0.8551859 0.07632094 -0.2563601 0.6712329 0.6966732 -0.7338552 0.6692759 0.109589 -0.7338552 0.6692759 0.109589 -0.5127202 0.8551859 0.07632094 -0.4031311 0.6966732 -0.592955 -0.2818004 0.8669276 -0.4129159 -0.5127202 0.8551859 0.07632094 0.1409002 0.9471624 -0.2876712 -0.1350294 0.9197652 0.3659491 0.2309198 0.9158513 0.3307241 0.5342466 0.8454012 -0.04892368 0.1409002 0.9471624 -0.2876712 0.5342466 0.8454012 -0.04892368 0.3365949 0.6477495 -0.6829746 0.7632094 0.6418787 -0.06849315 0.5342466 0.8454012 -0.04892368 0.2309198 0.9158513 0.3307241 0.7632094 0.6418787 -0.06849315 0.4324853 0.6555773 0.6183953 0.3365949 0.6477495 -0.6829746 -0.4031311 0.6966732 -0.592955 0.1409002 0.9471624 -0.2876712 -0.2818004 0.8669276 -0.4129159 0.4324853 0.6555773 0.6183953 0.2309198 0.9158513 0.3307241 -0.2563601 0.6712329 0.6966732 -0.1350294 0.9197652 0.3659491 -0.1350294 0.9197652 0.3659491 -0.5127202 0.8551859 0.07632094 -0.2563601 0.6712329 0.6966732 -0.7338552 0.6692759 0.109589 -0.7338552 0.6692759 0.109589 -0.5127202 0.8551859 0.07632094 -0.4031311 0.6966732 -0.592955 -0.2818004 0.8669276 -0.4129159 -0.5127202 0.8551859 0.07632094 0.1409002 0.9471624 -0.2876712 -0.1350294 0.9197652 0.3659491 0.2309198 0.9158513 0.3307241 0.5342466 0.8454012 -0.04892368 0.6536204 0.739726 0.1585127 0.1428571 0.8571429 0.4951076 0.8864971 0.4109589 0.2152642 0.2524462 0.4246575 0.8688846 -0.1702544 0.7612525 -0.6262231 -0.2309198 0.4657534 -0.853229 -0.6516634 0.7495108 -0.1154599 -0.8864971 0.4383562 -0.1565558 0.8864971 0.4109589 0.2152642 0.6262231 0.4187867 -0.6594912 0.6536204 0.739726 0.1585127 0.2778865 0.9158513 -0.2915851 -0.2309198 0.4657534 -0.853229 -0.1702544 0.7612525 -0.6262231 0.6262231 0.4187867 -0.6594912 0.2524462 0.4246575 0.8688846 0.1428571 0.8571429 0.4951076 -0.553816 0.4383562 0.7084149 -0.3091977 0.8649706 0.3953033 -0.3091977 0.8649706 0.3953033 -0.6516634 0.7495108 -0.1154599 -0.553816 0.4383562 0.7084149 -0.8864971 0.4383562 -0.1565558 -0.3091977 0.8649706 0.3953033 0.1428571 0.8571429 0.4951076 0.2778865 0.9158513 -0.2915851 -0.6516634 0.7495108 -0.1154599 0.6536204 0.739726 0.1585127 -0.1702544 0.7612525 -0.6262231 0.6536204 0.739726 0.1585127 0.1428571 0.8571429 0.4951076 0.8864971 0.4109589 0.2152642 0.2524462 0.4246575 0.8688846 -0.1702544 0.7612525 -0.6262231 -0.2309198 0.4657534 -0.853229 -0.6516634 0.7495108 -0.1154599 -0.8864971 0.4383562 -0.1565558 0.8864971 0.4109589 0.2152642 0.6262231 0.4187867 -0.6594912 0.6536204 0.739726 0.1585127 0.2778865 0.9158513 -0.2915851 -0.2309198 0.4657534 -0.853229 -0.1702544 0.7612525 -0.6262231 0.6262231 0.4187867 -0.6594912 0.2524462 0.4246575 0.8688846 0.1428571 0.8571429 0.4951076 -0.553816 0.4383562 0.7084149 -0.3091977 0.8649706 0.3953033 -0.3091977 0.8649706 0.3953033 -0.6516634 0.7495108 -0.1154599 -0.553816 0.4383562 0.7084149 -0.8864971 0.4383562 -0.1565558 -0.3091977 0.8649706 0.3953033 0.1428571 0.8571429 0.4951076 0.2778865 0.9158513 -0.2915851 -0.6516634 0.7495108 -0.1154599 0.6536204 0.739726 0.1585127 -0.1702544 0.7612525 -0.6262231 0.6536204 0.739726 0.1585127 0.1428571 0.8571429 0.4951076 0.8864971 0.4109589 0.2152642 0.2524462 0.4246575 0.8688846 -0.1702544 0.7612525 -0.6262231 -0.2309198 0.4657534 -0.853229 -0.6516634 0.7495108 -0.1154599 -0.8864971 0.4383562 -0.1565558 0.8864971 0.4109589 0.2152642 0.6262231 0.4187867 -0.6594912 0.6536204 0.739726 0.1585127 0.2778865 0.9158513 -0.2915851 -0.2309198 0.4657534 -0.853229 -0.1702544 0.7612525 -0.6262231 0.6262231 0.4187867 -0.6594912 0.2524462 0.4246575 0.8688846 0.1428571 0.8571429 0.4951076 -0.553816 0.4383562 0.7084149 -0.3091977 0.8649706 0.3953033 -0.3091977 0.8649706 0.3953033 -0.6516634 0.7495108 -0.1154599 -0.553816 0.4383562 0.7084149 -0.8864971 0.4383562 -0.1565558 -0.3091977 0.8649706 0.3953033 0.1428571 0.8571429 0.4951076 0.2778865 0.9158513 -0.2915851 -0.6516634 0.7495108 -0.1154599 0.6536204 0.739726 0.1585127 -0.1702544 0.7612525 -0.6262231 0.1409002 0.9471624 -0.2876712 0.5342466 0.8454012 -0.04892368 0.3365949 0.6477495 -0.6829746 0.7632094 0.6418787 -0.06849315 0.5342466 0.8454012 -0.04892368 0.2309198 0.9158513 0.3307241 0.7632094 0.6418787 -0.06849315 0.4324853 0.6555773 0.6183953 0.3365949 0.6477495 -0.6829746 -0.4031311 0.6966732 -0.592955 0.1409002 0.9471624 -0.2876712 -0.2818004 0.8669276 -0.4129159 0.4324853 0.6555773 0.6183953 0.2309198 0.9158513 0.3307241 -0.2563601 0.6712329 0.6966732 -0.1350294 0.9197652 0.3659491 -0.1350294 0.9197652 0.3659491 -0.5127202 0.8551859 0.07632094 -0.2563601 0.6712329 0.6966732 -0.7338552 0.6692759 0.109589 -0.7338552 0.6692759 0.109589 -0.5127202 0.8551859 0.07632094 -0.4031311 0.6966732 -0.592955 -0.2818004 0.8669276 -0.4129159 -0.5127202 0.8551859 0.07632094 0.1409002 0.9471624 -0.2876712 -0.1350294 0.9197652 0.3659491 0.2309198 0.9158513 0.3307241 0.5342466 0.8454012 -0.04892368 0.1409002 0.9471624 -0.2876712 0.5342466 0.8454012 -0.04892368 0.3365949 0.6477495 -0.6829746 0.7632094 0.6418787 -0.06849315 0.5342466 0.8454012 -0.04892368 0.2309198 0.9158513 0.3307241 0.7632094 0.6418787 -0.06849315 0.4324853 0.6555773 0.6183953 0.3365949 0.6477495 -0.6829746 -0.4031311 0.6966732 -0.592955 0.1409002 0.9471624 -0.2876712 -0.2818004 0.8669276 -0.4129159 0.4324853 0.6555773 0.6183953 0.2309198 0.9158513 0.3307241 -0.2563601 0.6712329 0.6966732 -0.1350294 0.9197652 0.3659491 -0.1350294 0.9197652 0.3659491 -0.5127202 0.8551859 0.07632094 -0.2563601 0.6712329 0.6966732 -0.7338552 0.6692759 0.109589 -0.7338552 0.6692759 0.109589 -0.5127202 0.8551859 0.07632094 -0.4031311 0.6966732 -0.592955 -0.2818004 0.8669276 -0.4129159 -0.5127202 0.8551859 0.07632094 0.1409002 0.9471624 -0.2876712 -0.1350294 0.9197652 0.3659491 0.2309198 0.9158513 0.3307241 0.5342466 0.8454012 -0.04892368 0.518591 0.739726 -0.4285714 0.481409 0.8571429 0.1800391 0.702544 0.4109589 -0.5812133 0.8473581 0.4246575 0.3170255 -0.6046967 0.7612525 -0.2387476 -0.8219178 0.4657534 -0.3248532 -0.481409 0.7495108 0.4540117 -0.6536204 0.4383562 0.6164383 0.702544 0.4109589 -0.5812133 -0.1545988 0.4187867 -0.8943248 0.518591 0.739726 -0.4285714 -0.06849315 0.9158513 -0.3972603 -0.8219178 0.4657534 -0.3248532 -0.6046967 0.7612525 -0.2387476 -0.1545988 0.4187867 -0.8943248 0.8473581 0.4246575 0.3170255 0.481409 0.8571429 0.1800391 0.2367906 0.4383562 0.8669276 0.1330724 0.8649706 0.483366 0.1330724 0.8649706 0.483366 -0.481409 0.7495108 0.4540117 0.2367906 0.4383562 0.8669276 -0.6536204 0.4383562 0.6164383 0.1330724 0.8649706 0.483366 0.481409 0.8571429 0.1800391 -0.06849315 0.9158513 -0.3972603 -0.481409 0.7495108 0.4540117 0.518591 0.739726 -0.4285714 -0.6046967 0.7612525 -0.2387476 0.1976517 0.9158513 -0.3522505 0.6712329 0.739726 -0.005870841 0.4461839 0.4187867 -0.7906067 0.9119374 0.4109589 -0.007827789 0.6712329 0.739726 -0.005870841 0.260274 0.8571429 0.444227 0.9119374 0.4109589 -0.007827789 0.4579256 0.4246575 0.7808219 0.4461839 0.4187867 -0.7906067 -0.4324853 0.4677104 -0.7710372 0.1976517 0.9158513 -0.3522505 -0.3189824 0.7612525 -0.5655577 0.4579256 0.4246575 0.7808219 0.260274 0.8571429 0.444227 -0.3639922 0.4383562 0.8219178 -0.2035225 0.8649706 0.4579256 -0.2035225 0.8649706 0.4579256 -0.6594912 0.7514677 0.04892368 -0.3639922 0.4383562 0.8219178 -0.8962818 0.4383562 0.06457926 -0.8962818 0.4383562 0.06457926 -0.6594912 0.7514677 0.04892368 -0.4324853 0.4677104 -0.7710372 -0.3189824 0.7612525 -0.5655577 -0.6594912 0.7514677 0.04892368 0.1976517 0.9158513 -0.3522505 -0.2035225 0.8649706 0.4579256 0.260274 0.8571429 0.444227 0.6712329 0.739726 -0.005870841 0.5792564 0.739726 -0.3405088 0.4461839 0.8571429 0.2544031 0.7866927 0.4109589 -0.4618395 0.7866927 0.4246575 0.4500979 -0.55773 0.7612525 -0.332681 -0.7592955 0.4657534 -0.4520548 -0.5479452 0.7495108 0.369863 -0.7436399 0.4383562 0.5048923 0.7866927 0.4109589 -0.4618395 -0.007827789 0.4187867 -0.9080235 0.5792564 0.739726 -0.3405088 -0.003913894 0.9158513 -0.4031311 -0.7592955 0.4657534 -0.4520548 -0.55773 0.7612525 -0.332681 -0.007827789 0.4187867 -0.9080235 0.7866927 0.4246575 0.4500979 0.4461839 0.8571429 0.2544031 0.09589041 0.4383562 0.8943248 0.05283757 0.8649706 0.4990215 0.05283757 0.8649706 0.4990215 -0.5479452 0.7495108 0.369863 0.09589041 0.4383562 0.8943248 -0.7436399 0.4383562 0.5048923 0.05283757 0.8649706 0.4990215 -0.003913894 0.9158513 -0.4031311 -0.5479452 0.7495108 0.369863 0.4461839 0.8571429 0.2544031 -0.55773 0.7612525 -0.332681 0.5792564 0.739726 -0.3405088 0.6536204 0.739726 0.1585127 0.1428571 0.8571429 0.4951076 0.8864971 0.4109589 0.2152642 0.2524462 0.4246575 0.8688846 -0.1702544 0.7612525 -0.6262231 -0.2309198 0.4657534 -0.853229 -0.6516634 0.7495108 -0.1154599 -0.8864971 0.4383562 -0.1565558 0.8864971 0.4109589 0.2152642 0.6262231 0.4187867 -0.6594912 0.6536204 0.739726 0.1585127 0.2778865 0.9158513 -0.2915851 0.6262231 0.4187867 -0.6594912 -0.2309198 0.4657534 -0.853229 -0.1702544 0.7612525 -0.6262231 0.2524462 0.4246575 0.8688846 0.1428571 0.8571429 0.4951076 -0.553816 0.4383562 0.7084149 -0.3091977 0.8649706 0.3953033 -0.3091977 0.8649706 0.3953033 -0.6516634 0.7495108 -0.1154599 -0.553816 0.4383562 0.7084149 -0.8864971 0.4383562 -0.1565558 -0.3091977 0.8649706 0.3953033 0.2778865 0.9158513 -0.2915851 -0.6516634 0.7495108 -0.1154599 0.1428571 0.8571429 0.4951076 -0.1702544 0.7612525 -0.6262231 0.6536204 0.739726 0.1585127 0.1409002 0.9471624 -0.2876712 0.5342466 0.8454012 -0.04892368 0.3365949 0.6477495 -0.6829746 0.7632094 0.6418787 -0.06849315 0.5342466 0.8454012 -0.04892368 0.2309198 0.9158513 0.3307241 0.7632094 0.6418787 -0.06849315 0.4324853 0.6555773 0.6183953 0.3365949 0.6477495 -0.6829746 -0.4031311 0.6966732 -0.592955 0.1409002 0.9471624 -0.2876712 -0.2818004 0.8669276 -0.4129159 0.4324853 0.6555773 0.6183953 0.2309198 0.9158513 0.3307241 -0.2563601 0.6712329 0.6966732 -0.1350294 0.9197652 0.3659491 -0.1350294 0.9197652 0.3659491 -0.5127202 0.8551859 0.07632094 -0.2563601 0.6712329 0.6966732 -0.7338552 0.6692759 0.109589 -0.7338552 0.6692759 0.109589 -0.5127202 0.8551859 0.07632094 -0.4031311 0.6966732 -0.592955 -0.2818004 0.8669276 -0.4129159 -0.5127202 0.8551859 0.07632094 0.1409002 0.9471624 -0.2876712 -0.1350294 0.9197652 0.3659491 0.2309198 0.9158513 0.3307241 0.5342466 0.8454012 -0.04892368 0.518591 0.739726 -0.4285714 0.481409 0.8571429 0.1800391 0.702544 0.4109589 -0.5812133 0.8473581 0.4246575 0.3170255 -0.6046967 0.7612525 -0.2387476 -0.8219178 0.4657534 -0.3248532 -0.481409 0.7495108 0.4540117 -0.6536204 0.4383562 0.6164383 0.702544 0.4109589 -0.5812133 -0.1545988 0.4187867 -0.8943248 0.518591 0.739726 -0.4285714 -0.06849315 0.9158513 -0.3972603 -0.1545988 0.4187867 -0.8943248 -0.8219178 0.4657534 -0.3248532 -0.6046967 0.7612525 -0.2387476 0.8473581 0.4246575 0.3170255 0.481409 0.8571429 0.1800391 0.2367906 0.4383562 0.8669276 0.1330724 0.8649706 0.483366 0.1330724 0.8649706 0.483366 -0.481409 0.7495108 0.4540117 0.2367906 0.4383562 0.8669276 -0.6536204 0.4383562 0.6164383 0.1330724 0.8649706 0.483366 0.481409 0.8571429 0.1800391 -0.06849315 0.9158513 -0.3972603 -0.481409 0.7495108 0.4540117 0.518591 0.739726 -0.4285714 -0.6046967 0.7612525 -0.2387476 0.5792564 0.739726 -0.3405088 0.4461839 0.8571429 0.2544031 0.7866927 0.4109589 -0.4618395 0.7866927 0.4246575 0.4500979 -0.55773 0.7612525 -0.332681 -0.7592955 0.4657534 -0.4520548 -0.5479452 0.7495108 0.369863 -0.7436399 0.4383562 0.5048923 0.7866927 0.4109589 -0.4618395 -0.007827789 0.4187867 -0.9080235 0.5792564 0.739726 -0.3405088 -0.003913894 0.9158513 -0.4031311 -0.7592955 0.4657534 -0.4520548 -0.55773 0.7612525 -0.332681 -0.007827789 0.4187867 -0.9080235 0.7866927 0.4246575 0.4500979 0.4461839 0.8571429 0.2544031 0.09589041 0.4383562 0.8943248 0.05283757 0.8649706 0.4990215 0.05283757 0.8649706 0.4990215 -0.5479452 0.7495108 0.369863 0.09589041 0.4383562 0.8943248 -0.7436399 0.4383562 0.5048923 0.05283757 0.8649706 0.4990215 -0.003913894 0.9158513 -0.4031311 -0.5479452 0.7495108 0.369863 0.4461839 0.8571429 0.2544031 0.5792564 0.739726 -0.3405088 -0.55773 0.7612525 -0.332681 0.1409002 0.9471624 -0.2876712 0.5342466 0.8454012 -0.04892368 0.3365949 0.6477495 -0.6829746 0.7632094 0.6418787 -0.06849315 0.5342466 0.8454012 -0.04892368 0.2309198 0.9158513 0.3307241 0.7632094 0.6418787 -0.06849315 0.4324853 0.6555773 0.6183953 0.3365949 0.6477495 -0.6829746 -0.4031311 0.6966732 -0.592955 0.1409002 0.9471624 -0.2876712 -0.2818004 0.8669276 -0.4129159 0.4324853 0.6555773 0.6183953 0.2309198 0.9158513 0.3307241 -0.2563601 0.6712329 0.6966732 -0.1350294 0.9197652 0.3659491 -0.1350294 0.9197652 0.3659491 -0.5127202 0.8551859 0.07632094 -0.2563601 0.6712329 0.6966732 -0.7338552 0.6692759 0.109589 -0.7338552 0.6692759 0.109589 -0.5127202 0.8551859 0.07632094 -0.4031311 0.6966732 -0.592955 -0.2818004 0.8669276 -0.4129159 -0.5127202 0.8551859 0.07632094 0.1409002 0.9471624 -0.2876712 -0.1350294 0.9197652 0.3659491 0.2309198 0.9158513 0.3307241 0.5342466 0.8454012 -0.04892368 0.5792564 0.739726 -0.3405088 0.4461839 0.8571429 0.2544031 0.7866927 0.4109589 -0.4618395 0.7866927 0.4246575 0.4500979 -0.55773 0.7612525 -0.332681 -0.7592955 0.4657534 -0.4520548 -0.5479452 0.7495108 0.369863 -0.7436399 0.4383562 0.5048923 0.7866927 0.4109589 -0.4618395 -0.007827789 0.4187867 -0.9080235 0.5792564 0.739726 -0.3405088 -0.003913894 0.9158513 -0.4031311 -0.7592955 0.4657534 -0.4520548 -0.55773 0.7612525 -0.332681 -0.007827789 0.4187867 -0.9080235 0.7866927 0.4246575 0.4500979 0.4461839 0.8571429 0.2544031 0.09589041 0.4383562 0.8943248 0.05283757 0.8649706 0.4990215 0.05283757 0.8649706 0.4990215 -0.5479452 0.7495108 0.369863 0.09589041 0.4383562 0.8943248 -0.7436399 0.4383562 0.5048923 0.05283757 0.8649706 0.4990215 -0.003913894 0.9158513 -0.4031311 -0.5479452 0.7495108 0.369863 0.4461839 0.8571429 0.2544031 -0.55773 0.7612525 -0.332681 0.5792564 0.739726 -0.3405088 0.1976517 0.9158513 -0.3522505 0.6712329 0.739726 -0.005870841 0.4461839 0.4187867 -0.7906067 0.9119374 0.4109589 -0.007827789 0.6712329 0.739726 -0.005870841 0.260274 0.8571429 0.444227 0.9119374 0.4109589 -0.007827789 0.4579256 0.4246575 0.7808219 0.4461839 0.4187867 -0.7906067 -0.4324853 0.4677104 -0.7710372 0.1976517 0.9158513 -0.3522505 -0.3189824 0.7612525 -0.5655577 0.4579256 0.4246575 0.7808219 0.260274 0.8571429 0.444227 -0.3639922 0.4383562 0.8219178 -0.2035225 0.8649706 0.4579256 -0.2035225 0.8649706 0.4579256 -0.6594912 0.7514677 0.04892368 -0.3639922 0.4383562 0.8219178 -0.8962818 0.4383562 0.06457926 -0.8962818 0.4383562 0.06457926 -0.6594912 0.7514677 0.04892368 -0.4324853 0.4677104 -0.7710372 -0.3189824 0.7612525 -0.5655577 -0.6594912 0.7514677 0.04892368 0.1976517 0.9158513 -0.3522505 -0.2035225 0.8649706 0.4579256 0.260274 0.8571429 0.444227 0.6712329 0.739726 -0.005870841 0.1409002 0.9471624 -0.2876712 0.5342466 0.8454012 -0.04892368 0.3365949 0.6477495 -0.6829746 0.7632094 0.6418787 -0.06849315 0.5342466 0.8454012 -0.04892368 0.2309198 0.9158513 0.3307241 0.7632094 0.6418787 -0.06849315 0.4324853 0.6555773 0.6183953 0.3365949 0.6477495 -0.6829746 -0.4031311 0.6966732 -0.592955 0.1409002 0.9471624 -0.2876712 -0.2818004 0.8669276 -0.4129159 0.4324853 0.6555773 0.6183953 0.2309198 0.9158513 0.3307241 -0.2563601 0.6712329 0.6966732 -0.1350294 0.9197652 0.3659491 -0.1350294 0.9197652 0.3659491 -0.5127202 0.8551859 0.07632094 -0.2563601 0.6712329 0.6966732 -0.7338552 0.6692759 0.109589 -0.7338552 0.6692759 0.109589 -0.5127202 0.8551859 0.07632094 -0.4031311 0.6966732 -0.592955 -0.2818004 0.8669276 -0.4129159 -0.5127202 0.8551859 0.07632094 0.1409002 0.9471624 -0.2876712 -0.1350294 0.9197652 0.3659491 0.2309198 0.9158513 0.3307241 0.5342466 0.8454012 -0.04892368 0.5792564 0.739726 -0.3405088 0.4461839 0.8571429 0.2544031 0.7866927 0.4109589 -0.4618395 0.7866927 0.4246575 0.4500979 -0.55773 0.7612525 -0.332681 -0.7592955 0.4657534 -0.4520548 -0.5479452 0.7495108 0.369863 -0.7436399 0.4383562 0.5048923 0.7866927 0.4109589 -0.4618395 -0.007827789 0.4187867 -0.9080235 0.5792564 0.739726 -0.3405088 -0.003913894 0.9158513 -0.4031311 -0.7592955 0.4657534 -0.4520548 -0.55773 0.7612525 -0.332681 -0.007827789 0.4187867 -0.9080235 0.7866927 0.4246575 0.4500979 0.4461839 0.8571429 0.2544031 0.09589041 0.4383562 0.8943248 0.05283757 0.8649706 0.4990215 0.05283757 0.8649706 0.4990215 -0.5479452 0.7495108 0.369863 0.09589041 0.4383562 0.8943248 -0.7436399 0.4383562 0.5048923 0.05283757 0.8649706 0.4990215 0.4461839 0.8571429 0.2544031 -0.003913894 0.9158513 -0.4031311 -0.5479452 0.7495108 0.369863 0.5792564 0.739726 -0.3405088 -0.55773 0.7612525 -0.332681 0.1428571 0.739726 -0.6575342 0.4911937 0.8571429 -0.1565558 0.1937378 0.4109589 -0.890411 0.8630137 0.4246575 -0.2739726 -0.6223092 0.7612525 0.18591 -0.8473581 0.4657534 0.2524462 -0.09784736 0.7495108 0.6536204 -0.1330724 0.4383562 0.888454 0.1937378 0.4109589 -0.890411 -0.6751468 0.4187867 -0.6086106 0.1428571 0.739726 -0.6575342 -0.2994129 0.9158513 -0.2700587 -0.6751468 0.4187867 -0.6086106 -0.8473581 0.4657534 0.2524462 -0.6223092 0.7612525 0.18591 0.8630137 0.4246575 -0.2739726 0.4911937 0.8571429 -0.1565558 0.7221135 0.4383562 0.5342466 0.4031311 0.8649706 0.297456 0.4031311 0.8649706 0.297456 -0.09784736 0.7495108 0.6536204 0.7221135 0.4383562 0.5342466 -0.1330724 0.4383562 0.888454 0.4031311 0.8649706 0.297456 0.4911937 0.8571429 -0.1565558 -0.2994129 0.9158513 -0.2700587 -0.09784736 0.7495108 0.6536204 0.1428571 0.739726 -0.6575342 -0.6223092 0.7612525 0.18591 0.5792564 0.739726 -0.3405088 0.4461839 0.8571429 0.2544031 0.7866927 0.4109589 -0.4618395 0.7866927 0.4246575 0.4500979 -0.55773 0.7612525 -0.332681 -0.7592955 0.4657534 -0.4520548 -0.5479452 0.7495108 0.369863 -0.7436399 0.4383562 0.5048923 0.7866927 0.4109589 -0.4618395 -0.007827789 0.4187867 -0.9080235 0.5792564 0.739726 -0.3405088 -0.003913894 0.9158513 -0.4031311 -0.7592955 0.4657534 -0.4520548 -0.55773 0.7612525 -0.332681 -0.007827789 0.4187867 -0.9080235 0.7866927 0.4246575 0.4500979 0.4461839 0.8571429 0.2544031 0.09589041 0.4383562 0.8943248 0.05283757 0.8649706 0.4990215 0.05283757 0.8649706 0.4990215 -0.5479452 0.7495108 0.369863 0.09589041 0.4383562 0.8943248 -0.7436399 0.4383562 0.5048923 0.05283757 0.8649706 0.4990215 -0.003913894 0.9158513 -0.4031311 -0.5479452 0.7495108 0.369863 0.4461839 0.8571429 0.2544031 -0.55773 0.7612525 -0.332681 0.5792564 0.739726 -0.3405088 0.5792564 0.739726 -0.3405088 0.4461839 0.8571429 0.2544031 0.7866927 0.4109589 -0.4618395 0.7866927 0.4246575 0.4500979 -0.55773 0.7612525 -0.332681 -0.7592955 0.4657534 -0.4520548 -0.5479452 0.7495108 0.369863 -0.7436399 0.4383562 0.5048923 0.7866927 0.4109589 -0.4618395 -0.007827789 0.4187867 -0.9080235 0.5792564 0.739726 -0.3405088 -0.003913894 0.9158513 -0.4031311 -0.007827789 0.4187867 -0.9080235 -0.7592955 0.4657534 -0.4520548 -0.55773 0.7612525 -0.332681 0.7866927 0.4246575 0.4500979 0.4461839 0.8571429 0.2544031 0.09589041 0.4383562 0.8943248 0.05283757 0.8649706 0.4990215 0.05283757 0.8649706 0.4990215 -0.5479452 0.7495108 0.369863 0.09589041 0.4383562 0.8943248 -0.7436399 0.4383562 0.5048923 0.05283757 0.8649706 0.4990215 0.4461839 0.8571429 0.2544031 -0.003913894 0.9158513 -0.4031311 -0.5479452 0.7495108 0.369863 0.5792564 0.739726 -0.3405088 -0.55773 0.7612525 -0.332681 0.1409002 0.9471624 -0.2876712 0.5342466 0.8454012 -0.04892368 0.3365949 0.6477495 -0.6829746 0.7632094 0.6418787 -0.06849315 0.5342466 0.8454012 -0.04892368 0.2309198 0.9158513 0.3307241 0.7632094 0.6418787 -0.06849315 0.4324853 0.6555773 0.6183953 0.3365949 0.6477495 -0.6829746 -0.4031311 0.6966732 -0.592955 0.1409002 0.9471624 -0.2876712 -0.2818004 0.8669276 -0.4129159 0.4324853 0.6555773 0.6183953 0.2309198 0.9158513 0.3307241 -0.2563601 0.6712329 0.6966732 -0.1350294 0.9197652 0.3659491 -0.1350294 0.9197652 0.3659491 -0.5127202 0.8551859 0.07632094 -0.2563601 0.6712329 0.6966732 -0.7338552 0.6692759 0.109589 -0.7338552 0.6692759 0.109589 -0.5127202 0.8551859 0.07632094 -0.4031311 0.6966732 -0.592955 -0.2818004 0.8669276 -0.4129159 -0.5127202 0.8551859 0.07632094 0.1409002 0.9471624 -0.2876712 -0.1350294 0.9197652 0.3659491 0.2309198 0.9158513 0.3307241 0.5342466 0.8454012 -0.04892368 0.1428571 0.739726 -0.6575342 0.4911937 0.8571429 -0.1565558 0.1937378 0.4109589 -0.890411 0.8630137 0.4246575 -0.2739726 -0.6223092 0.7612525 0.18591 -0.8473581 0.4657534 0.2524462 -0.09784736 0.7495108 0.6536204 -0.1330724 0.4383562 0.888454 0.1937378 0.4109589 -0.890411 -0.6751468 0.4187867 -0.6086106 0.1428571 0.739726 -0.6575342 -0.2994129 0.9158513 -0.2700587 -0.6751468 0.4187867 -0.6086106 -0.8473581 0.4657534 0.2524462 -0.6223092 0.7612525 0.18591 0.8630137 0.4246575 -0.2739726 0.4911937 0.8571429 -0.1565558 0.7221135 0.4383562 0.5342466 0.4031311 0.8649706 0.297456 0.4031311 0.8649706 0.297456 -0.09784736 0.7495108 0.6536204 0.7221135 0.4383562 0.5342466 -0.1330724 0.4383562 0.888454 0.4031311 0.8649706 0.297456 -0.2994129 0.9158513 -0.2700587 -0.09784736 0.7495108 0.6536204 0.4911937 0.8571429 -0.1565558 0.1428571 0.739726 -0.6575342 -0.6223092 0.7612525 0.18591 0.1428571 0.739726 -0.6575342 0.4911937 0.8571429 -0.1565558 0.1937378 0.4109589 -0.890411 0.8630137 0.4246575 -0.2739726 -0.6223092 0.7612525 0.18591 -0.8473581 0.4657534 0.2524462 -0.09784736 0.7495108 0.6536204 -0.1330724 0.4383562 0.888454 0.1937378 0.4109589 -0.890411 -0.6751468 0.4187867 -0.6086106 0.1428571 0.739726 -0.6575342 -0.2994129 0.9158513 -0.2700587 -0.8473581 0.4657534 0.2524462 -0.6223092 0.7612525 0.18591 -0.6751468 0.4187867 -0.6086106 0.8630137 0.4246575 -0.2739726 0.4911937 0.8571429 -0.1565558 0.7221135 0.4383562 0.5342466 0.4031311 0.8649706 0.297456 0.4031311 0.8649706 0.297456 -0.09784736 0.7495108 0.6536204 0.7221135 0.4383562 0.5342466 -0.1330724 0.4383562 0.888454 0.4031311 0.8649706 0.297456 0.4911937 0.8571429 -0.1565558 -0.2994129 0.9158513 -0.2700587 -0.09784736 0.7495108 0.6536204 0.1428571 0.739726 -0.6575342 -0.6223092 0.7612525 0.18591 0.6536204 0.739726 0.1585127 0.1428571 0.8571429 0.4951076 0.8864971 0.4109589 0.2152642 0.2524462 0.4246575 0.8688846 -0.1702544 0.7612525 -0.6262231 -0.2309198 0.4657534 -0.853229 -0.6516634 0.7495108 -0.1154599 -0.8864971 0.4383562 -0.1565558 0.8864971 0.4109589 0.2152642 0.6262231 0.4187867 -0.6594912 0.6536204 0.739726 0.1585127 0.2778865 0.9158513 -0.2915851 -0.2309198 0.4657534 -0.853229 -0.1702544 0.7612525 -0.6262231 0.6262231 0.4187867 -0.6594912 0.2524462 0.4246575 0.8688846 0.1428571 0.8571429 0.4951076 -0.553816 0.4383562 0.7084149 -0.3091977 0.8649706 0.3953033 -0.3091977 0.8649706 0.3953033 -0.6516634 0.7495108 -0.1154599 -0.553816 0.4383562 0.7084149 -0.8864971 0.4383562 -0.1565558 -0.3091977 0.8649706 0.3953033 0.2778865 0.9158513 -0.2915851 -0.6516634 0.7495108 -0.1154599 0.1428571 0.8571429 0.4951076 0.6536204 0.739726 0.1585127 -0.1702544 0.7612525 -0.6262231 0.1409002 0.9471624 -0.2876712 0.5342466 0.8454012 -0.04892368 0.3365949 0.6477495 -0.6829746 0.7632094 0.6418787 -0.06849315 0.5342466 0.8454012 -0.04892368 0.2309198 0.9158513 0.3307241 0.7632094 0.6418787 -0.06849315 0.4324853 0.6555773 0.6183953 0.3365949 0.6477495 -0.6829746 -0.4031311 0.6966732 -0.592955 0.1409002 0.9471624 -0.2876712 -0.2818004 0.8669276 -0.4129159 0.4324853 0.6555773 0.6183953 0.2309198 0.9158513 0.3307241 -0.2563601 0.6712329 0.6966732 -0.1350294 0.9197652 0.3659491 -0.1350294 0.9197652 0.3659491 -0.5127202 0.8551859 0.07632094 -0.2563601 0.6712329 0.6966732 -0.7338552 0.6692759 0.109589 -0.7338552 0.6692759 0.109589 -0.5127202 0.8551859 0.07632094 -0.4031311 0.6966732 -0.592955 -0.2818004 0.8669276 -0.4129159 -0.5127202 0.8551859 0.07632094 0.1409002 0.9471624 -0.2876712 -0.1350294 0.9197652 0.3659491 0.2309198 0.9158513 0.3307241 0.5342466 0.8454012 -0.04892368 0.1409002 0.9471624 -0.2876712 0.5342466 0.8454012 -0.04892368 0.3365949 0.6477495 -0.6829746 0.7632094 0.6418787 -0.06849315 0.5342466 0.8454012 -0.04892368 0.2309198 0.9158513 0.3307241 0.7632094 0.6418787 -0.06849315 0.4324853 0.6555773 0.6183953 0.3365949 0.6477495 -0.6829746 -0.4031311 0.6966732 -0.592955 0.1409002 0.9471624 -0.2876712 -0.2818004 0.8669276 -0.4129159 0.4324853 0.6555773 0.6183953 0.2309198 0.9158513 0.3307241 -0.2563601 0.6712329 0.6966732 -0.1350294 0.9197652 0.3659491 -0.1350294 0.9197652 0.3659491 -0.5127202 0.8551859 0.07632094 -0.2563601 0.6712329 0.6966732 -0.7338552 0.6692759 0.109589 -0.7338552 0.6692759 0.109589 -0.5127202 0.8551859 0.07632094 -0.4031311 0.6966732 -0.592955 -0.2818004 0.8669276 -0.4129159 -0.5127202 0.8551859 0.07632094 0.1409002 0.9471624 -0.2876712 -0.1350294 0.9197652 0.3659491 0.2309198 0.9158513 0.3307241 0.5342466 0.8454012 -0.04892368 0.1409002 0.9471624 -0.2876712 0.5342466 0.8454012 -0.04892368 0.3365949 0.6477495 -0.6829746 0.7632094 0.6418787 -0.06849315 0.5342466 0.8454012 -0.04892368 0.2309198 0.9158513 0.3307241 0.7632094 0.6418787 -0.06849315 0.4324853 0.6555773 0.6183953 0.3365949 0.6477495 -0.6829746 -0.4031311 0.6966732 -0.592955 0.1409002 0.9471624 -0.2876712 -0.2818004 0.8669276 -0.4129159 0.4324853 0.6555773 0.6183953 0.2309198 0.9158513 0.3307241 -0.2563601 0.6712329 0.6966732 -0.1350294 0.9197652 0.3659491 -0.1350294 0.9197652 0.3659491 -0.5127202 0.8551859 0.07632094 -0.2563601 0.6712329 0.6966732 -0.7338552 0.6692759 0.109589 -0.7338552 0.6692759 0.109589 -0.5127202 0.8551859 0.07632094 -0.4031311 0.6966732 -0.592955 -0.2818004 0.8669276 -0.4129159 -0.5127202 0.8551859 0.07632094 0.1409002 0.9471624 -0.2876712 -0.1350294 0.9197652 0.3659491 0.2309198 0.9158513 0.3307241 0.5342466 0.8454012 -0.04892368 0.6536204 0.739726 0.1585127 0.1428571 0.8571429 0.4951076 0.8864971 0.4109589 0.2152642 0.2524462 0.4246575 0.8688846 -0.1702544 0.7612525 -0.6262231 -0.2309198 0.4657534 -0.853229 -0.6516634 0.7495108 -0.1154599 -0.8864971 0.4383562 -0.1565558 0.8864971 0.4109589 0.2152642 0.6262231 0.4187867 -0.6594912 0.6536204 0.739726 0.1585127 0.2778865 0.9158513 -0.2915851 0.6262231 0.4187867 -0.6594912 -0.2309198 0.4657534 -0.853229 -0.1702544 0.7612525 -0.6262231 0.2524462 0.4246575 0.8688846 0.1428571 0.8571429 0.4951076 -0.553816 0.4383562 0.7084149 -0.3091977 0.8649706 0.3953033 -0.3091977 0.8649706 0.3953033 -0.6516634 0.7495108 -0.1154599 -0.553816 0.4383562 0.7084149 -0.8864971 0.4383562 -0.1565558 -0.3091977 0.8649706 0.3953033 0.1428571 0.8571429 0.4951076 0.2778865 0.9158513 -0.2915851 -0.6516634 0.7495108 -0.1154599 0.6536204 0.739726 0.1585127 -0.1702544 0.7612525 -0.6262231 0.1409002 0.9471624 -0.2876712 0.5342466 0.8454012 -0.04892368 0.3365949 0.6477495 -0.6829746 0.7632094 0.6418787 -0.06849315 0.5342466 0.8454012 -0.04892368 0.2309198 0.9158513 0.3307241 0.7632094 0.6418787 -0.06849315 0.4324853 0.6555773 0.6183953 0.3365949 0.6477495 -0.6829746 -0.4031311 0.6966732 -0.592955 0.1409002 0.9471624 -0.2876712 -0.2818004 0.8669276 -0.4129159 0.4324853 0.6555773 0.6183953 0.2309198 0.9158513 0.3307241 -0.2563601 0.6712329 0.6966732 -0.1350294 0.9197652 0.3659491 -0.1350294 0.9197652 0.3659491 -0.5127202 0.8551859 0.07632094 -0.2563601 0.6712329 0.6966732 -0.7338552 0.6692759 0.109589 -0.7338552 0.6692759 0.109589 -0.5127202 0.8551859 0.07632094 -0.4031311 0.6966732 -0.592955 -0.2818004 0.8669276 -0.4129159 -0.5127202 0.8551859 0.07632094 0.1409002 0.9471624 -0.2876712 -0.1350294 0.9197652 0.3659491 0.2309198 0.9158513 0.3307241 0.5342466 0.8454012 -0.04892368 0.6536204 0.739726 0.1585127 0.1428571 0.8571429 0.4951076 0.8864971 0.4109589 0.2152642 0.2524462 0.4246575 0.8688846 -0.1702544 0.7612525 -0.6262231 -0.2309198 0.4657534 -0.853229 -0.6516634 0.7495108 -0.1154599 -0.8864971 0.4383562 -0.1565558 0.8864971 0.4109589 0.2152642 0.6262231 0.4187867 -0.6594912 0.6536204 0.739726 0.1585127 0.2778865 0.9158513 -0.2915851 0.6262231 0.4187867 -0.6594912 -0.2309198 0.4657534 -0.853229 -0.1702544 0.7612525 -0.6262231 0.2524462 0.4246575 0.8688846 0.1428571 0.8571429 0.4951076 -0.553816 0.4383562 0.7084149 -0.3091977 0.8649706 0.3953033 -0.3091977 0.8649706 0.3953033 -0.6516634 0.7495108 -0.1154599 -0.553816 0.4383562 0.7084149 -0.8864971 0.4383562 -0.1565558 -0.3091977 0.8649706 0.3953033 0.1428571 0.8571429 0.4951076 0.2778865 0.9158513 -0.2915851 -0.6516634 0.7495108 -0.1154599 0.6536204 0.739726 0.1585127 -0.1702544 0.7612525 -0.6262231 0.6536204 0.739726 0.1585127 0.1428571 0.8571429 0.4951076 0.8864971 0.4109589 0.2152642 0.2524462 0.4246575 0.8688846 -0.1702544 0.7612525 -0.6262231 -0.2309198 0.4657534 -0.853229 -0.6516634 0.7495108 -0.1154599 -0.8864971 0.4383562 -0.1565558 0.8864971 0.4109589 0.2152642 0.6262231 0.4187867 -0.6594912 0.6536204 0.739726 0.1585127 0.2778865 0.9158513 -0.2915851 0.6262231 0.4187867 -0.6594912 -0.2309198 0.4657534 -0.853229 -0.1702544 0.7612525 -0.6262231 0.2524462 0.4246575 0.8688846 0.1428571 0.8571429 0.4951076 -0.553816 0.4383562 0.7084149 -0.3091977 0.8649706 0.3953033 -0.3091977 0.8649706 0.3953033 -0.6516634 0.7495108 -0.1154599 -0.553816 0.4383562 0.7084149 -0.8864971 0.4383562 -0.1565558 -0.3091977 0.8649706 0.3953033 0.1428571 0.8571429 0.4951076 0.2778865 0.9158513 -0.2915851 -0.6516634 0.7495108 -0.1154599 0.6536204 0.739726 0.1585127 -0.1702544 0.7612525 -0.6262231 0.6536204 0.739726 0.1585127 0.1428571 0.8571429 0.4951076 0.8864971 0.4109589 0.2152642 0.2524462 0.4246575 0.8688846 -0.1702544 0.7612525 -0.6262231 -0.2309198 0.4657534 -0.853229 -0.6516634 0.7495108 -0.1154599 -0.8864971 0.4383562 -0.1565558 0.8864971 0.4109589 0.2152642 0.6262231 0.4187867 -0.6594912 0.6536204 0.739726 0.1585127 0.2778865 0.9158513 -0.2915851 -0.2309198 0.4657534 -0.853229 -0.1702544 0.7612525 -0.6262231 0.6262231 0.4187867 -0.6594912 0.2524462 0.4246575 0.8688846 0.1428571 0.8571429 0.4951076 -0.553816 0.4383562 0.7084149 -0.3091977 0.8649706 0.3953033 -0.3091977 0.8649706 0.3953033 -0.6516634 0.7495108 -0.1154599 -0.553816 0.4383562 0.7084149 -0.8864971 0.4383562 -0.1565558 -0.3091977 0.8649706 0.3953033 0.2778865 0.9158513 -0.2915851 -0.6516634 0.7495108 -0.1154599 0.1428571 0.8571429 0.4951076 -0.1702544 0.7612525 -0.6262231 0.6536204 0.739726 0.1585127 0.6536204 0.739726 0.1585127 0.1428571 0.8571429 0.4951076 0.8864971 0.4109589 0.2152642 0.2524462 0.4246575 0.8688846 -0.1702544 0.7612525 -0.6262231 -0.2309198 0.4657534 -0.853229 -0.6516634 0.7495108 -0.1154599 -0.8864971 0.4383562 -0.1565558 0.8864971 0.4109589 0.2152642 0.6262231 0.4187867 -0.6594912 0.6536204 0.739726 0.1585127 0.2778865 0.9158513 -0.2915851 0.6262231 0.4187867 -0.6594912 -0.2309198 0.4657534 -0.853229 -0.1702544 0.7612525 -0.6262231 0.2524462 0.4246575 0.8688846 0.1428571 0.8571429 0.4951076 -0.553816 0.4383562 0.7084149 -0.3091977 0.8649706 0.3953033 -0.3091977 0.8649706 0.3953033 -0.6516634 0.7495108 -0.1154599 -0.553816 0.4383562 0.7084149 -0.8864971 0.4383562 -0.1565558 -0.3091977 0.8649706 0.3953033 0.1428571 0.8571429 0.4951076 0.2778865 0.9158513 -0.2915851 -0.6516634 0.7495108 -0.1154599 0.6536204 0.739726 0.1585127 -0.1702544 0.7612525 -0.6262231 0.3189824 0.9471624 -0.02348337 0.3111546 0.8454012 0.4344423 0.7612525 0.6477495 -0.05675147 0.4481409 0.6418787 0.6242661 0.3111546 0.8454012 0.4344423 -0.1663405 0.9158513 0.3659491 0.4481409 0.6418787 0.6242661 -0.3131115 0.6555773 0.6868885 0.7612525 0.6477495 -0.05675147 0.3052838 0.6966732 -0.6477495 0.3189824 0.9471624 -0.02348337 0.2133072 0.8669276 -0.4520548 -0.3131115 0.6555773 0.6868885 -0.1663405 0.9158513 0.3659491 -0.7299413 0.6712329 0.1330724 -0.3835616 0.9197652 0.0704501 -0.3835616 0.9197652 0.0704501 -0.3248532 0.8551859 -0.4031311 -0.7299413 0.6712329 0.1330724 -0.4657534 0.6692759 -0.5772994 -0.4657534 0.6692759 -0.5772994 -0.3248532 0.8551859 -0.4031311 0.3052838 0.6966732 -0.6477495 0.2133072 0.8669276 -0.4520548 -0.3248532 0.8551859 -0.4031311 0.3189824 0.9471624 -0.02348337 -0.3835616 0.9197652 0.0704501 -0.1663405 0.9158513 0.3659491 0.3111546 0.8454012 0.4344423 0.5909981 0.483366 0.6457925 0.5909981 0.483366 0.6457925 0.5909981 0.483366 0.6457925 0.5909981 0.483366 0.6457925 -0.3972603 0.5342466 0.7455969 -0.3972603 0.5342466 0.7455969 -0.3972603 0.5342466 0.7455969 -0.3972603 0.5342466 0.7455969 0.3228963 0.5499021 -0.7710372 0.3228963 0.5499021 -0.7710372 0.3228963 0.5499021 -0.7710372 0.3228963 0.5499021 -0.7710372 0.7847358 0.6183953 -0.06066536 0.7847358 0.6183953 -0.06066536 0.7847358 0.6183953 -0.06066536 0.7847358 0.6183953 -0.06066536 -0.7866927 0.592955 0.1702544 -0.7866927 0.592955 0.1702544 -0.7866927 0.592955 0.1702544 -0.7866927 0.592955 0.1702544 -0.5949119 0.5381604 -0.5968689 -0.5949119 0.5381604 -0.5968689 -0.5949119 0.5381604 -0.5968689 -0.5949119 0.5381604 -0.5968689 0 1 0 0 1 0 0 1 0 0 1 0 0 1 0 0 1 0 0.1937378 0.7514677 -0.630137 0.146771 0.9823875 -0.109589 0.146771 0.9823875 -0.109589 0.1232877 0.9902152 0.05870841 0.1232877 0.9902152 0.05870841 0.1037182 0.9804305 0.1702544 0.1037182 0.9804305 0.1702544 0.09589041 0.9706458 0.2172211 -0.2739726 0.4951076 -0.8258317 -0.09589041 0.9902152 -0.111546 -0.09589041 0.9902152 -0.111546 -0.05283757 0.9980431 0.0332681 -0.05283757 0.9980431 0.0332681 -0.03522505 0.9941292 0.09393346 0.02935421 0.9921722 0.1291585 0.02935421 0.9921722 0.1291585 0.5440313 0.5596869 0.6262231 0.02935421 0.9921722 0.1291585 -0.04892368 0.9980431 0.04696673 -0.04892368 0.9980431 0.04696673 -0.08023483 0.9960861 0.01369863 -0.04892368 0.9980431 0.04696673 0.3033268 0.9432485 0.1409002 0.1545988 0.9882583 0 0.3033268 0.9432485 0.1409002 0.09393346 0.9960861 -0.01956947 0.1545988 0.9882583 0 0.1545988 0.9882583 0 -0.6046967 0.7866927 -0.1135029 0.08023483 0.9784736 -0.1878669 0.08023483 0.9784736 -0.1878669 0.1956947 0.960861 -0.1917808 0.1956947 0.960861 -0.1917808 0.2446184 0.9510763 -0.1917808 -0.704501 0.6027398 0.3737769 -0.04500978 0.9980431 0.05870841 -0.04500978 0.9980431 0.05870841 0.08806262 0.9960861 -0.007827789 0.08806262 0.9960861 -0.007827789 0.1448141 0.9882583 -0.037182 0.9412916 0.1585127 0.3013699 0.4403131 0.8825831 0.1702544 0.4403131 0.8825831 0.1702544 0.5909981 0.483366 0.6457925 0.5909981 0.483366 0.6457925 0.5909981 0.483366 0.6457925 0.5909981 0.483366 0.6457925 -0.3972603 0.5342466 0.7455969 -0.3972603 0.5342466 0.7455969 -0.3972603 0.5342466 0.7455969 -0.3972603 0.5342466 0.7455969 0.3228963 0.5499021 -0.7710372 0.3228963 0.5499021 -0.7710372 0.3228963 0.5499021 -0.7710372 0.3228963 0.5499021 -0.7710372 0.7847358 0.6183953 -0.06066536 0.7847358 0.6183953 -0.06066536 0.7847358 0.6183953 -0.06066536 0.7847358 0.6183953 -0.06066536 -0.7866927 0.592955 0.1702544 -0.7866927 0.592955 0.1702544 -0.7866927 0.592955 0.1702544 -0.7866927 0.592955 0.1702544 -0.5949119 0.5381604 -0.5968689 -0.5949119 0.5381604 -0.5968689 -0.5949119 0.5381604 -0.5968689 -0.5949119 0.5381604 -0.5968689 0 1 0 0 1 0 0 1 0 0 1 0 0 1 0 0 1 0 0.3737769 0.7514677 0.5440313 -0.003913894 0.9823875 0.183953 -0.003913894 0.9823875 0.183953 -0.1213307 0.9902152 0.06066536 -0.1213307 0.9902152 0.06066536 -0.1976517 0.9804305 -0.02348337 -0.1976517 0.9804305 -0.02348337 -0.2309198 0.9706458 -0.06066536 0.816047 0.4951076 0.297456 0.146771 0.9902152 -0.005870841 0.146771 0.9902152 -0.005870841 0.007827789 0.9980431 -0.06262231 0.007827789 0.9980431 -0.06262231 -0.05088063 0.9941292 -0.08610567 -0.1193738 0.9921722 -0.05675147 -0.1193738 0.9921722 -0.05675147 -0.8277887 0.5596869 0.037182 -0.1193738 0.9921722 -0.05675147 -0.007827789 0.9980431 -0.06849315 -0.007827789 0.9980431 -0.06849315 0.03913894 0.9960861 -0.07240704 -0.007827789 0.9980431 -0.06849315 -0.2994129 0.9432485 0.1506849 -0.09589041 0.9882583 0.1193738 -0.2994129 0.9432485 0.1506849 -0.04305284 0.9960861 0.08610567 -0.09589041 0.9882583 0.1193738 -0.09589041 0.9882583 0.1193738 0.4657534 0.7866927 -0.4031311 0.09784736 0.9784736 0.1800391 0.09784736 0.9784736 0.1800391 0.02935421 0.960861 0.2720157 0.02935421 0.960861 0.2720157 -0.001956947 0.9510763 0.3111546 0.1428571 0.6027398 -0.7847358 -0.01761252 0.9980431 -0.07240704 -0.01761252 0.9980431 -0.07240704 -0.04696673 0.9960861 0.07436399 -0.04696673 0.9960861 0.07436399 -0.06066536 0.9882583 0.1369863 -0.8199608 0.1585127 0.5499021 -0.407045 0.8825831 0.2387476 -0.407045 0.8825831 0.2387476 0.3737769 0.7514677 0.5440313 -0.003913894 0.9823875 0.183953 -0.003913894 0.9823875 0.183953 -0.1213307 0.9902152 0.06066536 -0.1213307 0.9902152 0.06066536 -0.1976517 0.9804305 -0.02348337 -0.1976517 0.9804305 -0.02348337 -0.2309198 0.9706458 -0.06066536 0.816047 0.4951076 0.297456 0.146771 0.9902152 -0.005870841 0.146771 0.9902152 -0.005870841 0.007827789 0.9980431 -0.06262231 0.007827789 0.9980431 -0.06262231 -0.05088063 0.9941292 -0.08610567 -0.1193738 0.9921722 -0.05675147 -0.1193738 0.9921722 -0.05675147 -0.8277887 0.5596869 0.037182 -0.1193738 0.9921722 -0.05675147 -0.007827789 0.9980431 -0.06849315 -0.007827789 0.9980431 -0.06849315 0.03913894 0.9960861 -0.07240704 -0.007827789 0.9980431 -0.06849315 -0.2994129 0.9432485 0.1506849 -0.09589041 0.9882583 0.1193738 -0.2994129 0.9432485 0.1506849 -0.04305284 0.9960861 0.08610567 -0.09589041 0.9882583 0.1193738 -0.09589041 0.9882583 0.1193738 0.4657534 0.7866927 -0.4031311 0.09784736 0.9784736 0.1800391 0.09784736 0.9784736 0.1800391 0.02935421 0.960861 0.2720157 0.02935421 0.960861 0.2720157 -0.001956947 0.9510763 0.3111546 0.1428571 0.6027398 -0.7847358 -0.01761252 0.9980431 -0.07240704 -0.01761252 0.9980431 -0.07240704 -0.04696673 0.9960861 0.07436399 -0.04696673 0.9960861 0.07436399 -0.06066536 0.9882583 0.1369863 -0.8199608 0.1585127 0.5499021 -0.407045 0.8825831 0.2387476 -0.407045 0.8825831 0.2387476 0.3228963 0.5499021 -0.7710372 0.3228963 0.5499021 -0.7710372 0.3228963 0.5499021 -0.7710372 0.3228963 0.5499021 -0.7710372 -0.5949119 0.5381604 -0.5968689 -0.5949119 0.5381604 -0.5968689 -0.5949119 0.5381604 -0.5968689 -0.5949119 0.5381604 -0.5968689 0.7847358 0.6183953 -0.06066536 0.7847358 0.6183953 -0.06066536 0.7847358 0.6183953 -0.06066536 0 1 0 0 1 0 0 1 0 0 1 0 0.7847358 0.6183953 -0.06066536 0 1 0 -0.7866927 0.592955 0.1702544 -0.7866927 0.592955 0.1702544 -0.7866927 0.592955 0.1702544 -0.7866927 0.592955 0.1702544 0.5909981 0.483366 0.6457925 0.5909981 0.483366 0.6457925 0.5909981 0.483366 0.6457925 0 1 0 0.5909981 0.483366 0.6457925 -0.3972603 0.5342466 0.7455969 -0.3972603 0.5342466 0.7455969 -0.3972603 0.5342466 0.7455969 -0.3972603 0.5342466 0.7455969 0.4970646 0.62818 0.5988258 0.2700587 0.9452055 0.1800391 0.2700587 0.9452055 0.1800391 0.1819961 0.9823875 0.03913894 0.1819961 0.9823875 0.03913894 0.1213307 0.9902152 -0.05675147 0.1213307 0.9902152 -0.05675147 0.09393346 0.9902152 -0.09784736 0.8708415 0.2367906 0.4305284 0.444227 0.8962818 0.01956947 0.444227 0.8962818 0.01956947 0.3248532 0.9432485 -0.06066536 0.3248532 0.9432485 -0.06066536 0.2739726 0.9569471 -0.09393346 0.2054795 0.9765166 -0.07632094 0.2054795 0.9765166 -0.07632094 -0.6086106 0.7866927 -0.1017613 0.2054795 0.9765166 -0.07632094 0.3131115 0.9471624 -0.06849315 0.3131115 0.9471624 -0.06849315 0.3561644 0.9315069 -0.06457926 0.3131115 0.9471624 -0.06849315 -0.01174168 0.9941292 0.09784736 0.1976517 0.9745597 0.1017613 -0.01174168 0.9941292 0.09784736 0.2544031 0.964775 0.07632094 0.1976517 0.9745597 0.1017613 0.1976517 0.9745597 0.1017613 0.7436399 0.5851272 -0.3209393 0.3659491 0.9099804 0.1937378 0.3659491 0.9099804 0.1937378 0.2818004 0.9197652 0.2739726 0.2818004 0.9197652 0.2739726 0.2426614 0.9197652 0.3072407 0.4461839 0.4892368 -0.7495108 0.3033268 0.9491194 -0.07436399 0.3033268 0.9491194 -0.07436399 0.2524462 0.964775 0.06457926 0.2524462 0.964775 0.06457926 0.2270059 0.964775 0.1252446 -0.8082192 0.4285714 0.4050881 -0.146771 0.9745597 0.1663405 -0.146771 0.9745597 0.1663405 0.6320939 0.7514677 -0.1937378 0.1741683 0.9823875 0.06066536 0.1741683 0.9823875 0.06066536 0.01956947 0.9902152 0.1350294 0.01956947 0.9902152 0.1350294 -0.08219178 0.9804305 0.1819961 -0.08219178 0.9804305 0.1819961 -0.1272016 0.9706458 0.2015656 0.5303327 0.4951076 -0.6888454 0.03913894 0.9902152 -0.1409002 0.03913894 0.9902152 -0.1409002 -0.05675147 0.9980431 -0.02544031 -0.05675147 0.9980431 -0.02544031 -0.09784736 0.9941292 0.02348337 -0.09001957 0.9921722 0.09589041 -0.09001957 0.9921722 0.09589041 -0.2133072 0.5596869 0.8003914 -0.09001957 0.9921722 0.09589041 -0.0665362 0.9980431 -0.01369863 -0.0665362 0.9980431 -0.01369863 -0.05675147 0.9960861 -0.05870841 -0.0665362 0.9980431 -0.01369863 0.05283757 0.9432485 0.3307241 0.08610567 0.9882583 0.1272016 0.05283757 0.9432485 0.3307241 0.06849315 0.9960861 0.0665362 0.08610567 0.9882583 0.1272016 0.08610567 0.9882583 0.1272016 -0.2446184 0.7866927 -0.5655577 0.2015656 0.9784736 -0.03913894 0.2015656 0.9784736 -0.03913894 0.2681018 0.960861 0.05479452 0.2681018 0.960861 0.05479452 0.295499 0.9510763 0.09589041 -0.704501 0.6027398 -0.3737769 -0.07436399 0.9980431 -0.005870841 -0.07436399 0.9980431 -0.005870841 0.05675147 0.9960861 0.06849315 0.05675147 0.9960861 0.06849315 0.111546 0.9882583 0.09784736 0.2778865 0.1585127 0.9471624 0.1056751 0.8825831 0.4598826 0.1056751 0.8825831 0.4598826 0.5909981 0.483366 0.6457925 0.5909981 0.483366 0.6457925 0.5909981 0.483366 0.6457925 0.5909981 0.483366 0.6457925 -0.3972603 0.5342466 0.7455969 -0.3972603 0.5342466 0.7455969 -0.3972603 0.5342466 0.7455969 -0.3972603 0.5342466 0.7455969 0.3228963 0.5499021 -0.7710372 0.3228963 0.5499021 -0.7710372 0.3228963 0.5499021 -0.7710372 0.3228963 0.5499021 -0.7710372 0.7847358 0.6183953 -0.06066536 0.7847358 0.6183953 -0.06066536 0.7847358 0.6183953 -0.06066536 0.7847358 0.6183953 -0.06066536 -0.7866927 0.592955 0.1702544 -0.7866927 0.592955 0.1702544 -0.7866927 0.592955 0.1702544 -0.7866927 0.592955 0.1702544 -0.5949119 0.5381604 -0.5968689 -0.5949119 0.5381604 -0.5968689 -0.5949119 0.5381604 -0.5968689 -0.5949119 0.5381604 -0.5968689 0 1 0 0 1 0 0 1 0 0 1 0 0 1 0 0 1 0 0.5909981 0.483366 0.6457925 0.5909981 0.483366 0.6457925 0.5909981 0.483366 0.6457925 0.5909981 0.483366 0.6457925 -0.3972603 0.5342466 0.7455969 -0.3972603 0.5342466 0.7455969 -0.3972603 0.5342466 0.7455969 -0.3972603 0.5342466 0.7455969 0.3228963 0.5499021 -0.7710372 0.3228963 0.5499021 -0.7710372 0.3228963 0.5499021 -0.7710372 0.3228963 0.5499021 -0.7710372 0.7847358 0.6183953 -0.06066536 0.7847358 0.6183953 -0.06066536 0.7847358 0.6183953 -0.06066536 0.7847358 0.6183953 -0.06066536 -0.7866927 0.592955 0.1702544 -0.7866927 0.592955 0.1702544 -0.7866927 0.592955 0.1702544 -0.7866927 0.592955 0.1702544 -0.5949119 0.5381604 -0.5968689 -0.5949119 0.5381604 -0.5968689 -0.5949119 0.5381604 -0.5968689 -0.5949119 0.5381604 -0.5968689 0 1 0 0 1 0 0 1 0 0 1 0 0 1 0 0 1 0 0.8708415 -0.09784736 0.483366 0.8708415 -0.09784736 0.483366 0.8708415 -0.09784736 0.483366 0.8708415 -0.09784736 0.483366 0.1917808 -0.8238748 0.5342466 0.1917808 -0.8238748 0.5342466 0.1917808 -0.8238748 0.5342466 0.1917808 -0.8238748 0.5342466 -0.2641879 0.7925636 0.5499021 -0.2641879 0.7925636 0.5499021 -0.2641879 0.7925636 0.5499021 -0.2641879 0.7925636 0.5499021 0.5499021 0.5616438 0.6183953 0.5499021 0.5616438 0.6183953 0.5499021 0.5616438 0.6183953 0.5499021 0.5616438 0.6183953 -0.481409 -0.6457925 0.592955 -0.481409 -0.6457925 0.592955 -0.481409 -0.6457925 0.592955 -0.481409 -0.6457925 0.592955 -0.8395303 0.05870841 0.5381604 -0.8395303 0.05870841 0.5381604 -0.8395303 0.05870841 0.5381604 -0.8395303 0.05870841 0.5381604 0 0 1 0 0 1 0 0 1 0 0 1 0 0 1 0 0 1 0.3013699 0.8219178 0.483366 0.3013699 0.8219178 0.483366 0.3013699 0.8219178 0.483366 0.3013699 0.8219178 0.483366 0.8454012 -0.007827789 0.5342466 0.8454012 -0.007827789 0.5342466 0.8454012 -0.007827789 0.5342466 0.8454012 -0.007827789 0.5342466 -0.8317025 -0.0704501 0.5499021 -0.8317025 -0.0704501 0.5499021 -0.8317025 -0.0704501 0.5499021 -0.8317025 -0.0704501 0.5499021 -0.4168297 0.667319 0.6183953 -0.4168297 0.667319 0.6183953 -0.4168297 0.667319 0.6183953 -0.4168297 0.667319 0.6183953 0.5146771 -0.6203523 0.592955 0.5146771 -0.6203523 0.592955 0.5146771 -0.6203523 0.592955 0.5146771 -0.6203523 0.592955 -0.2544031 -0.8023483 0.5381604 -0.2544031 -0.8023483 0.5381604 -0.2544031 -0.8023483 0.5381604 -0.2544031 -0.8023483 0.5381604 0 0 1 0 0 1 0 0 1 0 0 1 0 0 1 0 0 1 0.6007828 0.6379648 0.483366 0.6007828 0.6379648 0.483366 0.6007828 0.6379648 0.483366 0.6007828 0.6379648 0.483366 0.7729941 -0.3405088 0.5342466 0.7729941 -0.3405088 0.5342466 0.7729941 -0.3405088 0.5342466 0.7729941 -0.3405088 0.5342466 -0.7925636 0.2641879 0.5499021 -0.7925636 0.2641879 0.5499021 -0.7925636 0.2641879 0.5499021 -0.7925636 0.2641879 0.5499021 -0.1193738 0.776908 0.6183953 -0.1193738 0.776908 0.6183953 -0.1193738 0.776908 0.6183953 -0.1193738 0.776908 0.6183953 0.2289628 -0.7729941 0.592955 0.2289628 -0.7729941 0.592955 0.2289628 -0.7729941 0.592955 0.2289628 -0.7729941 0.592955 -0.5499021 -0.6379648 0.5381604 -0.5499021 -0.6379648 0.5381604 -0.5499021 -0.6379648 0.5381604 -0.5499021 -0.6379648 0.5381604 0 0 1 0 0 1 0 0 1 0 0 1 0 0 1 0 0 1 0.3013699 0.8219178 0.483366 0.3013699 0.8219178 0.483366 0.3013699 0.8219178 0.483366 0.3013699 0.8219178 0.483366 0.8454012 -0.007827789 0.5342466 0.8454012 -0.007827789 0.5342466 0.8454012 -0.007827789 0.5342466 0.8454012 -0.007827789 0.5342466 -0.8317025 -0.0704501 0.5499021 -0.8317025 -0.0704501 0.5499021 -0.8317025 -0.0704501 0.5499021 -0.8317025 -0.0704501 0.5499021 -0.4168297 0.667319 0.6183953 -0.4168297 0.667319 0.6183953 -0.4168297 0.667319 0.6183953 -0.4168297 0.667319 0.6183953 0.5146771 -0.6203523 0.592955 0.5146771 -0.6203523 0.592955 0.5146771 -0.6203523 0.592955 0.5146771 -0.6203523 0.592955 -0.2544031 -0.8023483 0.5381604 -0.2544031 -0.8023483 0.5381604 -0.2544031 -0.8023483 0.5381604 -0.2544031 -0.8023483 0.5381604 0 0 1 0 0 1 0 0 1 0 0 1 0 0 1 0 0 1 0.3013699 0.8219178 0.483366 0.3013699 0.8219178 0.483366 0.3013699 0.8219178 0.483366 0.3013699 0.8219178 0.483366 0.8454012 -0.007827789 0.5342466 0.8454012 -0.007827789 0.5342466 0.8454012 -0.007827789 0.5342466 0.8454012 -0.007827789 0.5342466 -0.8317025 -0.0704501 0.5499021 -0.8317025 -0.0704501 0.5499021 -0.8317025 -0.0704501 0.5499021 -0.8317025 -0.0704501 0.5499021 -0.4168297 0.667319 0.6183953 -0.4168297 0.667319 0.6183953 -0.4168297 0.667319 0.6183953 -0.4168297 0.667319 0.6183953 0.5146771 -0.6203523 0.592955 0.5146771 -0.6203523 0.592955 0.5146771 -0.6203523 0.592955 0.5146771 -0.6203523 0.592955 -0.2544031 -0.8023483 0.5381604 -0.2544031 -0.8023483 0.5381604 -0.2544031 -0.8023483 0.5381604 -0.2544031 -0.8023483 0.5381604 0 0 1 0 0 1 0 0 1 0 0 1 0 0 1 0 0 1 0.3013699 0.8219178 0.483366 0.3013699 0.8219178 0.483366 0.3013699 0.8219178 0.483366 0.3013699 0.8219178 0.483366 0.8454012 -0.007827789 0.5342466 0.8454012 -0.007827789 0.5342466 0.8454012 -0.007827789 0.5342466 0.8454012 -0.007827789 0.5342466 -0.8317025 -0.0704501 0.5499021 -0.8317025 -0.0704501 0.5499021 -0.8317025 -0.0704501 0.5499021 -0.8317025 -0.0704501 0.5499021 -0.4168297 0.667319 0.6183953 -0.4168297 0.667319 0.6183953 -0.4168297 0.667319 0.6183953 -0.4168297 0.667319 0.6183953 0.5146771 -0.6203523 0.592955 0.5146771 -0.6203523 0.592955 0.5146771 -0.6203523 0.592955 0.5146771 -0.6203523 0.592955 -0.2544031 -0.8023483 0.5381604 -0.2544031 -0.8023483 0.5381604 -0.2544031 -0.8023483 0.5381604 -0.2544031 -0.8023483 0.5381604 0 0 1 0 0 1 0 0 1 0 0 1 0 0 1 0 0 1 0.6007828 0.6379648 0.483366 0.6007828 0.6379648 0.483366 0.6007828 0.6379648 0.483366 0.6007828 0.6379648 0.483366 0.7729941 -0.3405088 0.5342466 0.7729941 -0.3405088 0.5342466 0.7729941 -0.3405088 0.5342466 0.7729941 -0.3405088 0.5342466 -0.7925636 0.2641879 0.5499021 -0.7925636 0.2641879 0.5499021 -0.7925636 0.2641879 0.5499021 -0.7925636 0.2641879 0.5499021 -0.1193738 0.776908 0.6183953 -0.1193738 0.776908 0.6183953 -0.1193738 0.776908 0.6183953 -0.1193738 0.776908 0.6183953 0.2289628 -0.7729941 0.592955 0.2289628 -0.7729941 0.592955 0.2289628 -0.7729941 0.592955 0.2289628 -0.7729941 0.592955 -0.5499021 -0.6379648 0.5381604 -0.5499021 -0.6379648 0.5381604 -0.5499021 -0.6379648 0.5381604 -0.5499021 -0.6379648 0.5381604 0 0 1 0 0 1 0 0 1 0 0 1 0 0 1 0 0 1 0.6007828 0.6379648 0.483366 0.6007828 0.6379648 0.483366 0.6007828 0.6379648 0.483366 0.6007828 0.6379648 0.483366 0.7729941 -0.3405088 0.5342466 0.7729941 -0.3405088 0.5342466 0.7729941 -0.3405088 0.5342466 0.7729941 -0.3405088 0.5342466 -0.7925636 0.2641879 0.5499021 -0.7925636 0.2641879 0.5499021 -0.7925636 0.2641879 0.5499021 -0.7925636 0.2641879 0.5499021 -0.1193738 0.776908 0.6183953 -0.1193738 0.776908 0.6183953 -0.1193738 0.776908 0.6183953 -0.1193738 0.776908 0.6183953 0.2289628 -0.7729941 0.592955 0.2289628 -0.7729941 0.592955 0.2289628 -0.7729941 0.592955 0.2289628 -0.7729941 0.592955 -0.5499021 -0.6379648 0.5381604 -0.5499021 -0.6379648 0.5381604 -0.5499021 -0.6379648 0.5381604 -0.5499021 -0.6379648 0.5381604 0 0 1 0 0 1 0 0 1 0 0 1 0 0 1 0 0 1 0.8708415 -0.09784736 0.483366 0.8708415 -0.09784736 0.483366 0.8708415 -0.09784736 0.483366 0.8708415 -0.09784736 0.483366 0.1917808 -0.8238748 0.5342466 0.1917808 -0.8238748 0.5342466 0.1917808 -0.8238748 0.5342466 0.1917808 -0.8238748 0.5342466 -0.2641879 0.7925636 0.5499021 -0.2641879 0.7925636 0.5499021 -0.2641879 0.7925636 0.5499021 -0.2641879 0.7925636 0.5499021 0.5499021 0.5616438 0.6183953 0.5499021 0.5616438 0.6183953 0.5499021 0.5616438 0.6183953 0.5499021 0.5616438 0.6183953 -0.481409 -0.6457925 0.592955 -0.481409 -0.6457925 0.592955 -0.481409 -0.6457925 0.592955 -0.481409 -0.6457925 0.592955 -0.8395303 0.05870841 0.5381604 -0.8395303 0.05870841 0.5381604 -0.8395303 0.05870841 0.5381604 -0.8395303 0.05870841 0.5381604 0 0 1 0 0 1 0 0 1 0 0 1 0 0 1 0 0 1 0.6007828 0.6379648 0.483366 0.6007828 0.6379648 0.483366 0.6007828 0.6379648 0.483366 0.6007828 0.6379648 0.483366 0.7729941 -0.3405088 0.5342466 0.7729941 -0.3405088 0.5342466 0.7729941 -0.3405088 0.5342466 0.7729941 -0.3405088 0.5342466 -0.7925636 0.2641879 0.5499021 -0.7925636 0.2641879 0.5499021 -0.7925636 0.2641879 0.5499021 -0.7925636 0.2641879 0.5499021 -0.1193738 0.776908 0.6183953 -0.1193738 0.776908 0.6183953 -0.1193738 0.776908 0.6183953 -0.1193738 0.776908 0.6183953 0.2289628 -0.7729941 0.592955 0.2289628 -0.7729941 0.592955 0.2289628 -0.7729941 0.592955 0.2289628 -0.7729941 0.592955 -0.5499021 -0.6379648 0.5381604 -0.5499021 -0.6379648 0.5381604 -0.5499021 -0.6379648 0.5381604 -0.5499021 -0.6379648 0.5381604 0 0 1 0 0 1 0 0 1 0 0 1 0 0 1 0 0 1 0.7592955 -0.6477495 -0.07632094 0.7592955 -0.6477495 -0.07632094 0.7592955 -0.6477495 -0.07632094 0.7592955 -0.6477495 -0.07632094 0.09589041 -0.7455969 0.6594912 0.09589041 -0.7455969 0.6594912 0.09589041 -0.7455969 0.6594912 0.09589041 -0.7455969 0.6594912 0.6164383 0.7710372 0.1604697 0.6164383 0.7710372 0.1604697 0.6164383 0.7710372 0.1604697 0.6164383 0.7710372 0.1604697 0.9902152 0.06066536 -0.1174168 0.9902152 0.06066536 -0.1174168 0.9902152 0.06066536 -0.1174168 0.9902152 0.06066536 -0.1174168 -0.1369863 -0.1702544 0.9765166 -0.1369863 -0.1702544 0.9765166 -0.1369863 -0.1702544 0.9765166 -0.1369863 -0.1702544 0.9765166 -0.03913894 0.5968689 0.8003914 -0.03913894 0.5968689 0.8003914 -0.03913894 0.5968689 0.8003914 -0.03913894 0.5968689 0.8003914 0.7064579 0 0.7064579 0.7064579 0 0.7064579 0.7064579 0 0.7064579 0.7064579 0 0.7064579 0.7064579 0 0.7064579 0.7064579 0 0.7064579 0.8845401 0.4227006 -0.2015656 0.8845401 0.4227006 -0.2015656 0.8845401 0.4227006 -0.2015656 0.8845401 0.4227006 -0.2015656 0.8238748 -0.5616438 -0.06849315 0.8238748 -0.5616438 -0.06849315 0.8238748 -0.5616438 -0.06849315 0.8238748 -0.5616438 -0.06849315 -0.08610567 0.4951076 0.8649706 -0.08610567 0.4951076 0.8649706 -0.08610567 0.4951076 0.8649706 -0.08610567 0.4951076 0.8649706 0.5244619 0.776908 0.3483366 0.5244619 0.776908 0.3483366 0.5244619 0.776908 0.3483366 0.5244619 0.776908 0.3483366 0.4050881 -0.8043053 0.4344423 0.4050881 -0.8043053 0.4344423 0.4050881 -0.8043053 0.4344423 0.4050881 -0.8043053 0.4344423 -0.1291585 -0.4383562 0.890411 -0.1291585 -0.4383562 0.890411 -0.1291585 -0.4383562 0.890411 -0.1291585 -0.4383562 0.890411 0.7064579 0 0.7064579 0.7064579 0 0.7064579 0.7064579 0 0.7064579 0.7064579 0 0.7064579 0.7064579 0 0.7064579 0.7064579 0 0.7064579 0.9569471 0.08414873 -0.2759295 0.9569471 0.08414873 -0.2759295 0.9569471 0.08414873 -0.2759295 0.9569471 0.08414873 -0.2759295 0.6320939 -0.7651663 0.1252446 0.6320939 -0.7651663 0.1252446 0.6320939 -0.7651663 0.1252446 0.6320939 -0.7651663 0.1252446 0.09001957 0.7201566 0.6888454 0.09001957 0.7201566 0.6888454 0.09001957 0.7201566 0.6888454 0.09001957 0.7201566 0.6888454 0.7338552 0.6634051 0.1389433 0.7338552 0.6634051 0.1389433 0.7338552 0.6634051 0.1389433 0.7338552 0.6634051 0.1389433 0.1819961 -0.7318982 0.6575342 0.1819961 -0.7318982 0.6575342 0.1819961 -0.7318982 0.6575342 0.1819961 -0.7318982 0.6575342 -0.2093934 -0.1174168 0.9706458 -0.2093934 -0.1174168 0.9706458 -0.2093934 -0.1174168 0.9706458 -0.2093934 -0.1174168 0.9706458 0.7064579 0 0.7064579 0.7064579 0 0.7064579 0.7064579 0 0.7064579 0.7064579 0 0.7064579 0.7064579 0 0.7064579 0.7064579 0 0.7064579 0.8845401 0.4227006 -0.2015656 0.8845401 0.4227006 -0.2015656 0.8845401 0.4227006 -0.2015656 0.8845401 0.4227006 -0.2015656 0.8238748 -0.5616438 -0.06849315 0.8238748 -0.5616438 -0.06849315 0.8238748 -0.5616438 -0.06849315 0.8238748 -0.5616438 -0.06849315 -0.08610567 0.4951076 0.8649706 -0.08610567 0.4951076 0.8649706 -0.08610567 0.4951076 0.8649706 -0.08610567 0.4951076 0.8649706 0.5244619 0.776908 0.3483366 0.5244619 0.776908 0.3483366 0.5244619 0.776908 0.3483366 0.5244619 0.776908 0.3483366 0.4050881 -0.8043053 0.4344423 0.4050881 -0.8043053 0.4344423 0.4050881 -0.8043053 0.4344423 0.4050881 -0.8043053 0.4344423 -0.1291585 -0.4383562 0.890411 -0.1291585 -0.4383562 0.890411 -0.1291585 -0.4383562 0.890411 -0.1291585 -0.4383562 0.890411 0.7064579 0 0.7064579 0.7064579 0 0.7064579 0.7064579 0 0.7064579 0.7064579 0 0.7064579 0.7064579 0 0.7064579 0.7064579 0 0.7064579 0.9432485 -0.2015656 -0.2622309 0.9432485 -0.2015656 -0.2622309 0.9432485 -0.2015656 -0.2622309 0.9432485 -0.2015656 -0.2622309 0.4422701 -0.8395303 0.3131115 0.4422701 -0.8395303 0.3131115 0.4422701 -0.8395303 0.3131115 0.4422701 -0.8395303 0.3131115 0.2700587 0.8180039 0.5068493 0.2700587 0.8180039 0.5068493 0.2700587 0.8180039 0.5068493 0.2700587 0.8180039 0.5068493 0.8708415 0.4931507 0.003913894 0.8708415 0.4931507 0.003913894 0.8708415 0.4931507 0.003913894 0.8708415 0.4931507 0.003913894 0.02739726 -0.5831702 0.8121331 0.02739726 -0.5831702 0.8121331 0.02739726 -0.5831702 0.8121331 0.02739726 -0.5831702 0.8121331 -0.2035225 0.1585127 0.9667319 -0.2035225 0.1585127 0.9667319 -0.2035225 0.1585127 0.9667319 -0.2035225 0.1585127 0.9667319 0.7064579 0 0.7064579 0.7064579 0 0.7064579 0.7064579 0 0.7064579 0.7064579 0 0.7064579 0.7064579 0 0.7064579 0.7064579 0 0.7064579 0.9432485 -0.2015656 -0.2622309 0.9432485 -0.2015656 -0.2622309 0.9432485 -0.2015656 -0.2622309 0.9432485 -0.2015656 -0.2622309 0.4422701 -0.8395303 0.3131115 0.4422701 -0.8395303 0.3131115 0.4422701 -0.8395303 0.3131115 0.4422701 -0.8395303 0.3131115 0.2700587 0.8180039 0.5068493 0.2700587 0.8180039 0.5068493 0.2700587 0.8180039 0.5068493 0.2700587 0.8180039 0.5068493 0.8708415 0.4931507 0.003913894 0.8708415 0.4931507 0.003913894 0.8708415 0.4931507 0.003913894 0.8708415 0.4931507 0.003913894 0.02739726 -0.5831702 0.8121331 0.02739726 -0.5831702 0.8121331 0.02739726 -0.5831702 0.8121331 0.02739726 -0.5831702 0.8121331 -0.2035225 0.1585127 0.9667319 -0.2035225 0.1585127 0.9667319 -0.2035225 0.1585127 0.9667319 -0.2035225 0.1585127 0.9667319 0.7064579 0 0.7064579 0.7064579 0 0.7064579 0.7064579 0 0.7064579 0.7064579 0 0.7064579 0.7064579 0 0.7064579 0.7064579 0 0.7064579 0.9432485 -0.2015656 -0.2622309 0.9432485 -0.2015656 -0.2622309 0.9432485 -0.2015656 -0.2622309 0.9432485 -0.2015656 -0.2622309 0.4422701 -0.8395303 0.3131115 0.4422701 -0.8395303 0.3131115 0.4422701 -0.8395303 0.3131115 0.4422701 -0.8395303 0.3131115 0.2700587 0.8180039 0.5068493 0.2700587 0.8180039 0.5068493 0.2700587 0.8180039 0.5068493 0.2700587 0.8180039 0.5068493 0.8708415 0.4931507 0.003913894 0.8708415 0.4931507 0.003913894 0.8708415 0.4931507 0.003913894 0.8708415 0.4931507 0.003913894 0.02739726 -0.5831702 0.8121331 0.02739726 -0.5831702 0.8121331 0.02739726 -0.5831702 0.8121331 0.02739726 -0.5831702 0.8121331 -0.2035225 0.1585127 0.9667319 -0.2035225 0.1585127 0.9667319 -0.2035225 0.1585127 0.9667319 -0.2035225 0.1585127 0.9667319 0.7064579 0 0.7064579 0.7064579 0 0.7064579 0.7064579 0 0.7064579 0.7064579 0 0.7064579 0.7064579 0 0.7064579 0.7064579 0 0.7064579 0.9432485 -0.2015656 -0.2622309 0.9432485 -0.2015656 -0.2622309 0.9432485 -0.2015656 -0.2622309 0.9432485 -0.2015656 -0.2622309 0.4422701 -0.8395303 0.3131115 0.4422701 -0.8395303 0.3131115 0.4422701 -0.8395303 0.3131115 0.4422701 -0.8395303 0.3131115 0.2700587 0.8180039 0.5068493 0.2700587 0.8180039 0.5068493 0.2700587 0.8180039 0.5068493 0.2700587 0.8180039 0.5068493 0.8708415 0.4931507 0.003913894 0.8708415 0.4931507 0.003913894 0.8708415 0.4931507 0.003913894 0.8708415 0.4931507 0.003913894 0.02739726 -0.5831702 0.8121331 0.02739726 -0.5831702 0.8121331 0.02739726 -0.5831702 0.8121331 0.02739726 -0.5831702 0.8121331 -0.2035225 0.1585127 0.9667319 -0.2035225 0.1585127 0.9667319 -0.2035225 0.1585127 0.9667319 -0.2035225 0.1585127 0.9667319 0.7064579 0 0.7064579 0.7064579 0 0.7064579 0.7064579 0 0.7064579 0.7064579 0 0.7064579 0.7064579 0 0.7064579 0.7064579 0 0.7064579 0.9432485 -0.2015656 -0.2622309 0.9432485 -0.2015656 -0.2622309 0.9432485 -0.2015656 -0.2622309 0.9432485 -0.2015656 -0.2622309 0.4422701 -0.8395303 0.3131115 0.4422701 -0.8395303 0.3131115 0.4422701 -0.8395303 0.3131115 0.4422701 -0.8395303 0.3131115 0.2700587 0.8180039 0.5068493 0.2700587 0.8180039 0.5068493 0.2700587 0.8180039 0.5068493 0.2700587 0.8180039 0.5068493 0.8708415 0.4931507 0.003913894 0.8708415 0.4931507 0.003913894 0.8708415 0.4931507 0.003913894 0.8708415 0.4931507 0.003913894 0.02739726 -0.5831702 0.8121331 0.02739726 -0.5831702 0.8121331 0.02739726 -0.5831702 0.8121331 0.02739726 -0.5831702 0.8121331 -0.2035225 0.1585127 0.9667319 -0.2035225 0.1585127 0.9667319 -0.2035225 0.1585127 0.9667319 -0.2035225 0.1585127 0.9667319 0.7064579 0 0.7064579 0.7064579 0 0.7064579 0.7064579 0 0.7064579 0.7064579 0 0.7064579 0.7064579 0 0.7064579 0.7064579 0 0.7064579 0.9432485 -0.2015656 -0.2622309 0.9432485 -0.2015656 -0.2622309 0.9432485 -0.2015656 -0.2622309 0.9432485 -0.2015656 -0.2622309 0.4422701 -0.8395303 0.3131115 0.4422701 -0.8395303 0.3131115 0.4422701 -0.8395303 0.3131115 0.4422701 -0.8395303 0.3131115 0.2700587 0.8180039 0.5068493 0.2700587 0.8180039 0.5068493 0.2700587 0.8180039 0.5068493 0.2700587 0.8180039 0.5068493 0.8708415 0.4931507 0.003913894 0.8708415 0.4931507 0.003913894 0.8708415 0.4931507 0.003913894 0.8708415 0.4931507 0.003913894 0.02739726 -0.5831702 0.8121331 0.02739726 -0.5831702 0.8121331 0.02739726 -0.5831702 0.8121331 0.02739726 -0.5831702 0.8121331 -0.2035225 0.1585127 0.9667319 -0.2035225 0.1585127 0.9667319 -0.2035225 0.1585127 0.9667319 -0.2035225 0.1585127 0.9667319 0.7064579 0 0.7064579 0.7064579 0 0.7064579 0.7064579 0 0.7064579 0.7064579 0 0.7064579 0.7064579 0 0.7064579 0.7064579 0 0.7064579 0.9432485 -0.2015656 -0.2622309 0.9432485 -0.2015656 -0.2622309 0.9432485 -0.2015656 -0.2622309 0.9432485 -0.2015656 -0.2622309 0.4422701 -0.8395303 0.3131115 0.4422701 -0.8395303 0.3131115 0.4422701 -0.8395303 0.3131115 0.4422701 -0.8395303 0.3131115 0.2700587 0.8180039 0.5068493 0.2700587 0.8180039 0.5068493 0.2700587 0.8180039 0.5068493 0.2700587 0.8180039 0.5068493 0.8708415 0.4931507 0.003913894 0.8708415 0.4931507 0.003913894 0.8708415 0.4931507 0.003913894 0.8708415 0.4931507 0.003913894 0.02739726 -0.5831702 0.8121331 0.02739726 -0.5831702 0.8121331 0.02739726 -0.5831702 0.8121331 0.02739726 -0.5831702 0.8121331 -0.2035225 0.1585127 0.9667319 -0.2035225 0.1585127 0.9667319 -0.2035225 0.1585127 0.9667319 -0.2035225 0.1585127 0.9667319 0.7064579 0 0.7064579 0.7064579 0 0.7064579 0.7064579 0 0.7064579 0.7064579 0 0.7064579 0.7064579 0 0.7064579 0.7064579 0 0.7064579 -0.05283757 0.9960861 -0.06262231 -0.0665362 0.9980431 -0.01761252 -0.0665362 0.9980431 -0.01761252 -0.0665362 0.9980431 -0.01761252 -0.09589041 0.9921722 0.09001957 -0.09589041 0.9921722 0.09001957 0.06457926 0.9960861 0.0704501 0.07827789 0.9882583 0.1330724 0.07827789 0.9882583 0.1330724 0.1056751 0.9882583 0.1056751 0.05283757 0.9960861 0.0704501 0.05283757 0.9960861 0.0704501 0.0332681 0.9432485 0.332681 0.0332681 0.9432485 0.332681 -0.2641879 0.5596869 0.7847358 -0.09589041 0.9921722 0.09001957 0.07827789 0.9882583 0.1330724 -0.07240704 0.9980431 -0.009784736 -0.07240704 0.9980431 -0.009784736 0.07632094 0.8825831 0.4657534 0.07632094 0.8825831 0.4657534 0.2172211 0.1585127 0.962818 -0.6790606 0.6027398 -0.4168297 0.2035225 0.9784736 -0.02739726 -0.2093934 0.7866927 -0.5792564 0.2035225 0.9784736 -0.02739726 0.1702544 0.9823875 0.0704501 0.6418787 0.7514677 -0.1526419 0.1702544 0.9823875 0.0704501 0.04696673 0.9902152 -0.1389433 0.5714286 0.4951076 -0.6536204 0.04696673 0.9902152 -0.1389433 0.2641879 0.960861 0.07240704 0.01174168 0.9902152 0.1350294 0.01174168 0.9902152 0.1350294 0.2641879 0.960861 0.07240704 -0.09393346 0.9804305 0.1761252 -0.09393346 0.9804305 0.1761252 -0.05675147 0.9980431 -0.02935421 0.2896282 0.9510763 0.1135029 -0.05675147 0.9980431 -0.02935421 -0.1389433 0.9706458 0.1937378 -0.0998043 0.9941292 0.01761252 0.4872798 0.5342466 -0.6908023 0.4872798 0.5342466 -0.6908023 0.4872798 0.5342466 -0.6908023 0.4872798 0.5342466 -0.6908023 0.8023483 0.592955 -0.0704501 0.8023483 0.592955 -0.0704501 0.8023483 0.592955 -0.0704501 0.8023483 0.592955 -0.0704501 0 1 0 0 1 0 0 1 0 -0.5048923 0.483366 -0.7162427 -0.5048923 0.483366 -0.7162427 -0.5048923 0.483366 -0.7162427 -0.5048923 0.483366 -0.7162427 0 1 0 0.5146771 0.5381604 0.667319 0.5146771 0.5381604 0.667319 0.5146771 0.5381604 0.667319 0.5146771 0.5381604 0.667319 0 1 0 0 1 0 -0.7847358 0.6183953 -0.037182 -0.7847358 0.6183953 -0.037182 -0.7847358 0.6183953 -0.037182 -0.7847358 0.6183953 -0.037182 -0.4168297 0.5499021 0.7240704 -0.4168297 0.5499021 0.7240704 -0.4168297 0.5499021 0.7240704 -0.4168297 0.5499021 0.7240704 0.4872798 0.5342466 -0.6908023 0.4872798 0.5342466 -0.6908023 0.4872798 0.5342466 -0.6908023 0.4872798 0.5342466 -0.6908023 0.8023483 0.592955 -0.0704501 0.8023483 0.592955 -0.0704501 0.8023483 0.592955 -0.0704501 0.8023483 0.592955 -0.0704501 0 1 0 0 1 0 0 1 0 -0.5048923 0.483366 -0.7162427 -0.5048923 0.483366 -0.7162427 -0.5048923 0.483366 -0.7162427 -0.5048923 0.483366 -0.7162427 0 1 0 0.5146771 0.5381604 0.667319 0.5146771 0.5381604 0.667319 0.5146771 0.5381604 0.667319 0.5146771 0.5381604 0.667319 0 1 0 0 1 0 -0.7847358 0.6183953 -0.037182 -0.7847358 0.6183953 -0.037182 -0.7847358 0.6183953 -0.037182 -0.7847358 0.6183953 -0.037182 -0.4168297 0.5499021 0.7240704 -0.4168297 0.5499021 0.7240704 -0.4168297 0.5499021 0.7240704 -0.4168297 0.5499021 0.7240704 0.7279844 0.483366 -0.4872798 0.7279844 0.483366 -0.4872798 0.7279844 0.483366 -0.4872798 0.7279844 0.483366 -0.4872798 0.6771037 0.5342466 0.5048923 0.6771037 0.5342466 0.5048923 0.6771037 0.5342466 0.5048923 0.6771037 0.5342466 0.5048923 -0.7123288 0.5499021 -0.4344423 -0.7123288 0.5499021 -0.4344423 -0.7123288 0.5499021 -0.4344423 -0.7123288 0.5499021 -0.4344423 0.05675147 0.6183953 -0.7847358 0.05675147 0.6183953 -0.7847358 0.05675147 0.6183953 -0.7847358 0.05675147 0.6183953 -0.7847358 0.04892368 0.592955 0.8043053 0.04892368 0.592955 0.8043053 0.04892368 0.592955 0.8043053 0.04892368 0.592955 0.8043053 -0.6790606 0.5381604 0.4990215 -0.6790606 0.5381604 0.4990215 -0.6790606 0.5381604 0.4990215 -0.6790606 0.5381604 0.4990215 0 1 0 0 1 0 0 1 0 0 1 0 0 1 0 0 1 0 0.4872798 0.7514677 0.444227 0.037182 0.9823875 0.1800391 0.037182 0.9823875 0.1800391 -0.1056751 0.9902152 0.08610567 -0.1056751 0.9902152 0.08610567 -0.1996086 0.9804305 0.02152642 -0.1996086 0.9804305 0.02152642 -0.2387476 0.9706458 -0.005870841 0.8630137 0.4951076 0.1056751 0.1409002 0.9902152 -0.03913894 0.1409002 0.9902152 -0.03913894 -0.007827789 0.9980431 -0.06262231 -0.007827789 0.9980431 -0.06262231 -0.0704501 0.9941292 -0.07240704 -0.1291585 0.9921722 -0.02935421 -0.1291585 0.9921722 -0.02935421 -0.7984344 0.5596869 0.223092 -0.1291585 0.9921722 -0.02935421 -0.02152642 0.9980431 -0.06457926 -0.02152642 0.9980431 -0.06457926 0.02152642 0.9960861 -0.07827789 -0.02152642 0.9980431 -0.06457926 -0.2563601 0.9432485 0.2133072 -0.0665362 0.9882583 0.1389433 -0.2563601 0.9432485 0.2133072 -0.0665362 0.9882583 0.1389433 -0.02152642 0.9960861 0.09197652 -0.0665362 0.9882583 0.1389433 0.3620352 0.7866927 -0.4990215 0.1350294 0.9784736 0.1526419 0.1350294 0.9784736 0.1526419 0.09001957 0.960861 0.258317 0.09001957 0.960861 0.258317 0.06849315 0.9510763 0.3033268 -0.037182 0.6027398 -0.7964775 -0.0332681 0.9980431 -0.0665362 -0.0332681 0.9980431 -0.0665362 -0.02935421 0.9960861 0.08219178 -0.02935421 0.9960861 0.08219178 -0.02739726 0.9882583 0.146771 -0.6751468 0.1585127 0.7201566 -0.3424658 0.8825831 0.3248532 -0.3424658 0.8825831 0.3248532 0.6477495 0.5890411 0.483366 0.6477495 0.5890411 0.483366 0.6477495 0.5890411 0.483366 0.6477495 0.5890411 0.483366 0.7455969 -0.3992172 0.5342466 0.7455969 -0.3992172 0.5342466 0.7455969 -0.3992172 0.5342466 0.7455969 -0.3992172 0.5342466 -0.7690802 0.3228963 0.5499021 -0.7690802 0.3228963 0.5499021 -0.7690802 0.3228963 0.5499021 -0.7690802 0.3228963 0.5499021 -0.06066536 0.7847358 0.6183953 -0.06066536 0.7847358 0.6183953 -0.06066536 0.7847358 0.6183953 -0.06066536 0.7847358 0.6183953 0.1682975 -0.7866927 0.592955 0.1682975 -0.7866927 0.592955 0.1682975 -0.7866927 0.592955 0.1682975 -0.7866927 0.592955 -0.5968689 -0.592955 0.5381604 -0.5968689 -0.592955 0.5381604 -0.5968689 -0.592955 0.5381604 -0.5968689 -0.592955 0.5381604 0 0 1 0 0 1 0 0 1 0 0 1 0 0 1 0 0 1 0.6477495 0.5890411 0.483366 0.6477495 0.5890411 0.483366 0.6477495 0.5890411 0.483366 0.6477495 0.5890411 0.483366 0.7455969 -0.3992172 0.5342466 0.7455969 -0.3992172 0.5342466 0.7455969 -0.3992172 0.5342466 0.7455969 -0.3992172 0.5342466 -0.7690802 0.3228963 0.5499021 -0.7690802 0.3228963 0.5499021 -0.7690802 0.3228963 0.5499021 -0.7690802 0.3228963 0.5499021 -0.06066536 0.7847358 0.6183953 -0.06066536 0.7847358 0.6183953 -0.06066536 0.7847358 0.6183953 -0.06066536 0.7847358 0.6183953 0.1682975 -0.7866927 0.592955 0.1682975 -0.7866927 0.592955 0.1682975 -0.7866927 0.592955 0.1682975 -0.7866927 0.592955 -0.5968689 -0.592955 0.5381604 -0.5968689 -0.592955 0.5381604 -0.5968689 -0.592955 0.5381604 -0.5968689 -0.592955 0.5381604 0 0 1 0 0 1 0 0 1 0 0 1 0 0 1 0 0 1 0.8708415 0.09784736 0.483366 0.8708415 0.09784736 0.483366 0.8708415 0.09784736 0.483366 0.8708415 0.09784736 0.483366 0.369863 -0.7592955 0.5342466 0.369863 -0.7592955 0.5342466 0.369863 -0.7592955 0.5342466 0.369863 -0.7592955 0.5342466 -0.4344423 0.7123288 0.5499021 -0.4344423 0.7123288 0.5499021 -0.4344423 0.7123288 0.5499021 -0.4344423 0.7123288 0.5499021 0.4109589 0.6712329 0.6183953 0.4109589 0.6712329 0.6183953 0.4109589 0.6712329 0.6183953 0.4109589 0.6712329 0.6183953 -0.3248532 -0.7377691 0.592955 -0.3248532 -0.7377691 0.592955 -0.3248532 -0.7377691 0.592955 -0.3248532 -0.7377691 0.592955 -0.8317025 -0.1311155 0.5381604 -0.8317025 -0.1311155 0.5381604 -0.8317025 -0.1311155 0.5381604 -0.8317025 -0.1311155 0.5381604 0 0 1 0 0 1 0 0 1 0 0 1 0 0 1 0 0 1 0.7260274 -0.4911937 0.483366 0.7260274 -0.4911937 0.483366 0.7260274 -0.4911937 0.483366 0.7260274 -0.4911937 0.483366 -0.2133072 -0.8180039 0.5342466 -0.2133072 -0.8180039 0.5342466 -0.2133072 -0.8180039 0.5342466 -0.2133072 -0.8180039 0.5342466 0.1330724 0.8238748 0.5499021 0.1330724 0.8238748 0.5499021 0.1330724 0.8238748 0.5499021 0.1330724 0.8238748 0.5499021 0.7475538 0.2426614 0.6183953 0.7475538 0.2426614 0.6183953 0.7475538 0.2426614 0.6183953 0.7475538 0.2426614 0.6183953 -0.7260274 -0.3483366 0.592955 -0.7260274 -0.3483366 0.592955 -0.7260274 -0.3483366 0.592955 -0.7260274 -0.3483366 0.592955 -0.7181996 0.4422701 0.5381604 -0.7181996 0.4422701 0.5381604 -0.7181996 0.4422701 0.5381604 -0.7181996 0.4422701 0.5381604 0 0 1 0 0 1 0 0 1 0 0 1 0 0 1 0 0 1 0.6477495 0.5890411 0.483366 0.6477495 0.5890411 0.483366 0.6477495 0.5890411 0.483366 0.6477495 0.5890411 0.483366 0.7455969 -0.3992172 0.5342466 0.7455969 -0.3992172 0.5342466 0.7455969 -0.3992172 0.5342466 0.7455969 -0.3992172 0.5342466 -0.7690802 0.3228963 0.5499021 -0.7690802 0.3228963 0.5499021 -0.7690802 0.3228963 0.5499021 -0.7690802 0.3228963 0.5499021 -0.06066536 0.7847358 0.6183953 -0.06066536 0.7847358 0.6183953 -0.06066536 0.7847358 0.6183953 -0.06066536 0.7847358 0.6183953 0.1682975 -0.7866927 0.592955 0.1682975 -0.7866927 0.592955 0.1682975 -0.7866927 0.592955 0.1682975 -0.7866927 0.592955 -0.5968689 -0.592955 0.5381604 -0.5968689 -0.592955 0.5381604 -0.5968689 -0.592955 0.5381604 -0.5968689 -0.592955 0.5381604 0 0 1 0 0 1 0 0 1 0 0 1 0 0 1 0 0 1 0.8277887 0.2857143 0.483366 0.8277887 0.2857143 0.483366 0.8277887 0.2857143 0.483366 0.8277887 0.2857143 0.483366 0.5264188 -0.6614481 0.5342466 0.5264188 -0.6614481 0.5342466 0.5264188 -0.6614481 0.5342466 0.5264188 -0.6614481 0.5342466 -0.5792564 0.6007828 0.5499021 -0.5792564 0.6007828 0.5499021 -0.5792564 0.6007828 0.5499021 -0.5792564 0.6007828 0.5499021 0.2544031 0.7436399 0.6183953 0.2544031 0.7436399 0.6183953 0.2544031 0.7436399 0.6183953 0.2544031 0.7436399 0.6183953 -0.1565558 -0.7906067 0.592955 -0.1565558 -0.7906067 0.592955 -0.1565558 -0.7906067 0.592955 -0.1565558 -0.7906067 0.592955 -0.7827789 -0.3091977 0.5381604 -0.7827789 -0.3091977 0.5381604 -0.7827789 -0.3091977 0.5381604 -0.7827789 -0.3091977 0.5381604 0 0 1 0 0 1 0 0 1 0 0 1 0 0 1 0 0 1 0.6477495 0.5890411 0.483366 0.6477495 0.5890411 0.483366 0.6477495 0.5890411 0.483366 0.6477495 0.5890411 0.483366 0.7455969 -0.3992172 0.5342466 0.7455969 -0.3992172 0.5342466 0.7455969 -0.3992172 0.5342466 0.7455969 -0.3992172 0.5342466 -0.7690802 0.3228963 0.5499021 -0.7690802 0.3228963 0.5499021 -0.7690802 0.3228963 0.5499021 -0.7690802 0.3228963 0.5499021 -0.06066536 0.7847358 0.6183953 -0.06066536 0.7847358 0.6183953 -0.06066536 0.7847358 0.6183953 -0.06066536 0.7847358 0.6183953 0.1682975 -0.7866927 0.592955 0.1682975 -0.7866927 0.592955 0.1682975 -0.7866927 0.592955 0.1682975 -0.7866927 0.592955 -0.5968689 -0.592955 0.5381604 -0.5968689 -0.592955 0.5381604 -0.5968689 -0.592955 0.5381604 -0.5968689 -0.592955 0.5381604 0 0 1 0 0 1 0 0 1 0 0 1 0 0 1 0 0 1 0.6477495 0.5890411 0.483366 0.6477495 0.5890411 0.483366 0.6477495 0.5890411 0.483366 0.6477495 0.5890411 0.483366 0.7455969 -0.3992172 0.5342466 0.7455969 -0.3992172 0.5342466 0.7455969 -0.3992172 0.5342466 0.7455969 -0.3992172 0.5342466 -0.7690802 0.3228963 0.5499021 -0.7690802 0.3228963 0.5499021 -0.7690802 0.3228963 0.5499021 -0.7690802 0.3228963 0.5499021 -0.06066536 0.7847358 0.6183953 -0.06066536 0.7847358 0.6183953 -0.06066536 0.7847358 0.6183953 -0.06066536 0.7847358 0.6183953 0.1682975 -0.7866927 0.592955 0.1682975 -0.7866927 0.592955 0.1682975 -0.7866927 0.592955 0.1682975 -0.7866927 0.592955 -0.5968689 -0.592955 0.5381604 -0.5968689 -0.592955 0.5381604 -0.5968689 -0.592955 0.5381604 -0.5968689 -0.592955 0.5381604 0 0 1 0 0 1 0 0 1 0 0 1 0 0 1 0 0 1 0.6418787 -0.5949119 0.483366 0.6418787 -0.5949119 0.483366 0.6418787 -0.5949119 0.483366 0.6418787 -0.5949119 0.483366 -0.334638 -0.776908 0.5342466 -0.334638 -0.776908 0.5342466 -0.334638 -0.776908 0.5342466 -0.334638 -0.776908 0.5342466 0.2563601 0.7945206 0.5499021 0.2563601 0.7945206 0.5499021 0.2563601 0.7945206 0.5499021 0.2563601 0.7945206 0.5499021 0.776908 0.1272016 0.6183953 0.776908 0.1272016 0.6183953 0.776908 0.1272016 0.6183953 0.776908 0.1272016 0.6183953 -0.7710372 -0.2348337 0.592955 -0.7710372 -0.2348337 0.592955 -0.7710372 -0.2348337 0.592955 -0.7710372 -0.2348337 0.592955 -0.6418787 0.5459883 0.5381604 -0.6418787 0.5459883 0.5381604 -0.6418787 0.5459883 0.5381604 -0.6418787 0.5459883 0.5381604 0 0 1 0 0 1 0 0 1 0 0 1 0 0 1 0 0 1 0.7299413 0.4853229 0.483366 0.7299413 0.4853229 0.483366 0.7299413 0.4853229 0.483366 0.7299413 0.4853229 0.483366 0.6751468 -0.5068493 0.5342466 0.6751468 -0.5068493 0.5342466 0.6751468 -0.5068493 0.5342466 0.6751468 -0.5068493 0.5342466 -0.7123288 0.4363992 0.5499021 -0.7123288 0.4363992 0.5499021 -0.7123288 0.4363992 0.5499021 -0.7123288 0.4363992 0.5499021 0.05870841 0.7847358 0.6183953 0.05870841 0.7847358 0.6183953 0.05870841 0.7847358 0.6183953 0.05870841 0.7847358 0.6183953 0.04696673 -0.8043053 0.592955 0.04696673 -0.8043053 0.592955 0.04696673 -0.8043053 0.592955 0.04696673 -0.8043053 0.592955 -0.6810176 -0.4970646 0.5381604 -0.6810176 -0.4970646 0.5381604 -0.6810176 -0.4970646 0.5381604 -0.6810176 -0.4970646 0.5381604 0 0 1 0 0 1 0 0 1 0 0 1 0 0 1 0 0 1 0.8610567 0.1565558 0.483366 0.8610567 0.1565558 0.483366 0.8610567 0.1565558 0.483366 0.8610567 0.1565558 0.483366 0.4207436 -0.7338552 0.5342466 0.4207436 -0.7338552 0.5342466 0.4207436 -0.7338552 0.5342466 0.4207436 -0.7338552 0.5342466 -0.481409 0.6810176 0.5499021 -0.481409 0.6810176 0.5499021 -0.481409 0.6810176 0.5499021 -0.481409 0.6810176 0.5499021 0.3639922 0.6966732 0.6183953 0.3639922 0.6966732 0.6183953 0.3639922 0.6966732 0.6183953 0.3639922 0.6966732 0.6183953 -0.2739726 -0.7573385 0.592955 -0.2739726 -0.7573385 0.592955 -0.2739726 -0.7573385 0.592955 -0.2739726 -0.7573385 0.592955 -0.8219178 -0.1878669 0.5381604 -0.8219178 -0.1878669 0.5381604 -0.8219178 -0.1878669 0.5381604 -0.8219178 -0.1878669 0.5381604 0 0 1 0 0 1 0 0 1 0 0 1 0 0 1 0 0 1 0.7299413 0.4853229 0.483366 0.7299413 0.4853229 0.483366 0.7299413 0.4853229 0.483366 0.7299413 0.4853229 0.483366 0.6751468 -0.5068493 0.5342466 0.6751468 -0.5068493 0.5342466 0.6751468 -0.5068493 0.5342466 0.6751468 -0.5068493 0.5342466 -0.7123288 0.4363992 0.5499021 -0.7123288 0.4363992 0.5499021 -0.7123288 0.4363992 0.5499021 -0.7123288 0.4363992 0.5499021 0.05870841 0.7847358 0.6183953 0.05870841 0.7847358 0.6183953 0.05870841 0.7847358 0.6183953 0.05870841 0.7847358 0.6183953 0.04696673 -0.8043053 0.592955 0.04696673 -0.8043053 0.592955 0.04696673 -0.8043053 0.592955 0.04696673 -0.8043053 0.592955 -0.6810176 -0.4970646 0.5381604 -0.6810176 -0.4970646 0.5381604 -0.6810176 -0.4970646 0.5381604 -0.6810176 -0.4970646 0.5381604 0 0 1 0 0 1 0 0 1 0 0 1 0 0 1 0 0 1 0.7299413 0.4853229 0.483366 0.7299413 0.4853229 0.483366 0.7299413 0.4853229 0.483366 0.7299413 0.4853229 0.483366 0.6751468 -0.5068493 0.5342466 0.6751468 -0.5068493 0.5342466 0.6751468 -0.5068493 0.5342466 0.6751468 -0.5068493 0.5342466 -0.7123288 0.4363992 0.5499021 -0.7123288 0.4363992 0.5499021 -0.7123288 0.4363992 0.5499021 -0.7123288 0.4363992 0.5499021 0.05870841 0.7847358 0.6183953 0.05870841 0.7847358 0.6183953 0.05870841 0.7847358 0.6183953 0.05870841 0.7847358 0.6183953 0.04696673 -0.8043053 0.592955 0.04696673 -0.8043053 0.592955 0.04696673 -0.8043053 0.592955 0.04696673 -0.8043053 0.592955 -0.6810176 -0.4970646 0.5381604 -0.6810176 -0.4970646 0.5381604 -0.6810176 -0.4970646 0.5381604 -0.6810176 -0.4970646 0.5381604 0 0 1 0 0 1 0 0 1 0 0 1 0 0 1 0 0 1 0.7299413 0.4853229 0.483366 0.7299413 0.4853229 0.483366 0.7299413 0.4853229 0.483366 0.7299413 0.4853229 0.483366 0.6751468 -0.5068493 0.5342466 0.6751468 -0.5068493 0.5342466 0.6751468 -0.5068493 0.5342466 0.6751468 -0.5068493 0.5342466 -0.7123288 0.4363992 0.5499021 -0.7123288 0.4363992 0.5499021 -0.7123288 0.4363992 0.5499021 -0.7123288 0.4363992 0.5499021 0.05870841 0.7847358 0.6183953 0.05870841 0.7847358 0.6183953 0.05870841 0.7847358 0.6183953 0.05870841 0.7847358 0.6183953 0.04696673 -0.8043053 0.592955 0.04696673 -0.8043053 0.592955 0.04696673 -0.8043053 0.592955 0.04696673 -0.8043053 0.592955 -0.6810176 -0.4970646 0.5381604 -0.6810176 -0.4970646 0.5381604 -0.6810176 -0.4970646 0.5381604 -0.6810176 -0.4970646 0.5381604 0 0 1 0 0 1 0 0 1 0 0 1 0 0 1 0 0 1 0.7299413 0.4853229 0.483366 0.7299413 0.4853229 0.483366 0.7299413 0.4853229 0.483366 0.7299413 0.4853229 0.483366 0.6751468 -0.5068493 0.5342466 0.6751468 -0.5068493 0.5342466 0.6751468 -0.5068493 0.5342466 0.6751468 -0.5068493 0.5342466 -0.7123288 0.4363992 0.5499021 -0.7123288 0.4363992 0.5499021 -0.7123288 0.4363992 0.5499021 -0.7123288 0.4363992 0.5499021 0.05870841 0.7847358 0.6183953 0.05870841 0.7847358 0.6183953 0.05870841 0.7847358 0.6183953 0.05870841 0.7847358 0.6183953 0.04696673 -0.8043053 0.592955 0.04696673 -0.8043053 0.592955 0.04696673 -0.8043053 0.592955 0.04696673 -0.8043053 0.592955 -0.6810176 -0.4970646 0.5381604 -0.6810176 -0.4970646 0.5381604 -0.6810176 -0.4970646 0.5381604 -0.6810176 -0.4970646 0.5381604 0 0 1 0 0 1 0 0 1 0 0 1 0 0 1 0 0 1 0.2367906 0.8434442 0.483366 0.2367906 0.8434442 0.483366 0.2367906 0.8434442 0.483366 0.2367906 0.8434442 0.483366 0.8434442 0.05675147 0.5342466 0.8434442 0.05675147 0.5342466 0.8434442 0.05675147 0.5342466 0.8434442 0.05675147 0.5342466 -0.8238748 -0.1330724 0.5499021 -0.8238748 -0.1330724 0.5499021 -0.8238748 -0.1330724 0.5499021 -0.8238748 -0.1330724 0.5499021 -0.4657534 0.6320939 0.6183953 -0.4657534 0.6320939 0.6183953 -0.4657534 0.6320939 0.6183953 -0.4657534 0.6320939 0.6183953 0.5596869 -0.5772994 0.592955 0.5596869 -0.5772994 0.592955 0.5596869 -0.5772994 0.592955 0.5596869 -0.5772994 0.592955 -0.1917808 -0.8199608 0.5381604 -0.1917808 -0.8199608 0.5381604 -0.1917808 -0.8199608 0.5381604 -0.1917808 -0.8199608 0.5381604 0 0 1 0 0 1 0 0 1 0 0 1 0 0 1 0 0 1 0.2367906 0.8434442 0.483366 0.2367906 0.8434442 0.483366 0.2367906 0.8434442 0.483366 0.2367906 0.8434442 0.483366 0.8434442 0.05675147 0.5342466 0.8434442 0.05675147 0.5342466 0.8434442 0.05675147 0.5342466 0.8434442 0.05675147 0.5342466 -0.8238748 -0.1330724 0.5499021 -0.8238748 -0.1330724 0.5499021 -0.8238748 -0.1330724 0.5499021 -0.8238748 -0.1330724 0.5499021 -0.4657534 0.6320939 0.6183953 -0.4657534 0.6320939 0.6183953 -0.4657534 0.6320939 0.6183953 -0.4657534 0.6320939 0.6183953 0.5596869 -0.5772994 0.592955 0.5596869 -0.5772994 0.592955 0.5596869 -0.5772994 0.592955 0.5596869 -0.5772994 0.592955 -0.1917808 -0.8199608 0.5381604 -0.1917808 -0.8199608 0.5381604 -0.1917808 -0.8199608 0.5381604 -0.1917808 -0.8199608 0.5381604 0 0 1 0 0 1 0 0 1 0 0 1 0 0 1 0 0 1 0.2661448 0.483366 -0.8336595 0.2661448 0.483366 -0.8336595 0.2661448 0.483366 -0.8336595 0.2661448 0.483366 -0.8336595 0.8454012 0.5342466 -0.02739726 0.8454012 0.5342466 -0.02739726 0.8454012 0.5342466 -0.02739726 0.8454012 0.5342466 -0.02739726 -0.8277887 0.5499021 0.1056751 -0.8277887 0.5499021 0.1056751 -0.8277887 0.5499021 0.1056751 -0.8277887 0.5499021 0.1056751 -0.444227 0.6183953 -0.6497065 -0.444227 0.6183953 -0.6497065 -0.444227 0.6183953 -0.6497065 -0.444227 0.6183953 -0.6497065 0.5401174 0.592955 0.5968689 0.5401174 0.592955 0.5968689 0.5401174 0.592955 0.5968689 0.5401174 0.592955 0.5968689 -0.221135 0.5381604 0.81409 -0.221135 0.5381604 0.81409 -0.221135 0.5381604 0.81409 -0.221135 0.5381604 0.81409 0 1 0 0 1 0 0 1 0 0 1 0 0 1 0 0 1 0 0.2661448 0.483366 -0.8336595 0.2661448 0.483366 -0.8336595 0.2661448 0.483366 -0.8336595 0.2661448 0.483366 -0.8336595 0.8454012 0.5342466 -0.02739726 0.8454012 0.5342466 -0.02739726 0.8454012 0.5342466 -0.02739726 0.8454012 0.5342466 -0.02739726 -0.8277887 0.5499021 0.1056751 -0.8277887 0.5499021 0.1056751 -0.8277887 0.5499021 0.1056751 -0.8277887 0.5499021 0.1056751 -0.444227 0.6183953 -0.6497065 -0.444227 0.6183953 -0.6497065 -0.444227 0.6183953 -0.6497065 -0.444227 0.6183953 -0.6497065 0.5401174 0.592955 0.5968689 0.5401174 0.592955 0.5968689 0.5401174 0.592955 0.5968689 0.5401174 0.592955 0.5968689 -0.221135 0.5381604 0.81409 -0.221135 0.5381604 0.81409 -0.221135 0.5381604 0.81409 -0.221135 0.5381604 0.81409 0 1 0 0 1 0 0 1 0 0 1 0 0 1 0 0 1 0 0.2661448 0.483366 -0.8336595 0.2661448 0.483366 -0.8336595 0.2661448 0.483366 -0.8336595 0.2661448 0.483366 -0.8336595 0.8454012 0.5342466 -0.02739726 0.8454012 0.5342466 -0.02739726 0.8454012 0.5342466 -0.02739726 0.8454012 0.5342466 -0.02739726 -0.8277887 0.5499021 0.1056751 -0.8277887 0.5499021 0.1056751 -0.8277887 0.5499021 0.1056751 -0.8277887 0.5499021 0.1056751 -0.444227 0.6183953 -0.6497065 -0.444227 0.6183953 -0.6497065 -0.444227 0.6183953 -0.6497065 -0.444227 0.6183953 -0.6497065 0.5401174 0.592955 0.5968689 0.5401174 0.592955 0.5968689 0.5401174 0.592955 0.5968689 0.5401174 0.592955 0.5968689 -0.221135 0.5381604 0.81409 -0.221135 0.5381604 0.81409 -0.221135 0.5381604 0.81409 -0.221135 0.5381604 0.81409 0 1 0 0 1 0 0 1 0 0 1 0 0 1 0 0 1 0 0.5968689 0.7514677 0.2818004 0.08806262 0.9823875 0.1604697 0.08806262 0.9823875 0.1604697 -0.07632094 0.9902152 0.1135029 -0.07632094 0.9902152 0.1135029 -0.183953 0.9804305 0.07827789 -0.183953 0.9804305 0.07827789 -0.2289628 0.9706458 0.06457926 0.8551859 0.4951076 -0.1526419 0.1232877 0.9902152 -0.07827789 0.1232877 0.9902152 -0.07827789 -0.02544031 0.9980431 -0.05675147 -0.02544031 0.9980431 -0.05675147 -0.08806262 0.9941292 -0.04892368 -0.1311155 0.9921722 0.009784736 -0.1311155 0.9921722 0.009784736 -0.6966732 0.5596869 0.4481409 -0.1311155 0.9921722 0.009784736 -0.04109589 0.9980431 -0.05479452 -0.04109589 0.9980431 -0.05479452 -0.001956947 0.9960861 -0.08219178 -0.04109589 0.9980431 -0.05479452 -0.183953 0.9432485 0.2798434 -0.02152642 0.9882583 0.1526419 -0.183953 0.9432485 0.2798434 -0.02152642 0.9882583 0.1526419 0.005870841 0.9960861 0.09589041 -0.02152642 0.9882583 0.1526419 0.1996086 0.7866927 -0.5831702 0.1741683 0.9784736 0.1056751 0.1741683 0.9784736 0.1056751 0.1624266 0.960861 0.221135 0.1624266 0.960861 0.221135 0.1545988 0.9510763 0.2700587 -0.2700587 0.6027398 -0.7514677 -0.05088063 0.9980431 -0.05283757 -0.05088063 0.9980431 -0.05283757 -0.003913894 0.9960861 0.08806262 -0.003913894 0.9960861 0.08806262 0.01565558 0.9882583 0.148728 -0.4324853 0.1585127 0.888454 -0.2309198 0.8825831 0.4109589 -0.2309198 0.8825831 0.4109589 0.5753425 0.7514677 -0.3228963 0.1819961 0.9823875 0.02152642 0.1819961 0.9823875 0.02152642 0.04892368 0.9902152 0.1272016 0.04892368 0.9902152 0.1272016 -0.04305284 0.9804305 0.1956947 -0.04305284 0.9804305 0.1956947 -0.08023483 0.9706458 0.223092 0.37182 0.4951076 -0.7847358 0.007827789 0.9902152 -0.146771 0.007827789 0.9902152 -0.146771 -0.06066536 0.9980431 -0.01369863 -0.06066536 0.9980431 -0.01369863 -0.09001957 0.9941292 0.04305284 -0.06849315 0.9921722 0.1135029 -0.06849315 0.9921722 0.1135029 -0.03913894 0.5596869 0.8277887 -0.06849315 0.9921722 0.1135029 -0.06849315 0.9980431 0 -0.06849315 0.9980431 0 -0.06849315 0.9960861 -0.04500978 -0.06849315 0.9980431 0 0.1213307 0.9432485 0.3111546 0.111546 0.9882583 0.1056751 0.1213307 0.9432485 0.3111546 0.111546 0.9882583 0.1056751 0.08219178 0.9960861 0.05088063 0.111546 0.9882583 0.1056751 -0.3581213 0.7866927 -0.5009785 0.1878669 0.9784736 -0.08023483 0.1878669 0.9784736 -0.08023483 0.2739726 0.960861 -0.003913894 0.2739726 0.960861 -0.003913894 0.3091977 0.9510763 0.03131115 -0.7671233 0.6027398 -0.2152642 -0.07240704 0.9980431 0.009784736 -0.07240704 0.9980431 0.009784736 0.06849315 0.9960861 0.05479452 0.06849315 0.9960861 0.05479452 0.1311155 0.9882583 0.07240704 0.4716243 0.1585127 0.8669276 0.1996086 0.8825831 0.4266145 0.1996086 0.8825831 0.4266145 0.7279844 0.483366 -0.4872798 0.7279844 0.483366 -0.4872798 0.7279844 0.483366 -0.4872798 0.7279844 0.483366 -0.4872798 0.6771037 0.5342466 0.5048923 0.6771037 0.5342466 0.5048923 0.6771037 0.5342466 0.5048923 0.6771037 0.5342466 0.5048923 -0.7123288 0.5499021 -0.4344423 -0.7123288 0.5499021 -0.4344423 -0.7123288 0.5499021 -0.4344423 -0.7123288 0.5499021 -0.4344423 0.05675147 0.6183953 -0.7847358 0.05675147 0.6183953 -0.7847358 0.05675147 0.6183953 -0.7847358 0.05675147 0.6183953 -0.7847358 0.04892368 0.592955 0.8043053 0.04892368 0.592955 0.8043053 0.04892368 0.592955 0.8043053 0.04892368 0.592955 0.8043053 -0.6790606 0.5381604 0.4990215 -0.6790606 0.5381604 0.4990215 -0.6790606 0.5381604 0.4990215 -0.6790606 0.5381604 0.4990215 0 1 0 0 1 0 0 1 0 0 1 0 0 1 0 0 1 0 0.4872798 0.7514677 0.444227 0.037182 0.9823875 0.1800391 0.037182 0.9823875 0.1800391 -0.1056751 0.9902152 0.08610567 -0.1056751 0.9902152 0.08610567 -0.1996086 0.9804305 0.02152642 -0.1996086 0.9804305 0.02152642 -0.2387476 0.9706458 -0.005870841 0.8630137 0.4951076 0.1056751 0.1409002 0.9902152 -0.03913894 0.1409002 0.9902152 -0.03913894 -0.007827789 0.9980431 -0.06262231 -0.007827789 0.9980431 -0.06262231 -0.0704501 0.9941292 -0.07240704 -0.1291585 0.9921722 -0.02935421 -0.1291585 0.9921722 -0.02935421 -0.7984344 0.5596869 0.223092 -0.1291585 0.9921722 -0.02935421 -0.02152642 0.9980431 -0.06457926 -0.02152642 0.9980431 -0.06457926 0.02152642 0.9960861 -0.07827789 -0.02152642 0.9980431 -0.06457926 -0.2563601 0.9432485 0.2133072 -0.0665362 0.9882583 0.1389433 -0.2563601 0.9432485 0.2133072 -0.0665362 0.9882583 0.1389433 -0.02152642 0.9960861 0.09197652 -0.0665362 0.9882583 0.1389433 0.3620352 0.7866927 -0.4990215 0.1350294 0.9784736 0.1526419 0.1350294 0.9784736 0.1526419 0.09001957 0.960861 0.258317 0.09001957 0.960861 0.258317 0.06849315 0.9510763 0.3033268 -0.037182 0.6027398 -0.7964775 -0.0332681 0.9980431 -0.0665362 -0.0332681 0.9980431 -0.0665362 -0.02935421 0.9960861 0.08219178 -0.02935421 0.9960861 0.08219178 -0.02739726 0.9882583 0.146771 -0.6751468 0.1585127 0.7201566 -0.3424658 0.8825831 0.3248532 -0.3424658 0.8825831 0.3248532</float_array>
          <technique_common>
            <accessor source="#Kusa1__Koishi00-normal-array" count="5160" stride="3">
              <param name="X" type="float" />
              <param name="Y" type="float" />
              <param name="Z" type="float" />
            </accessor>
          </technique_common>
        </source>
        <source id="Kusa1__Koishi00-color">
          <float_array id="Kusa1__Koishi00-color-array" count="20640">1 1 1 1 1 1 1 1 1 1 1 1 1 1 1 1 1 1 1 1 1 1 1 1 1 1 1 1 1 1 1 1 1 1 1 1 1 1 1 1 1 1 1 1 1 1 1 1 1 1 1 1 1 1 1 1 1 1 1 1 1 1 1 1 1 1 1 1 1 1 1 1 1 1 1 1 1 1 1 1 1 1 1 1 1 1 1 1 1 1 1 1 1 1 1 1 1 1 1 1 1 1 1 1 1 1 1 1 1 1 1 1 1 1 1 1 1 1 1 1 1 1 1 1 1 1 1 1 1 1 1 1 1 1 1 1 1 1 1 1 1 1 1 1 1 1 1 1 1 1 1 1 1 1 1 1 1 1 1 1 1 1 1 1 1 1 1 1 1 1 1 1 1 1 1 1 1 1 1 1 1 1 1 1 1 1 1 1 1 1 1 1 1 1 1 1 1 1 1 1 1 1 1 1 1 1 1 1 1 1 1 1 1 1 1 1 1 1 1 1 1 1 1 1 1 1 1 1 1 1 1 1 1 1 1 1 1 1 1 1 1 1 1 1 1 1 1 1 1 1 1 1 1 1 1 1 1 1 1 1 1 1 1 1 1 1 1 1 1 1 1 1 1 1 1 1 1 1 1 1 1 1 1 1 1 1 1 1 1 1 1 1 1 1 1 1 1 1 1 1 1 1 1 1 1 1 1 1 1 1 1 1 1 1 1 1 1 1 1 1 1 1 1 1 1 1 1 1 1 1 1 1 1 1 1 1 1 1 1 1 1 1 1 1 1 1 1 1 1 1 1 1 1 1 1 1 1 1 1 1 1 1 1 1 1 1 1 1 1 1 1 1 1 1 1 1 1 1 1 1 1 1 1 1 1 1 1 1 1 1 1 1 1 1 1 1 1 1 1 1 1 1 1 1 1 1 1 1 1 1 1 1 1 1 1 1 1 1 1 1 1 1 1 1 1 1 1 1 1 1 1 1 1 1 1 1 1 1 1 1 1 1 1 1 1 1 1 1 1 1 1 1 1 1 1 1 1 1 1 1 1 1 1 1 1 1 1 1 1 1 1 1 1 1 1 1 1 1 1 1 1 1 1 1 1 1 1 1 1 1 1 1 1 1 1 1 1 1 1 1 1 1 1 1 1 1 1 1 1 1 1 1 1 1 1 1 1 1 1 1 1 1 1 1 1 1 1 1 1 1 1 1 1 1 1 1 1 1 1 1 1 1 1 1 1 1 1 1 1 1 1 1 1 1 1 1 1 1 1 1 1 1 1 1 1 1 1 1 1 1 1 1 1 1 1 1 1 1 1 1 1 1 1 1 1 1 1 1 1 1 1 1 1 1 1 1 1 1 1 1 1 1 1 1 1 1 1 1 1 1 1 1 1 1 1 1 1 1 1 1 1 1 1 1 1 1 1 1 1 1 1 1 1 1 1 1 1 1 1 1 1 1 1 1 1 1 1 1 1 1 1 1 1 1 1 1 1 1 1 1 1 1 1 1 1 1 1 1 1 1 1 1 1 1 1 1 1 1 1 1 1 1 1 1 1 1 1 1 1 1 1 1 1 1 1 1 1 1 1 1 1 1 1 1 1 1 1 1 1 1 1 1 1 1 1 1 1 1 1 1 1 1 1 1 1 1 1 1 1 1 1 1 1 1 1 1 1 1 1 1 1 1 1 1 1 1 1 1 1 1 1 1 1 1 1 1 1 1 1 1 1 1 1 1 1 1 1 1 1 1 1 1 1 1 1 1 1 1 1 1 1 1 1 1 1 1 1 1 1 1 1 1 1 1 1 1 1 1 1 1 1 1 1 1 1 1 1 1 1 1 1 1 1 1 1 1 1 1 1 1 1 1 1 1 1 1 1 1 1 1 1 1 1 1 1 1 1 1 1 1 1 1 1 1 1 1 1 1 1 1 1 1 1 1 1 1 1 1 1 1 1 1 1 1 1 1 1 1 1 1 1 1 1 1 1 1 1 1 1 1 1 1 1 1 1 1 1 1 1 1 1 1 1 1 1 1 1 1 1 1 1 1 1 1 1 1 1 1 1 1 1 1 1 1 1 1 1 1 1 1 1 1 1 1 1 1 1 1 1 1 1 1 1 1 1 1 1 1 1 1 1 1 1 1 1 1 1 1 1 1 1 1 1 1 1 1 1 1 1 1 1 1 1 1 1 1 1 1 1 1 1 1 1 1 1 1 1 1 1 1 1 1 1 1 1 1 1 1 1 1 1 1 1 1 1 1 1 1 1 1 1 1 1 1 1 1 1 1 1 1 1 1 1 1 1 1 1 1 1 1 1 1 1 1 1 1 1 1 1 1 1 1 1 1 1 1 1 1 1 1 1 1 1 1 1 1 1 1 1 1 1 1 1 1 1 1 1 1 1 1 1 1 1 1 1 1 1 1 1 1 1 1 1 1 1 1 1 1 1 1 1 1 1 1 1 1 1 1 1 1 1 1 1 1 1 1 1 1 1 1 1 1 1 1 1 1 1 1 1 1 1 1 1 1 1 1 1 1 1 1 1 1 1 1 1 1 1 1 1 1 1 1 1 1 1 1 1 1 1 1 1 1 1 1 1 1 1 1 1 1 1 1 1 1 1 1 1 1 1 1 1 1 1 1 1 1 1 1 1 1 1 1 1 1 1 1 1 1 1 1 1 1 1 1 1 1 1 1 1 1 1 1 1 1 1 1 1 1 1 1 1 1 1 1 1 1 1 1 1 1 1 1 1 1 1 1 1 1 1 1 1 1 1 1 1 1 1 1 1 1 1 1 1 1 1 1 1 1 1 1 1 1 1 1 1 1 1 1 1 1 1 1 1 1 1 1 1 1 1 1 1 1 1 1 1 1 1 1 1 1 1 1 1 1 1 1 1 1 1 1 1 1 1 1 1 1 1 1 1 1 1 1 1 1 1 1 1 1 1 1 1 1 1 1 1 1 1 1 1 1 1 1 1 1 1 1 1 1 1 1 1 1 1 1 1 1 1 1 1 1 1 1 1 1 1 1 1 1 1 1 1 1 1 1 1 1 1 1 1 1 1 1 1 1 1 1 1 1 1 1 1 1 1 1 1 1 1 1 1 1 1 1 1 1 1 1 1 1 1 1 1 1 1 1 1 1 1 1 1 1 1 1 1 1 1 1 1 1 1 1 1 1 1 1 1 1 1 1 1 1 1 1 1 1 1 1 1 1 1 1 1 1 1 1 1 1 1 1 1 1 1 1 1 1 1 1 1 1 1 1 1 1 1 1 1 1 1 1 1 1 1 1 1 1 1 1 1 1 1 1 1 1 1 1 1 1 1 1 1 1 1 1 1 1 1 1 1 1 1 1 1 1 1 1 1 1 1 1 1 1 1 1 1 1 1 1 1 1 1 1 1 1 1 1 1 1 1 1 1 1 1 1 1 1 1 1 1 1 1 1 1 1 1 1 1 1 1 1 1 1 1 1 1 1 1 1 1 1 1 1 1 1 1 1 1 1 1 1 1 1 1 1 1 1 1 1 1 1 1 1 1 1 1 1 1 1 1 1 1 1 1 1 1 1 1 1 1 1 1 1 1 1 1 1 1 1 1 1 1 1 1 1 1 1 1 1 1 1 1 1 1 1 1 1 1 1 1 1 1 1 1 1 1 1 1 1 1 1 1 1 1 1 1 1 1 1 1 1 1 1 1 1 1 1 1 1 1 1 1 1 1 1 1 1 1 1 1 1 1 1 1 1 1 1 1 1 1 1 1 1 1 1 1 1 1 1 1 1 1 1 1 1 1 1 1 1 1 1 1 1 1 1 1 1 1 1 1 1 1 1 1 1 1 1 1 1 1 1 1 1 1 1 1 1 1 1 1 1 1 1 1 1 1 1 1 1 1 1 1 1 1 1 1 1 1 1 1 1 1 1 1 1 1 1 1 1 1 1 1 1 1 1 1 1 1 1 1 1 1 1 1 1 1 1 1 1 1 1 1 1 1 1 1 1 1 1 1 1 1 1 1 1 1 1 1 1 1 1 1 1 1 1 1 1 1 1 1 1 1 1 1 1 1 1 1 1 1 1 1 1 1 1 1 1 1 1 1 1 1 1 1 1 1 1 1 1 1 1 1 1 1 1 1 1 1 1 1 1 1 1 1 1 1 1 1 1 1 1 1 1 1 1 1 1 1 1 1 1 1 1 1 1 1 1 1 1 1 1 1 1 1 1 1 1 1 1 1 1 1 1 1 1 1 1 1 1 1 1 1 1 1 1 1 1 1 1 1 1 1 1 1 1 1 1 1 1 1 1 1 1 1 1 1 1 1 1 1 1 1 1 1 1 1 1 1 1 1 1 1 1 1 1 1 1 1 1 1 1 1 1 1 1 1 1 1 1 1 1 1 1 1 1 1 1 1 1 1 1 1 1 1 1 1 1 1 1 1 1 1 1 1 1 1 1 1 1 1 1 1 1 1 1 1 1 1 1 1 1 1 1 1 1 1 1 1 1 1 1 1 1 1 1 1 1 1 1 1 1 1 1 1 1 1 1 1 1 1 1 1 1 1 1 1 1 1 1 1 1 1 1 1 1 1 1 1 1 1 1 1 1 1 1 1 1 1 1 1 1 1 1 1 1 1 1 1 1 1 1 1 1 1 1 1 1 1 1 1 1 1 1 1 1 1 1 1 1 1 1 1 1 1 1 1 1 1 1 1 1 1 1 1 1 1 1 1 1 1 1 1 1 1 1 1 1 1 1 1 1 1 1 1 1 1 1 1 1 1 1 1 1 1 1 1 1 1 1 1 1 1 1 1 1 1 1 1 1 1 1 1 1 1 1 1 1 1 1 1 1 1 1 1 1 1 1 1 1 1 1 1 1 1 1 1 1 1 1 1 1 1 1 1 1 1 1 1 1 1 1 1 1 1 1 1 1 1 1 1 1 1 1 1 1 1 1 1 1 1 1 1 1 1 1 1 1 1 1 1 1 1 1 1 1 1 1 1 1 1 1 1 1 1 1 1 1 1 1 1 1 1 1 1 1 1 1 1 1 1 1 1 1 1 1 1 1 1 1 1 1 1 1 1 1 1 1 1 1 1 1 1 1 1 1 1 1 1 1 1 1 1 1 1 1 1 1 1 1 1 1 1 1 1 1 1 1 1 1 1 1 1 1 1 1 1 1 1 1 1 1 1 1 1 1 1 1 1 1 1 1 1 1 1 1 1 1 1 1 1 1 1 1 1 1 1 1 1 1 1 1 1 1 1 1 1 1 1 1 1 1 1 1 1 1 1 1 1 1 1 1 1 1 1 1 1 1 1 1 1 1 1 1 1 1 1 1 1 1 1 1 1 1 1 1 1 1 1 1 1 1 1 1 1 1 1 1 1 1 1 1 1 1 1 1 1 1 1 1 1 1 1 1 1 1 1 1 1 1 1 1 1 1 1 1 1 1 1 1 1 1 1 1 1 1 1 1 1 1 1 1 1 1 1 1 1 1 1 1 1 1 1 1 1 1 1 1 1 1 1 1 1 1 1 1 1 1 1 1 1 1 1 1 1 1 1 1 1 1 1 1 1 1 1 1 1 1 1 1 1 1 1 1 1 1 1 1 1 1 1 1 1 1 1 1 1 1 1 1 1 1 1 1 1 1 1 1 1 1 1 1 1 1 1 1 1 1 1 1 1 1 1 1 1 1 1 1 1 1 1 1 1 1 1 1 1 1 1 1 1 1 1 1 1 1 1 1 1 1 1 1 1 1 1 1 1 1 1 1 1 1 1 1 1 1 1 1 1 1 1 1 1 1 1 1 1 1 1 1 1 1 1 1 1 1 1 1 1 1 1 1 1 1 1 1 1 1 1 1 1 1 1 1 1 1 1 1 1 1 1 1 1 1 1 1 1 1 1 1 1 1 1 1 1 1 1 1 1 1 1 1 1 1 1 1 1 1 1 1 1 1 1 1 1 1 1 1 1 1 1 1 1 1 1 1 1 1 1 1 1 1 1 1 1 1 1 1 1 1 1 1 1 1 1 1 1 1 1 1 1 1 1 1 1 1 1 1 1 1 1 1 1 1 1 1 1 1 1 1 1 1 1 1 1 1 1 1 1 1 1 1 1 1 1 1 1 1 1 1 1 1 1 1 1 1 1 1 1 1 1 1 1 1 1 1 1 1 1 1 1 1 1 1 1 1 1 1 1 1 1 1 1 1 1 1 1 1 1 1 1 1 1 1 1 1 1 1 1 1 1 1 1 1 1 1 1 1 1 1 1 1 1 1 1 1 1 1 1 1 1 1 1 1 1 1 1 1 1 1 1 1 1 1 1 1 1 1 1 1 1 1 1 1 1 1 1 1 1 1 1 1 1 1 1 1 1 1 1 1 1 1 1 1 1 1 1 1 1 1 1 1 1 1 1 1 1 1 1 1 1 1 1 1 1 1 1 1 1 1 1 1 1 1 1 1 1 1 1 1 1 1 1 1 1 1 1 1 1 1 1 1 1 1 1 1 1 1 1 1 1 1 1 1 1 1 1 1 1 1 1 1 1 1 1 1 1 1 1 1 1 1 1 1 1 1 1 1 1 1 1 1 1 1 1 1 1 1 1 1 1 1 1 1 1 1 1 1 1 1 1 1 1 1 1 1 1 1 1 1 1 1 1 1 1 1 1 1 1 1 1 1 1 1 1 1 1 1 1 1 1 1 1 1 1 1 1 1 1 1 1 1 1 1 1 1 1 1 1 1 1 1 1 1 1 1 1 1 1 1 1 1 1 1 1 1 1 1 1 1 1 1 1 1 1 1 1 1 1 1 1 1 1 1 1 1 1 1 1 1 1 1 1 1 1 1 1 1 1 1 1 1 1 1 1 1 1 1 1 1 1 1 1 1 1 1 1 1 1 1 1 1 1 1 1 1 1 1 1 1 1 1 1 1 1 1 1 1 1 1 1 1 1 1 1 1 1 1 1 1 1 1 1 1 1 1 1 1 1 1 1 1 1 1 1 1 1 1 1 1 1 1 1 1 1 1 1 1 1 1 1 1 1 1 1 1 1 1 1 1 1 1 1 1 1 1 1 1 1 1 1 1 1 1 1 1 1 1 1 1 1 1 1 1 1 1 1 1 1 1 1 1 1 1 1 1 1 1 1 1 1 1 1 1 1 1 1 1 1 1 1 1 1 1 1 1 1 1 1 1 1 1 1 1 1 1 1 1 1 1 1 1 1 1 1 1 1 1 1 1 1 1 1 1 1 1 1 1 1 1 1 1 1 1 1 1 1 1 1 1 1 1 1 1 1 1 1 1 1 1 1 1 1 1 1 1 1 1 1 1 1 1 1 1 1 1 1 1 1 1 1 1 1 1 1 1 1 1 1 1 1 1 1 1 1 1 1 1 1 1 1 1 1 1 1 1 1 1 1 1 1 1 1 1 1 1 1 1 1 1 1 1 1 1 1 1 1 1 1 1 1 1 1 1 1 1 1 1 1 1 1 1 1 1 1 1 1 1 1 1 1 1 1 1 1 1 1 1 1 1 1 1 1 1 1 1 1 1 1 1 1 1 1 1 1 1 1 1 1 1 1 1 1 1 1 1 1 1 1 1 1 1 1 1 1 1 1 1 1 1 1 1 1 1 1 1 1 1 1 1 1 1 1 1 1 1 1 1 1 1 1 1 1 1 1 1 1 1 1 1 1 1 1 1 1 1 1 1 1 1 1 1 1 1 1 1 1 1 1 1 1 1 1 1 1 1 1 1 1 1 1 1 1 1 1 1 1 1 1 1 1 1 1 1 1 1 1 1 1 1 1 1 1 1 1 1 1 1 1 1 1 1 1 1 1 1 1 1 1 1 1 1 1 1 1 1 1 1 1 1 1 1 1 1 1 1 1 1 1 1 1 1 1 1 1 1 1 1 1 1 1 1 1 1 1 1 1 1 1 1 1 1 1 1 1 1 1 1 1 1 1 1 1 1 1 1 1 1 1 1 1 1 1 1 1 1 1 1 1 1 1 1 1 1 1 1 1 1 1 1 1 1 1 1 1 1 1 1 1 1 1 1 1 1 1 1 1 1 1 1 1 1 1 1 1 1 1 1 1 1 1 1 1 1 1 1 1 1 1 1 1 1 1 1 1 1 1 1 1 1 1 1 1 1 1 1 1 1 1 1 1 1 1 1 1 1 1 1 1 1 1 1 1 1 1 1 1 1 1 1 1 1 1 1 1 1 1 1 1 1 1 1 1 1 1 1 1 1 1 1 1 1 1 1 1 1 1 1 1 1 1 1 1 1 1 1 1 1 1 1 1 1 1 1 1 1 1 1 1 1 1 1 1 1 1 1 1 1 1 1 1 1 1 1 1 1 1 1 1 1 1 1 1 1 1 1 1 1 1 1 1 1 1 1 1 1 1 1 1 1 1 1 1 1 1 1 1 1 1 1 1 1 1 1 1 1 1 1 1 1 1 1 1 1 1 1 1 1 1 1 1 1 1 1 1 1 1 1 1 1 1 1 1 1 1 1 1 1 1 1 1 1 1 1 1 1 1 1 1 1 1 1 1 1 1 1 1 1 1 1 1 1 1 1 1 1 1 1 1 1 1 1 1 1 1 1 1 1 1 1 1 1 1 1 1 1 1 1 1 1 1 1 1 1 1 1 1 1 1 1 1 1 1 1 1 1 1 1 1 1 1 1 1 1 1 1 1 1 1 1 1 1 1 1 1 1 1 1 1 1 1 1 1 1 1 1 1 1 1 1 1 1 1 1 1 1 1 1 1 1 1 1 1 1 1 1 1 1 1 1 1 1 1 1 1 1 1 1 1 1 1 1 1 1 1 1 1 1 1 1 1 1 1 1 1 1 1 1 1 1 1 1 1 1 1 1 1 1 1 1 1 1 1 1 1 1 1 1 1 1 1 1 1 1 1 1 1 1 1 1 1 1 1 1 1 1 1 1 1 1 1 1 1 1 1 1 1 1 1 1 1 1 1 1 1 1 1 1 1 1 1 1 1 1 1 1 1 1 1 1 1 1 1 1 1 1 1 1 1 1 1 1 1 1 1 1 1 1 1 1 1 1 1 1 1 1 1 1 1 1 1 1 1 1 1 1 1 1 1 1 1 1 1 1 1 1 1 1 1 1 1 1 1 1 1 1 1 1 1 1 1 1 1 1 1 1 1 1 1 1 1 1 1 1 1 1 1 1 1 1 1 1 1 1 1 1 1 1 1 1 1 1 1 1 1 1 1 1 1 1 1 1 1 1 1 1 1 1 1 1 1 1 1 1 1 1 1 1 1 1 1 1 1 1 1 1 1 1 1 1 1 1 1 1 1 1 1 1 1 1 1 1 1 1 1 1 1 1 1 1 1 1 1 1 1 1 1 1 1 1 1 1 1 1 1 1 1 1 1 1 1 1 1 1 1 1 1 1 1 1 1 1 1 1 1 1 1 1 1 1 0.8784314 0.8784314 0.8784314 1 0.7843137 0.7843137 0.7843137 1 0.6941177 0.6941177 0.6941177 1 0.6705883 0.6705883 0.6705883 1 0.7843137 0.7843137 0.7843137 1 0.8470588 0.8470588 0.8470588 1 0.6705883 0.6705883 0.6705883 1 0.6980392 0.6980392 0.6980392 1 0.6941177 0.6941177 0.6941177 1 0.3960784 0.3960784 0.3960784 1 0.8784314 0.8784314 0.8784314 1 0.8196079 0.8196079 0.8196079 1 0.6980392 0.6980392 0.6980392 1 0.8470588 0.8470588 0.8470588 1 0.6901961 0.6901961 0.6901961 1 0.854902 0.854902 0.854902 1 0.854902 0.854902 0.854902 1 0.8078431 0.8078431 0.8078431 1 0.6901961 0.6901961 0.6901961 1 0.6980392 0.6980392 0.6980392 1 0.6980392 0.6980392 0.6980392 1 0.8078431 0.8078431 0.8078431 1 0.3960784 0.3960784 0.3960784 1 0.8196079 0.8196079 0.8196079 1 0.8078431 0.8078431 0.8078431 1 0.8784314 0.8784314 0.8784314 1 0.854902 0.854902 0.854902 1 0.8470588 0.8470588 0.8470588 1 0.7843137 0.7843137 0.7843137 1 1 1 1 1 1 1 1 1 1 1 1 1 1 1 1 1 1 1 1 1 1 1 1 1 1 1 1 1 1 1 1 1 1 1 1 1 1 1 1 1 1 1 1 1 1 1 1 1 1 1 1 1 1 1 1 1 1 1 1 1 1 1 1 1 1 1 1 1 1 1 1 1 1 1 1 1 1 1 1 1 1 1 1 1 1 1 1 1 1 1 1 1 1 1 1 1 1 1 1 1 1 1 1 1 1 1 1 1 1 1 1 1 1 1 1 1 1 1 1 1 1 1 1 1 1 1 1 1 1 1 1 1 1 1 1 1 1 1 1 1 1 1 1 1 1 1 1 1 1 1 1 1 1 1 1 1 1 1 1 1 1 1 1 1 1 1 1 1 1 1 1 1 1 1 1 1 1 1 1 1 1 1 1 1 1 1 1 1 1 1 1 1 1 1 1 1 1 1 1 1 1 1 1 1 1 1 1 1 1 1 1 1 1 1 1 1 1 1 1 1 1 1 1 1 1 1 1 1 1 1 1 1 1 1 1 1 1 1 1 1 1 1 1 1 1 1 1 1 1 1 1 1 1 1 1 1 1 1 1 1 1 1 1 1 1 1 1 1 1 1 1 1 1 1 1 1 1 1 1 1 1 1 1 1 1 1 1 1 1 1 1 1 1 1 1 1 1 1 1 1 1 1 1 1 1 1 1 1 1 1 1 1 1 1 1 1 1 1 1 1 1 1 1 1 1 1 1 1 1 1 1 1 1 1 1 1 1 1 1 1 1 1 1 1 1 1 1 1 1 1 1 1 1 1 1 1 1 1 1 1 1 1 1 1 1 1 1 1 1 1 1 1 1 1 1 1 1 1 1 1 1 1 1 1 1 1 1 1 1 1 1 1 1 1 1 1 1 1 1 1 1 1 1 1 1 1 1 1 1 1 1 1 1 1 1 1 1 1 1 1 1 1 1 1 1 1 1 1 1 1 1 1 1 1 1 1 1 1 1 1 1 1 1 1 1 1 1 1 1 1 1 1 1 1 1 1 1 1 1 1 1 1 1 1 1 1 1 1 1 1 1 1 1 1 1 1 1 1 1 1 1 1 1 1 1 1 1 1 1 1 1 1 1 1 1 1 1 1 1 1 1 1 1 1 1 1 1 1 1 1 1 1 1 1 1 1 1 1 1 1 1 1 1 1 1 1 1 1 1 1 1 1 1 1 1 1 1 1 1 1 1 1 1 1 1 1 1 1 1 1 1 1 1 1 1 1 1 1 1 1 1 1 1 1 1 1 1 1 1 1 1 1 1 1 1 1 1 1 1 1 1 1 1 1 1 1 1 1 1 1 1 1 1 1 1 1 1 1 1 1 1 1 1 1 1 1 1 1 1 1 1 1 1 1 1 1 1 1 1 1 1 1 1 1 1 1 1 1 1 1 1 1 1 1 1 1 1 1 1 1 1 1 1 1 1 1 1 1 1 1 1 1 1 1 1 1 1 1 1 1 1 1 1 1 1 1 1 1 1 1 1 1 1 1 1 1 1 1 1 1 1 1 1 1 1 1 1 1 0.8627451 0.8627451 0.8627451 1 0.7803922 0.7803922 0.7803922 1 0.7098039 0.7098039 0.7098039 1 0.6588235 0.6588235 0.6588235 1 0.7803922 0.7803922 0.7803922 1 0.8352941 0.8352941 0.8352941 1 0.6588235 0.6588235 0.6588235 1 0.6196079 0.6196079 0.6196079 1 0.7098039 0.7098039 0.7098039 1 0.3960784 0.3960784 0.3960784 1 0.8627451 0.8627451 0.8627451 1 0.8078431 0.8078431 0.8078431 1 0.6196079 0.6196079 0.6196079 1 0.8352941 0.8352941 0.8352941 1 0.6392157 0.6392157 0.6392157 1 0.8352941 0.8352941 0.8352941 1 0.8352941 0.8352941 0.8352941 1 0.7803922 0.7803922 0.7803922 1 0.6392157 0.6392157 0.6392157 1 0.6705883 0.6705883 0.6705883 1 0.6705883 0.6705883 0.6705883 1 0.7803922 0.7803922 0.7803922 1 0.3960784 0.3960784 0.3960784 1 0.8078431 0.8078431 0.8078431 1 0.7803922 0.7803922 0.7803922 1 0.8627451 0.8627451 0.8627451 1 0.8352941 0.8352941 0.8352941 1 0.8352941 0.8352941 0.8352941 1 0.7803922 0.7803922 0.7803922 1 0.7647059 0.7647059 0.7647059 1 0.827451 0.827451 0.827451 1 0.6431373 0.6431373 0.6431373 1 0.6470588 0.6470588 0.6470588 1 0.7803922 0.7803922 0.7803922 1 0.3960784 0.3960784 0.3960784 1 0.7647059 0.7647059 0.7647059 1 0.6156863 0.6156863 0.6156863 1 0.6431373 0.6431373 0.6431373 1 0.5960785 0.5960785 0.5960785 1 0.7647059 0.7647059 0.7647059 1 0.854902 0.854902 0.854902 1 0.5960785 0.5960785 0.5960785 1 0.3960784 0.3960784 0.3960784 1 0.7803922 0.7803922 0.7803922 1 0.6470588 0.6470588 0.6470588 1 0.827451 0.827451 0.827451 1 0.6313726 0.6313726 0.6313726 1 0.8235294 0.8235294 0.8235294 1 0.8235294 0.8235294 0.8235294 1 0.7647059 0.7647059 0.7647059 1 0.6313726 0.6313726 0.6313726 1 0.6156863 0.6156863 0.6156863 1 0.8235294 0.8235294 0.8235294 1 0.827451 0.827451 0.827451 1 0.854902 0.854902 0.854902 1 0.7647059 0.7647059 0.7647059 1 0.7647059 0.7647059 0.7647059 1 0.7803922 0.7803922 0.7803922 1 0.8588235 0.8588235 0.8588235 1 0.7686275 0.7686275 0.7686275 1 0.6627451 0.6627451 0.6627451 1 0.654902 0.654902 0.654902 1 0.7686275 0.7686275 0.7686275 1 0.827451 0.827451 0.827451 1 0.654902 0.654902 0.654902 1 0.6627451 0.6627451 0.6627451 1 0.6627451 0.6627451 0.6627451 1 0.3960784 0.3960784 0.3960784 1 0.8588235 0.8588235 0.8588235 1 0.7843137 0.7843137 0.7843137 1 0.6627451 0.6627451 0.6627451 1 0.827451 0.827451 0.827451 1 0.6392157 0.6392157 0.6392157 1 0.827451 0.827451 0.827451 1 0.827451 0.827451 0.827451 1 0.772549 0.772549 0.772549 1 0.6392157 0.6392157 0.6392157 1 0.6352941 0.6352941 0.6352941 1 0.6352941 0.6352941 0.6352941 1 0.772549 0.772549 0.772549 1 0.3960784 0.3960784 0.3960784 1 0.7843137 0.7843137 0.7843137 1 0.772549 0.772549 0.772549 1 0.8588235 0.8588235 0.8588235 1 0.827451 0.827451 0.827451 1 0.827451 0.827451 0.827451 1 0.7686275 0.7686275 0.7686275 1 0.7490196 0.7490196 0.7490196 1 0.8 0.8 0.8 1 0.6117647 0.6117647 0.6117647 1 0.627451 0.627451 0.627451 1 0.7568628 0.7568628 0.7568628 1 0.3960784 0.3960784 0.3960784 1 0.7294118 0.7294118 0.7294118 1 0.5764706 0.5764706 0.5764706 1 0.6117647 0.6117647 0.6117647 1 0.6156863 0.6156863 0.6156863 1 0.7490196 0.7490196 0.7490196 1 0.8352941 0.8352941 0.8352941 1 0.6156863 0.6156863 0.6156863 1 0.3960784 0.3960784 0.3960784 1 0.7568628 0.7568628 0.7568628 1 0.627451 0.627451 0.627451 1 0.8 0.8 0.8 1 0.6117647 0.6117647 0.6117647 1 0.7843137 0.7843137 0.7843137 1 0.7843137 0.7843137 0.7843137 1 0.7294118 0.7294118 0.7294118 1 0.6117647 0.6117647 0.6117647 1 0.5764706 0.5764706 0.5764706 1 0.7843137 0.7843137 0.7843137 1 0.8352941 0.8352941 0.8352941 1 0.7294118 0.7294118 0.7294118 1 0.8 0.8 0.8 1 0.7490196 0.7490196 0.7490196 1 0.7568628 0.7568628 0.7568628 1 0.7568628 0.7568628 0.7568628 1 0.8039216 0.8039216 0.8039216 1 0.6117647 0.6117647 0.6117647 1 0.6156863 0.6156863 0.6156863 1 0.772549 0.772549 0.772549 1 0.3960784 0.3960784 0.3960784 1 0.7450981 0.7450981 0.7450981 1 0.6 0.6 0.6 1 0.6117647 0.6117647 0.6117647 1 0.5960785 0.5960785 0.5960785 1 0.7568628 0.7568628 0.7568628 1 0.8509804 0.8509804 0.8509804 1 0.5960785 0.5960785 0.5960785 1 0.3960784 0.3960784 0.3960784 1 0.772549 0.772549 0.772549 1 0.6156863 0.6156863 0.6156863 1 0.8039216 0.8039216 0.8039216 1 0.5921569 0.5921569 0.5921569 1 0.7960784 0.7960784 0.7960784 1 0.7960784 0.7960784 0.7960784 1 0.7450981 0.7450981 0.7450981 1 0.5921569 0.5921569 0.5921569 1 0.6 0.6 0.6 1 0.7960784 0.7960784 0.7960784 1 0.8509804 0.8509804 0.8509804 1 0.7450981 0.7450981 0.7450981 1 0.8039216 0.8039216 0.8039216 1 0.772549 0.772549 0.772549 1 0.7568628 0.7568628 0.7568628 1 0.8588235 0.8588235 0.8588235 1 0.7607843 0.7607843 0.7607843 1 0.6941177 0.6941177 0.6941177 1 0.6156863 0.6156863 0.6156863 1 0.7607843 0.7607843 0.7607843 1 0.8117647 0.8117647 0.8117647 1 0.6156863 0.6156863 0.6156863 1 0.6352941 0.6352941 0.6352941 1 0.6941177 0.6941177 0.6941177 1 0.3960784 0.3960784 0.3960784 1 0.8588235 0.8588235 0.8588235 1 0.8117647 0.8117647 0.8117647 1 0.6352941 0.6352941 0.6352941 1 0.8117647 0.8117647 0.8117647 1 0.6431373 0.6431373 0.6431373 1 0.8313726 0.8313726 0.8313726 1 0.8313726 0.8313726 0.8313726 1 0.7882353 0.7882353 0.7882353 1 0.6431373 0.6431373 0.6431373 1 0.6784314 0.6784314 0.6784314 1 0.6784314 0.6784314 0.6784314 1 0.7882353 0.7882353 0.7882353 1 0.3960784 0.3960784 0.3960784 1 0.8117647 0.8117647 0.8117647 1 0.7882353 0.7882353 0.7882353 1 0.8588235 0.8588235 0.8588235 1 0.8313726 0.8313726 0.8313726 1 0.8117647 0.8117647 0.8117647 1 0.7607843 0.7607843 0.7607843 1 0.854902 0.854902 0.854902 1 0.7647059 0.7647059 0.7647059 1 0.654902 0.654902 0.654902 1 0.6470588 0.6470588 0.6470588 1 0.7647059 0.7647059 0.7647059 1 0.8235294 0.8235294 0.8235294 1 0.6470588 0.6470588 0.6470588 1 0.6509804 0.6509804 0.6509804 1 0.654902 0.654902 0.654902 1 0.3960784 0.3960784 0.3960784 1 0.854902 0.854902 0.854902 1 0.7764706 0.7764706 0.7764706 1 0.6509804 0.6509804 0.6509804 1 0.8235294 0.8235294 0.8235294 1 0.6352941 0.6352941 0.6352941 1 0.8156863 0.8156863 0.8156863 1 0.8156863 0.8156863 0.8156863 1 0.7568628 0.7568628 0.7568628 1 0.6352941 0.6352941 0.6352941 1 0.6156863 0.6156863 0.6156863 1 0.6156863 0.6156863 0.6156863 1 0.7568628 0.7568628 0.7568628 1 0.3960784 0.3960784 0.3960784 1 0.7764706 0.7764706 0.7764706 1 0.7568628 0.7568628 0.7568628 1 0.854902 0.854902 0.854902 1 0.8156863 0.8156863 0.8156863 1 0.8235294 0.8235294 0.8235294 1 0.7647059 0.7647059 0.7647059 1 0.854902 0.854902 0.854902 1 0.772549 0.772549 0.772549 1 0.6980392 0.6980392 0.6980392 1 0.654902 0.654902 0.654902 1 0.772549 0.772549 0.772549 1 0.8235294 0.8235294 0.8235294 1 0.654902 0.654902 0.654902 1 0.682353 0.682353 0.682353 1 0.6980392 0.6980392 0.6980392 1 0.3960784 0.3960784 0.3960784 1 0.854902 0.854902 0.854902 1 0.8 0.8 0.8 1 0.682353 0.682353 0.682353 1 0.8235294 0.8235294 0.8235294 1 0.6470588 0.6470588 0.6470588 1 0.827451 0.827451 0.827451 1 0.827451 0.827451 0.827451 1 0.7686275 0.7686275 0.7686275 1 0.6470588 0.6470588 0.6470588 1 0.6784314 0.6784314 0.6784314 1 0.6784314 0.6784314 0.6784314 1 0.7686275 0.7686275 0.7686275 1 0.3960784 0.3960784 0.3960784 1 0.8 0.8 0.8 1 0.7686275 0.7686275 0.7686275 1 0.854902 0.854902 0.854902 1 0.827451 0.827451 0.827451 1 0.8235294 0.8235294 0.8235294 1 0.772549 0.772549 0.772549 1 0.8431373 0.8431373 0.8431373 1 0.7568628 0.7568628 0.7568628 1 0.6509804 0.6509804 0.6509804 1 0.6509804 0.6509804 0.6509804 1 0.7568628 0.7568628 0.7568628 1 0.8156863 0.8156863 0.8156863 1 0.6509804 0.6509804 0.6509804 1 0.6588235 0.6588235 0.6588235 1 0.6509804 0.6509804 0.6509804 1 0.3960784 0.3960784 0.3960784 1 0.8431373 0.8431373 0.8431373 1 0.7647059 0.7647059 0.7647059 1 0.6588235 0.6588235 0.6588235 1 0.8156863 0.8156863 0.8156863 1 0.6470588 0.6470588 0.6470588 1 0.8117647 0.8117647 0.8117647 1 0.8117647 0.8117647 0.8117647 1 0.7529412 0.7529412 0.7529412 1 0.6470588 0.6470588 0.6470588 1 0.6352941 0.6352941 0.6352941 1 0.6352941 0.6352941 0.6352941 1 0.7529412 0.7529412 0.7529412 1 0.3960784 0.3960784 0.3960784 1 0.7647059 0.7647059 0.7647059 1 0.7529412 0.7529412 0.7529412 1 0.8431373 0.8431373 0.8431373 1 0.8117647 0.8117647 0.8117647 1 0.8156863 0.8156863 0.8156863 1 0.7568628 0.7568628 0.7568628 1 0.7450981 0.7450981 0.7450981 1 0.7960784 0.7960784 0.7960784 1 0.6392157 0.6392157 0.6392157 1 0.6392157 0.6392157 0.6392157 1 0.7490196 0.7490196 0.7490196 1 0.3960784 0.3960784 0.3960784 1 0.7294118 0.7294118 0.7294118 1 0.6078432 0.6078432 0.6078432 1 0.6392157 0.6392157 0.6392157 1 0.6431373 0.6431373 0.6431373 1 0.7450981 0.7450981 0.7450981 1 0.827451 0.827451 0.827451 1 0.6431373 0.6431373 0.6431373 1 0.3960784 0.3960784 0.3960784 1 0.7490196 0.7490196 0.7490196 1 0.6392157 0.6392157 0.6392157 1 0.7960784 0.7960784 0.7960784 1 0.6196079 0.6196079 0.6196079 1 0.7882353 0.7882353 0.7882353 1 0.7882353 0.7882353 0.7882353 1 0.7294118 0.7294118 0.7294118 1 0.6196079 0.6196079 0.6196079 1 0.6078432 0.6078432 0.6078432 1 0.7882353 0.7882353 0.7882353 1 0.7960784 0.7960784 0.7960784 1 0.827451 0.827451 0.827451 1 0.7294118 0.7294118 0.7294118 1 0.7450981 0.7450981 0.7450981 1 0.7490196 0.7490196 0.7490196 1 0.7176471 0.7176471 0.7176471 1 0.7921569 0.7921569 0.7921569 1 0.6196079 0.6196079 0.6196079 1 0.6627451 0.6627451 0.6627451 1 0.7215686 0.7215686 0.7215686 1 0.3960784 0.3960784 0.3960784 1 0.7254902 0.7254902 0.7254902 1 0.6235294 0.6235294 0.6235294 1 0.6196079 0.6196079 0.6196079 1 0.5960785 0.5960785 0.5960785 1 0.7176471 0.7176471 0.7176471 1 0.7921569 0.7921569 0.7921569 1 0.3960784 0.3960784 0.3960784 1 0.7215686 0.7215686 0.7215686 1 0.5960785 0.5960785 0.5960785 1 0.6627451 0.6627451 0.6627451 1 0.7921569 0.7921569 0.7921569 1 0.6627451 0.6627451 0.6627451 1 0.7921569 0.7921569 0.7921569 1 0.7921569 0.7921569 0.7921569 1 0.7254902 0.7254902 0.7254902 1 0.6627451 0.6627451 0.6627451 1 0.6235294 0.6235294 0.6235294 1 0.7921569 0.7921569 0.7921569 1 0.7921569 0.7921569 0.7921569 1 0.7921569 0.7921569 0.7921569 1 0.7254902 0.7254902 0.7254902 1 0.7176471 0.7176471 0.7176471 1 0.7215686 0.7215686 0.7215686 1 0.8156863 0.8156863 0.8156863 1 0.7450981 0.7450981 0.7450981 1 0.6352941 0.6352941 0.6352941 1 0.6509804 0.6509804 0.6509804 1 0.7450981 0.7450981 0.7450981 1 0.7921569 0.7921569 0.7921569 1 0.6509804 0.6509804 0.6509804 1 0.654902 0.654902 0.654902 1 0.6352941 0.6352941 0.6352941 1 0.3960784 0.3960784 0.3960784 1 0.8156863 0.8156863 0.8156863 1 0.7294118 0.7294118 0.7294118 1 0.654902 0.654902 0.654902 1 0.7921569 0.7921569 0.7921569 1 0.6235294 0.6235294 0.6235294 1 0.772549 0.772549 0.772549 1 0.772549 0.772549 0.772549 1 0.7019608 0.7019608 0.7019608 1 0.6235294 0.6235294 0.6235294 1 0.5843138 0.5843138 0.5843138 1 0.5843138 0.5843138 0.5843138 1 0.7019608 0.7019608 0.7019608 1 0.3960784 0.3960784 0.3960784 1 0.7294118 0.7294118 0.7294118 1 0.7019608 0.7019608 0.7019608 1 0.8156863 0.8156863 0.8156863 1 0.772549 0.772549 0.772549 1 0.7921569 0.7921569 0.7921569 1 0.7450981 0.7450981 0.7450981 1 0.7568628 0.7568628 0.7568628 1 0.8156863 0.8156863 0.8156863 1 0.6509804 0.6509804 0.6509804 1 0.6745098 0.6745098 0.6745098 1 0.7647059 0.7647059 0.7647059 1 0.3960784 0.3960784 0.3960784 1 0.7568628 0.7568628 0.7568628 1 0.6431373 0.6431373 0.6431373 1 0.6509804 0.6509804 0.6509804 1 0.6470588 0.6470588 0.6470588 1 0.7568628 0.7568628 0.7568628 1 0.8392157 0.8392157 0.8392157 1 0.3960784 0.3960784 0.3960784 1 0.7647059 0.7647059 0.7647059 1 0.6470588 0.6470588 0.6470588 1 0.6745098 0.6745098 0.6745098 1 0.8156863 0.8156863 0.8156863 1 0.6666667 0.6666667 0.6666667 1 0.8156863 0.8156863 0.8156863 1 0.8156863 0.8156863 0.8156863 1 0.7568628 0.7568628 0.7568628 1 0.6666667 0.6666667 0.6666667 1 0.6431373 0.6431373 0.6431373 1 0.8156863 0.8156863 0.8156863 1 0.8156863 0.8156863 0.8156863 1 0.8392157 0.8392157 0.8392157 1 0.7568628 0.7568628 0.7568628 1 0.7568628 0.7568628 0.7568628 1 0.7647059 0.7647059 0.7647059 1 0.7568628 0.7568628 0.7568628 1 0.8156863 0.8156863 0.8156863 1 0.6470588 0.6470588 0.6470588 1 0.6705883 0.6705883 0.6705883 1 0.7607843 0.7607843 0.7607843 1 0.3960784 0.3960784 0.3960784 1 0.7490196 0.7490196 0.7490196 1 0.6392157 0.6392157 0.6392157 1 0.6470588 0.6470588 0.6470588 1 0.6431373 0.6431373 0.6431373 1 0.7568628 0.7568628 0.7568628 1 0.8392157 0.8392157 0.8392157 1 0.3960784 0.3960784 0.3960784 1 0.7607843 0.7607843 0.7607843 1 0.6431373 0.6431373 0.6431373 1 0.6705883 0.6705883 0.6705883 1 0.8156863 0.8156863 0.8156863 1 0.6627451 0.6627451 0.6627451 1 0.8117647 0.8117647 0.8117647 1 0.8117647 0.8117647 0.8117647 1 0.7490196 0.7490196 0.7490196 1 0.6627451 0.6627451 0.6627451 1 0.6392157 0.6392157 0.6392157 1 0.8117647 0.8117647 0.8117647 1 0.8156863 0.8156863 0.8156863 1 0.8392157 0.8392157 0.8392157 1 0.7490196 0.7490196 0.7490196 1 0.7568628 0.7568628 0.7568628 1 0.7607843 0.7607843 0.7607843 1 0.7490196 0.7490196 0.7490196 1 0.8156863 0.8156863 0.8156863 1 0.6392157 0.6392157 0.6392157 1 0.6627451 0.6627451 0.6627451 1 0.772549 0.772549 0.772549 1 0.3960784 0.3960784 0.3960784 1 0.7647059 0.7647059 0.7647059 1 0.6509804 0.6509804 0.6509804 1 0.6392157 0.6392157 0.6392157 1 0.6470588 0.6470588 0.6470588 1 0.7490196 0.7490196 0.7490196 1 0.8431373 0.8431373 0.8431373 1 0.3960784 0.3960784 0.3960784 1 0.772549 0.772549 0.772549 1 0.6470588 0.6470588 0.6470588 1 0.6627451 0.6627451 0.6627451 1 0.8156863 0.8156863 0.8156863 1 0.6666667 0.6666667 0.6666667 1 0.8196079 0.8196079 0.8196079 1 0.8196079 0.8196079 0.8196079 1 0.7647059 0.7647059 0.7647059 1 0.6666667 0.6666667 0.6666667 1 0.6509804 0.6509804 0.6509804 1 0.8196079 0.8196079 0.8196079 1 0.8156863 0.8156863 0.8156863 1 0.8431373 0.8431373 0.8431373 1 0.7647059 0.7647059 0.7647059 1 0.7490196 0.7490196 0.7490196 1 0.772549 0.772549 0.772549 1 0.8588235 0.8588235 0.8588235 1 0.7647059 0.7647059 0.7647059 1 0.6509804 0.6509804 0.6509804 1 0.6509804 0.6509804 0.6509804 1 0.7647059 0.7647059 0.7647059 1 0.8313726 0.8313726 0.8313726 1 0.6509804 0.6509804 0.6509804 1 0.6745098 0.6745098 0.6745098 1 0.6509804 0.6509804 0.6509804 1 0.3960784 0.3960784 0.3960784 1 0.8588235 0.8588235 0.8588235 1 0.7843137 0.7843137 0.7843137 1 0.6745098 0.6745098 0.6745098 1 0.8313726 0.8313726 0.8313726 1 0.6745098 0.6745098 0.6745098 1 0.8313726 0.8313726 0.8313726 1 0.8313726 0.8313726 0.8313726 1 0.7764706 0.7764706 0.7764706 1 0.6745098 0.6745098 0.6745098 1 0.6588235 0.6588235 0.6588235 1 0.6588235 0.6588235 0.6588235 1 0.7764706 0.7764706 0.7764706 1 0.3960784 0.3960784 0.3960784 1 0.7843137 0.7843137 0.7843137 1 0.7764706 0.7764706 0.7764706 1 0.8588235 0.8588235 0.8588235 1 0.8313726 0.8313726 0.8313726 1 0.8313726 0.8313726 0.8313726 1 0.7647059 0.7647059 0.7647059 1 0.854902 0.854902 0.854902 1 0.7647059 0.7647059 0.7647059 1 0.6509804 0.6509804 0.6509804 1 0.654902 0.654902 0.654902 1 0.7647059 0.7647059 0.7647059 1 0.8313726 0.8313726 0.8313726 1 0.654902 0.654902 0.654902 1 0.6784314 0.6784314 0.6784314 1 0.6509804 0.6509804 0.6509804 1 0.3960784 0.3960784 0.3960784 1 0.854902 0.854902 0.854902 1 0.7843137 0.7843137 0.7843137 1 0.6784314 0.6784314 0.6784314 1 0.8313726 0.8313726 0.8313726 1 0.6745098 0.6745098 0.6745098 1 0.8313726 0.8313726 0.8313726 1 0.8313726 0.8313726 0.8313726 1 0.772549 0.772549 0.772549 1 0.6745098 0.6745098 0.6745098 1 0.6509804 0.6509804 0.6509804 1 0.6509804 0.6509804 0.6509804 1 0.772549 0.772549 0.772549 1 0.3960784 0.3960784 0.3960784 1 0.7843137 0.7843137 0.7843137 1 0.772549 0.772549 0.772549 1 0.854902 0.854902 0.854902 1 0.8313726 0.8313726 0.8313726 1 0.8313726 0.8313726 0.8313726 1 0.7647059 0.7647059 0.7647059 1 0.7647059 0.7647059 0.7647059 1 0.827451 0.827451 0.827451 1 0.6588235 0.6588235 0.6588235 1 0.6784314 0.6784314 0.6784314 1 0.7803922 0.7803922 0.7803922 1 0.3960784 0.3960784 0.3960784 1 0.7686275 0.7686275 0.7686275 1 0.6588235 0.6588235 0.6588235 1 0.6588235 0.6588235 0.6588235 1 0.6627451 0.6627451 0.6627451 1 0.7647059 0.7647059 0.7647059 1 0.854902 0.854902 0.854902 1 0.6627451 0.6627451 0.6627451 1 0.3960784 0.3960784 0.3960784 1 0.7803922 0.7803922 0.7803922 1 0.6784314 0.6784314 0.6784314 1 0.827451 0.827451 0.827451 1 0.6705883 0.6705883 0.6705883 1 0.8235294 0.8235294 0.8235294 1 0.8235294 0.8235294 0.8235294 1 0.7686275 0.7686275 0.7686275 1 0.6705883 0.6705883 0.6705883 1 0.6588235 0.6588235 0.6588235 1 0.8235294 0.8235294 0.8235294 1 0.827451 0.827451 0.827451 1 0.854902 0.854902 0.854902 1 0.7686275 0.7686275 0.7686275 1 0.7647059 0.7647059 0.7647059 1 0.7803922 0.7803922 0.7803922 1 0.7647059 0.7647059 0.7647059 1 0.8235294 0.8235294 0.8235294 1 0.6588235 0.6588235 0.6588235 1 0.6745098 0.6745098 0.6745098 1 0.772549 0.772549 0.772549 1 0.3960784 0.3960784 0.3960784 1 0.7568628 0.7568628 0.7568628 1 0.6470588 0.6470588 0.6470588 1 0.6588235 0.6588235 0.6588235 1 0.6588235 0.6588235 0.6588235 1 0.7647059 0.7647059 0.7647059 1 0.8509804 0.8509804 0.8509804 1 0.6588235 0.6588235 0.6588235 1 0.3960784 0.3960784 0.3960784 1 0.772549 0.772549 0.772549 1 0.6745098 0.6745098 0.6745098 1 0.8235294 0.8235294 0.8235294 1 0.6627451 0.6627451 0.6627451 1 0.8196079 0.8196079 0.8196079 1 0.8196079 0.8196079 0.8196079 1 0.7568628 0.7568628 0.7568628 1 0.6627451 0.6627451 0.6627451 1 0.6470588 0.6470588 0.6470588 1 0.8196079 0.8196079 0.8196079 1 0.8509804 0.8509804 0.8509804 1 0.7568628 0.7568628 0.7568628 1 0.8235294 0.8235294 0.8235294 1 0.772549 0.772549 0.772549 1 0.7647059 0.7647059 0.7647059 1 0.8588235 0.8588235 0.8588235 1 0.7803922 0.7803922 0.7803922 1 0.6980392 0.6980392 0.6980392 1 0.6666667 0.6666667 0.6666667 1 0.7803922 0.7803922 0.7803922 1 0.8392157 0.8392157 0.8392157 1 0.6666667 0.6666667 0.6666667 1 0.6862745 0.6862745 0.6862745 1 0.6980392 0.6980392 0.6980392 1 0.3960784 0.3960784 0.3960784 1 0.8588235 0.8588235 0.8588235 1 0.7960784 0.7960784 0.7960784 1 0.6862745 0.6862745 0.6862745 1 0.8392157 0.8392157 0.8392157 1 0.6352941 0.6352941 0.6352941 1 0.8392157 0.8392157 0.8392157 1 0.8392157 0.8392157 0.8392157 1 0.7764706 0.7764706 0.7764706 1 0.6352941 0.6352941 0.6352941 1 0.6745098 0.6745098 0.6745098 1 0.6745098 0.6745098 0.6745098 1 0.7764706 0.7764706 0.7764706 1 0.3960784 0.3960784 0.3960784 1 0.7960784 0.7960784 0.7960784 1 0.7764706 0.7764706 0.7764706 1 0.8588235 0.8588235 0.8588235 1 0.8392157 0.8392157 0.8392157 1 0.8392157 0.8392157 0.8392157 1 0.7803922 0.7803922 0.7803922 1 0.8352941 0.8352941 0.8352941 1 0.8509804 0.8509804 0.8509804 1 0.6392157 0.6392157 0.6392157 1 0.6588235 0.6588235 0.6588235 1 0.854902 0.854902 0.854902 1 0.3960784 0.3960784 0.3960784 1 0.8392157 0.8392157 0.8392157 1 0.6745098 0.6745098 0.6745098 1 0.4588235 0.4588235 0.4588235 1 0.3960784 0.3960784 0.3960784 1 0.8431373 0.8431373 0.8431373 1 0.854902 0.854902 0.854902 1 0.6862745 0.6862745 0.6862745 1 0.8431373 0.8431373 0.8431373 1 0.6941177 0.6941177 0.6941177 1 0.8470588 0.8470588 0.8470588 1 0.6392157 0.6392157 0.6392157 1 0.4588235 0.4588235 0.4588235 1 0.8352941 0.8352941 0.8352941 1 0.8431373 0.8431373 0.8431373 1 0.8392157 0.8392157 0.8392157 1 0.8392157 0.8392157 0.8392157 1 0.6745098 0.6745098 0.6745098 1 0.6588235 0.6588235 0.6588235 1 0.6745098 0.6745098 0.6745098 1 0.6588235 0.6588235 0.6588235 1 0.8392157 0.8392157 0.8392157 1 0.8392157 0.8392157 0.8392157 1 0.9843137 0.9843137 0.9843137 1 0.854902 0.854902 0.854902 1 0.8392157 0.8392157 0.8392157 1 0.8431373 0.8431373 0.8431373 1 0.8352941 0.8352941 0.8352941 1 0.8470588 0.8470588 0.8470588 1 0.8431373 0.8431373 0.8431373 1 0.8509804 0.8509804 0.8509804 1 0.8392157 0.8392157 0.8392157 1 0.8392157 0.8392157 0.8392157 1 0.6745098 0.6745098 0.6745098 1 0.6941177 0.6941177 0.6941177 1 0.6588235 0.6588235 0.6588235 1 0.6862745 0.6862745 0.6862745 1 0.7686275 0.7686275 0.7686275 1 0.8313726 0.8313726 0.8313726 1 0.6470588 0.6470588 0.6470588 1 0.6784314 0.6784314 0.6784314 1 0.7647059 0.7647059 0.7647059 1 0.3960784 0.3960784 0.3960784 1 0.7411765 0.7411765 0.7411765 1 0.5294118 0.5294118 0.5294118 1 0.6470588 0.6470588 0.6470588 1 0.6117647 0.6117647 0.6117647 1 0.7686275 0.7686275 0.7686275 1 0.8509804 0.8509804 0.8509804 1 0.6117647 0.6117647 0.6117647 1 0.3960784 0.3960784 0.3960784 1 0.7647059 0.7647059 0.7647059 1 0.6784314 0.6784314 0.6784314 1 0.8313726 0.8313726 0.8313726 1 0.6509804 0.6509804 0.6509804 1 0.8235294 0.8235294 0.8235294 1 0.8235294 0.8235294 0.8235294 1 0.7411765 0.7411765 0.7411765 1 0.6509804 0.6509804 0.6509804 1 0.5294118 0.5294118 0.5294118 1 0.8235294 0.8235294 0.8235294 1 0.8509804 0.8509804 0.8509804 1 0.7411765 0.7411765 0.7411765 1 0.8313726 0.8313726 0.8313726 1 0.7686275 0.7686275 0.7686275 1 0.7647059 0.7647059 0.7647059 1 0.8509804 0.8509804 0.8509804 1 0.7647059 0.7647059 0.7647059 1 0.6352941 0.6352941 0.6352941 1 0.654902 0.654902 0.654902 1 0.7647059 0.7647059 0.7647059 1 0.8313726 0.8313726 0.8313726 1 0.654902 0.654902 0.654902 1 0.6784314 0.6784314 0.6784314 1 0.6352941 0.6352941 0.6352941 1 0.3960784 0.3960784 0.3960784 1 0.8509804 0.8509804 0.8509804 1 0.772549 0.772549 0.772549 1 0.6784314 0.6784314 0.6784314 1 0.8313726 0.8313726 0.8313726 1 0.6705883 0.6705883 0.6705883 1 0.827451 0.827451 0.827451 1 0.827451 0.827451 0.827451 1 0.7647059 0.7647059 0.7647059 1 0.6705883 0.6705883 0.6705883 1 0.6392157 0.6392157 0.6392157 1 0.6392157 0.6392157 0.6392157 1 0.7647059 0.7647059 0.7647059 1 0.3960784 0.3960784 0.3960784 1 0.772549 0.772549 0.772549 1 0.7647059 0.7647059 0.7647059 1 0.8509804 0.8509804 0.8509804 1 0.827451 0.827451 0.827451 1 0.8313726 0.8313726 0.8313726 1 0.7647059 0.7647059 0.7647059 1 0.7372549 0.7372549 0.7372549 1 0.7803922 0.7803922 0.7803922 1 0.6078432 0.6078432 0.6078432 1 0.3960784 0.3960784 0.3960784 1 0.5137255 0.5137255 0.5137255 1 0.4078431 0.4078431 0.4078431 1 0.3960784 0.3960784 0.3960784 1 0.4784314 0.4784314 0.4784314 1 0.6078432 0.6078432 0.6078432 1 0.3960784 0.3960784 0.3960784 1 0.7372549 0.7372549 0.7372549 1 0.8039216 0.8039216 0.8039216 1 0.3960784 0.3960784 0.3960784 1 0.4078431 0.4078431 0.4078431 1 0.5137255 0.5137255 0.5137255 1 0.3960784 0.3960784 0.3960784 1 0.7803922 0.7803922 0.7803922 1 0.454902 0.454902 0.454902 1 0.3960784 0.3960784 0.3960784 1 0.3960784 0.3960784 0.3960784 1 0.3960784 0.3960784 0.3960784 1 0.454902 0.454902 0.454902 1 0.4784314 0.4784314 0.4784314 1 0.3960784 0.3960784 0.3960784 1 0.7803922 0.7803922 0.7803922 1 0.8039216 0.8039216 0.8039216 1 0.3960784 0.3960784 0.3960784 1 0.7372549 0.7372549 0.7372549 1 0.5137255 0.5137255 0.5137255 1 0.7333333 0.7333333 0.7333333 1 0.7960784 0.7960784 0.7960784 1 0.6196079 0.6196079 0.6196079 1 0.6509804 0.6509804 0.6509804 1 0.682353 0.682353 0.682353 1 0.4196078 0.4196078 0.4196078 1 0.682353 0.682353 0.682353 1 0.427451 0.427451 0.427451 1 0.6196079 0.6196079 0.6196079 1 0.3960784 0.3960784 0.3960784 1 0.7333333 0.7333333 0.7333333 1 0.7882353 0.7882353 0.7882353 1 0.3960784 0.3960784 0.3960784 1 0.4196078 0.4196078 0.4196078 1 0.682353 0.682353 0.682353 1 0.6509804 0.6509804 0.6509804 1 0.7960784 0.7960784 0.7960784 1 0.6352941 0.6352941 0.6352941 1 0.7803922 0.7803922 0.7803922 1 0.7803922 0.7803922 0.7803922 1 0.682353 0.682353 0.682353 1 0.6352941 0.6352941 0.6352941 1 0.427451 0.427451 0.427451 1 0.7803922 0.7803922 0.7803922 1 0.7960784 0.7960784 0.7960784 1 0.7882353 0.7882353 0.7882353 1 0.682353 0.682353 0.682353 1 0.7333333 0.7333333 0.7333333 1 0.682353 0.682353 0.682353 1 0.8352941 0.8352941 0.8352941 1 0.7529412 0.7529412 0.7529412 1 0.6392157 0.6392157 0.6392157 1 0.5254902 0.5254902 0.5254902 1 0.7529412 0.7529412 0.7529412 1 0.827451 0.827451 0.827451 1 0.5254902 0.5254902 0.5254902 1 0.6117647 0.6117647 0.6117647 1 0.6392157 0.6392157 0.6392157 1 0.3960784 0.3960784 0.3960784 1 0.8352941 0.8352941 0.8352941 1 0.7921569 0.7921569 0.7921569 1 0.6117647 0.6117647 0.6117647 1 0.827451 0.827451 0.827451 1 0.6470588 0.6470588 0.6470588 1 0.8431373 0.8431373 0.8431373 1 0.8431373 0.8431373 0.8431373 1 0.7882353 0.7882353 0.7882353 1 0.6470588 0.6470588 0.6470588 1 0.654902 0.654902 0.654902 1 0.654902 0.654902 0.654902 1 0.7882353 0.7882353 0.7882353 1 0.3960784 0.3960784 0.3960784 1 0.7921569 0.7921569 0.7921569 1 0.7882353 0.7882353 0.7882353 1 0.8352941 0.8352941 0.8352941 1 0.8431373 0.8431373 0.8431373 1 0.827451 0.827451 0.827451 1 0.7529412 0.7529412 0.7529412 1 0.7411765 0.7411765 0.7411765 1 0.8078431 0.8078431 0.8078431 1 0.5647059 0.5647059 0.5647059 1 0.6196079 0.6196079 0.6196079 1 0.7764706 0.7764706 0.7764706 1 0.3960784 0.3960784 0.3960784 1 0.772549 0.772549 0.772549 1 0.5882353 0.5882353 0.5882353 1 0.5647059 0.5647059 0.5647059 1 0.5686275 0.5686275 0.5686275 1 0.7411765 0.7411765 0.7411765 1 0.8431373 0.8431373 0.8431373 1 0.5686275 0.5686275 0.5686275 1 0.3960784 0.3960784 0.3960784 1 0.7764706 0.7764706 0.7764706 1 0.6196079 0.6196079 0.6196079 1 0.8078431 0.8078431 0.8078431 1 0.627451 0.627451 0.627451 1 0.8196079 0.8196079 0.8196079 1 0.8196079 0.8196079 0.8196079 1 0.772549 0.772549 0.772549 1 0.627451 0.627451 0.627451 1 0.5882353 0.5882353 0.5882353 1 0.8196079 0.8196079 0.8196079 1 0.8431373 0.8431373 0.8431373 1 0.772549 0.772549 0.772549 1 0.8078431 0.8078431 0.8078431 1 0.7411765 0.7411765 0.7411765 1 0.7764706 0.7764706 0.7764706 1 0.8078431 0.8078431 0.8078431 1 0.7098039 0.7098039 0.7098039 1 0.5607843 0.5607843 0.5607843 1 0.5411765 0.5411765 0.5411765 1 0.7098039 0.7098039 0.7098039 1 0.8 0.8 0.8 1 0.5411765 0.5411765 0.5411765 1 0.6039216 0.6039216 0.6039216 1 0.5607843 0.5607843 0.5607843 1 0.3960784 0.3960784 0.3960784 1 0.8078431 0.8078431 0.8078431 1 0.7607843 0.7607843 0.7607843 1 0.6039216 0.6039216 0.6039216 1 0.8 0.8 0.8 1 0.5843138 0.5843138 0.5843138 1 0.8156863 0.8156863 0.8156863 1 0.8156863 0.8156863 0.8156863 1 0.7647059 0.7647059 0.7647059 1 0.5843138 0.5843138 0.5843138 1 0.5411765 0.5411765 0.5411765 1 0.5411765 0.5411765 0.5411765 1 0.7647059 0.7647059 0.7647059 1 0.3960784 0.3960784 0.3960784 1 0.7607843 0.7607843 0.7607843 1 0.7647059 0.7647059 0.7647059 1 0.8078431 0.8078431 0.8078431 1 0.8156863 0.8156863 0.8156863 1 0.8 0.8 0.8 1 0.7098039 0.7098039 0.7098039 1 0.7490196 0.7490196 0.7490196 1 0.8196079 0.8196079 0.8196079 1 0.5803922 0.5803922 0.5803922 1 0.6313726 0.6313726 0.6313726 1 0.7490196 0.7490196 0.7490196 1 0.3960784 0.3960784 0.3960784 1 0.772549 0.772549 0.772549 1 0.6431373 0.6431373 0.6431373 1 0.5803922 0.5803922 0.5803922 1 0.572549 0.572549 0.572549 1 0.7490196 0.7490196 0.7490196 1 0.8352941 0.8352941 0.8352941 1 0.3960784 0.3960784 0.3960784 1 0.7490196 0.7490196 0.7490196 1 0.572549 0.572549 0.572549 1 0.6313726 0.6313726 0.6313726 1 0.8196079 0.8196079 0.8196079 1 0.6509804 0.6509804 0.6509804 1 0.8235294 0.8235294 0.8235294 1 0.8235294 0.8235294 0.8235294 1 0.772549 0.772549 0.772549 1 0.6509804 0.6509804 0.6509804 1 0.6431373 0.6431373 0.6431373 1 0.8235294 0.8235294 0.8235294 1 0.8196079 0.8196079 0.8196079 1 0.8352941 0.8352941 0.8352941 1 0.772549 0.772549 0.772549 1 0.7490196 0.7490196 0.7490196 1 0.7490196 0.7490196 0.7490196 1 0.7607843 0.7607843 0.7607843 1 0.8313726 0.8313726 0.8313726 1 0.5294118 0.5294118 0.5294118 1 0.6352941 0.6352941 0.6352941 1 0.7764706 0.7764706 0.7764706 1 0.3960784 0.3960784 0.3960784 1 0.7686275 0.7686275 0.7686275 1 0.6196079 0.6196079 0.6196079 1 0.5294118 0.5294118 0.5294118 1 0.6039216 0.6039216 0.6039216 1 0.7607843 0.7607843 0.7607843 1 0.8470588 0.8470588 0.8470588 1 0.6039216 0.6039216 0.6039216 1 0.3960784 0.3960784 0.3960784 1 0.7764706 0.7764706 0.7764706 1 0.6352941 0.6352941 0.6352941 1 0.8313726 0.8313726 0.8313726 1 0.6705883 0.6705883 0.6705883 1 0.8313726 0.8313726 0.8313726 1 0.8313726 0.8313726 0.8313726 1 0.7686275 0.7686275 0.7686275 1 0.6705883 0.6705883 0.6705883 1 0.6196079 0.6196079 0.6196079 1 0.8313726 0.8313726 0.8313726 1 0.8313726 0.8313726 0.8313726 1 0.8470588 0.8470588 0.8470588 1 0.7686275 0.7686275 0.7686275 1 0.7607843 0.7607843 0.7607843 1 0.7764706 0.7764706 0.7764706 1 0.854902 0.854902 0.854902 1 0.7647059 0.7647059 0.7647059 1 0.6392157 0.6392157 0.6392157 1 0.6235294 0.6235294 0.6235294 1 0.7647059 0.7647059 0.7647059 1 0.8313726 0.8313726 0.8313726 1 0.6235294 0.6235294 0.6235294 1 0.6862745 0.6862745 0.6862745 1 0.6392157 0.6392157 0.6392157 1 0.3960784 0.3960784 0.3960784 1 0.854902 0.854902 0.854902 1 0.8117647 0.8117647 0.8117647 1 0.6862745 0.6862745 0.6862745 1 0.8313726 0.8313726 0.8313726 1 0.6901961 0.6901961 0.6901961 1 0.8470588 0.8470588 0.8470588 1 0.8470588 0.8470588 0.8470588 1 0.7960784 0.7960784 0.7960784 1 0.6901961 0.6901961 0.6901961 1 0.7137255 0.7137255 0.7137255 1 0.7137255 0.7137255 0.7137255 1 0.7960784 0.7960784 0.7960784 1 0.3960784 0.3960784 0.3960784 1 0.8117647 0.8117647 0.8117647 1 0.7960784 0.7960784 0.7960784 1 0.854902 0.854902 0.854902 1 0.8470588 0.8470588 0.8470588 1 0.8313726 0.8313726 0.8313726 1 0.7647059 0.7647059 0.7647059 1 0.7019608 0.7019608 0.7019608 1 0.7843137 0.7843137 0.7843137 1 0.5764706 0.5764706 0.5764706 1 0.6196079 0.6196079 0.6196079 1 0.7490196 0.7490196 0.7490196 1 0.3960784 0.3960784 0.3960784 1 0.7529412 0.7529412 0.7529412 1 0.6470588 0.6470588 0.6470588 1 0.5764706 0.5764706 0.5764706 1 0.5921569 0.5921569 0.5921569 1 0.7019608 0.7019608 0.7019608 1 0.8 0.8 0.8 1 0.3960784 0.3960784 0.3960784 1 0.7490196 0.7490196 0.7490196 1 0.5921569 0.5921569 0.5921569 1 0.6196079 0.6196079 0.6196079 1 0.7843137 0.7843137 0.7843137 1 0.6431373 0.6431373 0.6431373 1 0.8 0.8 0.8 1 0.8 0.8 0.8 1 0.7529412 0.7529412 0.7529412 1 0.6431373 0.6431373 0.6431373 1 0.6470588 0.6470588 0.6470588 1 0.8 0.8 0.8 1 0.7843137 0.7843137 0.7843137 1 0.8 0.8 0.8 1 0.7529412 0.7529412 0.7529412 1 0.7019608 0.7019608 0.7019608 1 0.7490196 0.7490196 0.7490196 1 0.827451 0.827451 0.827451 1 0.7333333 0.7333333 0.7333333 1 0.6627451 0.6627451 0.6627451 1 0.6039216 0.6039216 0.6039216 1 0.7333333 0.7333333 0.7333333 1 0.8039216 0.8039216 0.8039216 1 0.6039216 0.6039216 0.6039216 1 0.6666667 0.6666667 0.6666667 1 0.6627451 0.6627451 0.6627451 1 0.3960784 0.3960784 0.3960784 1 0.827451 0.827451 0.827451 1 0.7960784 0.7960784 0.7960784 1 0.6666667 0.6666667 0.6666667 1 0.8039216 0.8039216 0.8039216 1 0.6784314 0.6784314 0.6784314 1 0.827451 0.827451 0.827451 1 0.827451 0.827451 0.827451 1 0.7843137 0.7843137 0.7843137 1 0.6784314 0.6784314 0.6784314 1 0.7137255 0.7137255 0.7137255 1 0.7137255 0.7137255 0.7137255 1 0.7843137 0.7843137 0.7843137 1 0.3960784 0.3960784 0.3960784 1 0.7960784 0.7960784 0.7960784 1 0.7843137 0.7843137 0.7843137 1 0.827451 0.827451 0.827451 1 0.827451 0.827451 0.827451 1 0.8039216 0.8039216 0.8039216 1 0.7333333 0.7333333 0.7333333 1 0.8235294 0.8235294 0.8235294 1 0.7215686 0.7215686 0.7215686 1 0.682353 0.682353 0.682353 1 0.6 0.6 0.6 1 0.7215686 0.7215686 0.7215686 1 0.7607843 0.7607843 0.7607843 1 0.6 0.6 0.6 1 0.6078432 0.6078432 0.6078432 1 0.682353 0.682353 0.682353 1 0.3960784 0.3960784 0.3960784 1 0.8235294 0.8235294 0.8235294 1 0.7921569 0.7921569 0.7921569 1 0.6078432 0.6078432 0.6078432 1 0.7607843 0.7607843 0.7607843 1 0.6156863 0.6156863 0.6156863 1 0.7803922 0.7803922 0.7803922 1 0.7803922 0.7803922 0.7803922 1 0.7607843 0.7607843 0.7607843 1 0.6156863 0.6156863 0.6156863 1 0.682353 0.682353 0.682353 1 0.682353 0.682353 0.682353 1 0.7607843 0.7607843 0.7607843 1 0.3960784 0.3960784 0.3960784 1 0.7921569 0.7921569 0.7921569 1 0.7607843 0.7607843 0.7607843 1 0.8235294 0.8235294 0.8235294 1 0.7803922 0.7803922 0.7803922 1 0.7607843 0.7607843 0.7607843 1 0.7215686 0.7215686 0.7215686 1 0.7450981 0.7450981 0.7450981 1 0.8156863 0.8156863 0.8156863 1 0.627451 0.627451 0.627451 1 0.6588235 0.6588235 0.6588235 1 0.772549 0.772549 0.772549 1 0.3960784 0.3960784 0.3960784 1 0.7686275 0.7686275 0.7686275 1 0.6666667 0.6666667 0.6666667 1 0.627451 0.627451 0.627451 1 0.6392157 0.6392157 0.6392157 1 0.7450981 0.7450981 0.7450981 1 0.8392157 0.8392157 0.8392157 1 0.3960784 0.3960784 0.3960784 1 0.772549 0.772549 0.772549 1 0.6392157 0.6392157 0.6392157 1 0.6588235 0.6588235 0.6588235 1 0.8156863 0.8156863 0.8156863 1 0.6745098 0.6745098 0.6745098 1 0.8196079 0.8196079 0.8196079 1 0.8196079 0.8196079 0.8196079 1 0.7686275 0.7686275 0.7686275 1 0.6745098 0.6745098 0.6745098 1 0.6666667 0.6666667 0.6666667 1 0.8196079 0.8196079 0.8196079 1 0.8156863 0.8156863 0.8156863 1 0.8392157 0.8392157 0.8392157 1 0.7686275 0.7686275 0.7686275 1 0.7450981 0.7450981 0.7450981 1 0.772549 0.772549 0.772549 1 0.7294118 0.7294118 0.7294118 1 0.7921569 0.7921569 0.7921569 1 0.6117647 0.6117647 0.6117647 1 0.627451 0.627451 0.627451 1 0.7686275 0.7686275 0.7686275 1 0.3960784 0.3960784 0.3960784 1 0.7607843 0.7607843 0.7607843 1 0.6509804 0.6509804 0.6509804 1 0.6117647 0.6117647 0.6117647 1 0.6392157 0.6392157 0.6392157 1 0.7294118 0.7294118 0.7294118 1 0.827451 0.827451 0.827451 1 0.3960784 0.3960784 0.3960784 1 0.7686275 0.7686275 0.7686275 1 0.6392157 0.6392157 0.6392157 1 0.627451 0.627451 0.627451 1 0.7921569 0.7921569 0.7921569 1 0.6431373 0.6431373 0.6431373 1 0.8 0.8 0.8 1 0.8 0.8 0.8 1 0.7607843 0.7607843 0.7607843 1 0.6431373 0.6431373 0.6431373 1 0.6509804 0.6509804 0.6509804 1 0.8 0.8 0.8 1 0.7921569 0.7921569 0.7921569 1 0.827451 0.827451 0.827451 1 0.7607843 0.7607843 0.7607843 1 0.7294118 0.7294118 0.7294118 1 0.7686275 0.7686275 0.7686275 1 0.6980392 0.6980392 0.6980392 1 0.7647059 0.7647059 0.7647059 1 0.572549 0.572549 0.572549 1 0.6039216 0.6039216 0.6039216 1 0.7529412 0.7529412 0.7529412 1 0.3960784 0.3960784 0.3960784 1 0.7529412 0.7529412 0.7529412 1 0.6470588 0.6470588 0.6470588 1 0.572549 0.572549 0.572549 1 0.6078432 0.6078432 0.6078432 1 0.6980392 0.6980392 0.6980392 1 0.8 0.8 0.8 1 0.3960784 0.3960784 0.3960784 1 0.7529412 0.7529412 0.7529412 1 0.6078432 0.6078432 0.6078432 1 0.6039216 0.6039216 0.6039216 1 0.7647059 0.7647059 0.7647059 1 0.6313726 0.6313726 0.6313726 1 0.7803922 0.7803922 0.7803922 1 0.7803922 0.7803922 0.7803922 1 0.7529412 0.7529412 0.7529412 1 0.6313726 0.6313726 0.6313726 1 0.6470588 0.6470588 0.6470588 1 0.7803922 0.7803922 0.7803922 1 0.7647059 0.7647059 0.7647059 1 0.8 0.8 0.8 1 0.7529412 0.7529412 0.7529412 1 0.6980392 0.6980392 0.6980392 1 0.7529412 0.7529412 0.7529412 1 0.8196079 0.8196079 0.8196079 1 0.7137255 0.7137255 0.7137255 1 0.6666667 0.6666667 0.6666667 1 0.5882353 0.5882353 0.5882353 1 0.7137255 0.7137255 0.7137255 1 0.7843137 0.7843137 0.7843137 1 0.5882353 0.5882353 0.5882353 1 0.6392157 0.6392157 0.6392157 1 0.6666667 0.6666667 0.6666667 1 0.3960784 0.3960784 0.3960784 1 0.8196079 0.8196079 0.8196079 1 0.7921569 0.7921569 0.7921569 1 0.6392157 0.6392157 0.6392157 1 0.7843137 0.7843137 0.7843137 1 0.6627451 0.6627451 0.6627451 1 0.8078431 0.8078431 0.8078431 1 0.8078431 0.8078431 0.8078431 1 0.772549 0.772549 0.772549 1 0.6627451 0.6627451 0.6627451 1 0.7058824 0.7058824 0.7058824 1 0.7058824 0.7058824 0.7058824 1 0.772549 0.772549 0.772549 1 0.3960784 0.3960784 0.3960784 1 0.7921569 0.7921569 0.7921569 1 0.772549 0.772549 0.772549 1 0.8196079 0.8196079 0.8196079 1 0.8078431 0.8078431 0.8078431 1 0.7843137 0.7843137 0.7843137 1 0.7137255 0.7137255 0.7137255 1 0.8196079 0.8196079 0.8196079 1 0.7607843 0.7607843 0.7607843 1 0.3960784 0.3960784 0.3960784 1 0.6039216 0.6039216 0.6039216 1 0.7607843 0.7607843 0.7607843 1 0.8352941 0.8352941 0.8352941 1 0.6039216 0.6039216 0.6039216 1 0.6039216 0.6039216 0.6039216 1 0.3960784 0.3960784 0.3960784 1 0.3960784 0.3960784 0.3960784 1 0.8196079 0.8196079 0.8196079 1 0.7764706 0.7764706 0.7764706 1 0.6039216 0.6039216 0.6039216 1 0.8352941 0.8352941 0.8352941 1 0.6627451 0.6627451 0.6627451 1 0.8470588 0.8470588 0.8470588 1 0.8470588 0.8470588 0.8470588 1 0.7843137 0.7843137 0.7843137 1 0.6627451 0.6627451 0.6627451 1 0.682353 0.682353 0.682353 1 0.682353 0.682353 0.682353 1 0.7843137 0.7843137 0.7843137 1 0.3960784 0.3960784 0.3960784 1 0.7764706 0.7764706 0.7764706 1 0.7843137 0.7843137 0.7843137 1 0.8196079 0.8196079 0.8196079 1 0.8470588 0.8470588 0.8470588 1 0.8352941 0.8352941 0.8352941 1 0.7607843 0.7607843 0.7607843 1 0.7647059 0.7647059 0.7647059 1 0.8313726 0.8313726 0.8313726 1 0.6156863 0.6156863 0.6156863 1 0.6588235 0.6588235 0.6588235 1 0.7843137 0.7843137 0.7843137 1 0.3960784 0.3960784 0.3960784 1 0.7803922 0.7803922 0.7803922 1 0.6666667 0.6666667 0.6666667 1 0.6156863 0.6156863 0.6156863 1 0.627451 0.627451 0.627451 1 0.7647059 0.7647059 0.7647059 1 0.8588235 0.8588235 0.8588235 1 0.3960784 0.3960784 0.3960784 1 0.7843137 0.7843137 0.7843137 1 0.627451 0.627451 0.627451 1 0.6588235 0.6588235 0.6588235 1 0.8313726 0.8313726 0.8313726 1 0.6745098 0.6745098 0.6745098 1 0.8352941 0.8352941 0.8352941 1 0.8352941 0.8352941 0.8352941 1 0.7803922 0.7803922 0.7803922 1 0.6745098 0.6745098 0.6745098 1 0.6666667 0.6666667 0.6666667 1 0.8352941 0.8352941 0.8352941 1 0.8313726 0.8313726 0.8313726 1 0.8588235 0.8588235 0.8588235 1 0.7803922 0.7803922 0.7803922 1 0.7647059 0.7647059 0.7647059 1 0.7843137 0.7843137 0.7843137 1 0.8509804 0.8509804 0.8509804 1 0.7647059 0.7647059 0.7647059 1 0.5882353 0.5882353 0.5882353 1 0.5764706 0.5764706 0.5764706 1 0.7647059 0.7647059 0.7647059 1 0.8313726 0.8313726 0.8313726 1 0.5764706 0.5764706 0.5764706 1 0.6352941 0.6352941 0.6352941 1 0.5882353 0.5882353 0.5882353 1 0.3960784 0.3960784 0.3960784 1 0.8509804 0.8509804 0.8509804 1 0.7764706 0.7764706 0.7764706 1 0.6352941 0.6352941 0.6352941 1 0.8313726 0.8313726 0.8313726 1 0.654902 0.654902 0.654902 1 0.8352941 0.8352941 0.8352941 1 0.8352941 0.8352941 0.8352941 1 0.7764706 0.7764706 0.7764706 1 0.654902 0.654902 0.654902 1 0.6235294 0.6235294 0.6235294 1 0.6235294 0.6235294 0.6235294 1 0.7764706 0.7764706 0.7764706 1 0.3960784 0.3960784 0.3960784 1 0.7764706 0.7764706 0.7764706 1 0.7764706 0.7764706 0.7764706 1 0.8509804 0.8509804 0.8509804 1 0.8352941 0.8352941 0.8352941 1 0.8313726 0.8313726 0.8313726 1 0.7647059 0.7647059 0.7647059 1 0.7568628 0.7568628 0.7568628 1 0.8235294 0.8235294 0.8235294 1 0.6196079 0.6196079 0.6196079 1 0.6470588 0.6470588 0.6470588 1 0.7764706 0.7764706 0.7764706 1 0.3960784 0.3960784 0.3960784 1 0.7764706 0.7764706 0.7764706 1 0.6627451 0.6627451 0.6627451 1 0.6196079 0.6196079 0.6196079 1 0.6313726 0.6313726 0.6313726 1 0.7568628 0.7568628 0.7568628 1 0.8470588 0.8470588 0.8470588 1 0.3960784 0.3960784 0.3960784 1 0.7764706 0.7764706 0.7764706 1 0.6313726 0.6313726 0.6313726 1 0.6470588 0.6470588 0.6470588 1 0.8235294 0.8235294 0.8235294 1 0.6627451 0.6627451 0.6627451 1 0.827451 0.827451 0.827451 1 0.827451 0.827451 0.827451 1 0.7764706 0.7764706 0.7764706 1 0.6627451 0.6627451 0.6627451 1 0.6627451 0.6627451 0.6627451 1 0.827451 0.827451 0.827451 1 0.8470588 0.8470588 0.8470588 1 0.7764706 0.7764706 0.7764706 1 0.8235294 0.8235294 0.8235294 1 0.7764706 0.7764706 0.7764706 1 0.7568628 0.7568628 0.7568628 1 0.7529412 0.7529412 0.7529412 1 0.8235294 0.8235294 0.8235294 1 0.5843138 0.5843138 0.5843138 1 0.6470588 0.6470588 0.6470588 1 0.7098039 0.7098039 0.7098039 1 0.4392157 0.4392157 0.4392157 1 0.7490196 0.7490196 0.7490196 1 0.6078432 0.6078432 0.6078432 1 0.5843138 0.5843138 0.5843138 1 0.4313726 0.4313726 0.4313726 1 0.7529412 0.7529412 0.7529412 1 0.8 0.8 0.8 1 0.4313726 0.4313726 0.4313726 1 0.4392157 0.4392157 0.4392157 1 0.7098039 0.7098039 0.7098039 1 0.6470588 0.6470588 0.6470588 1 0.8235294 0.8235294 0.8235294 1 0.6627451 0.6627451 0.6627451 1 0.8235294 0.8235294 0.8235294 1 0.8235294 0.8235294 0.8235294 1 0.7490196 0.7490196 0.7490196 1 0.6627451 0.6627451 0.6627451 1 0.6078432 0.6078432 0.6078432 1 0.8235294 0.8235294 0.8235294 1 0.8 0.8 0.8 1 0.7490196 0.7490196 0.7490196 1 0.8235294 0.8235294 0.8235294 1 0.7098039 0.7098039 0.7098039 1 0.7529412 0.7529412 0.7529412 1 0.8588235 0.8588235 0.8588235 1 0.7764706 0.7764706 0.7764706 1 0.6509804 0.6509804 0.6509804 1 0.6431373 0.6431373 0.6431373 1 0.7764706 0.7764706 0.7764706 1 0.8431373 0.8431373 0.8431373 1 0.6431373 0.6431373 0.6431373 1 0.7098039 0.7098039 0.7098039 1 0.6509804 0.6509804 0.6509804 1 0.3960784 0.3960784 0.3960784 1 0.8588235 0.8588235 0.8588235 1 0.8117647 0.8117647 0.8117647 1 0.7098039 0.7098039 0.7098039 1 0.8431373 0.8431373 0.8431373 1 0.6980392 0.6980392 0.6980392 1 0.854902 0.854902 0.854902 1 0.854902 0.854902 0.854902 1 0.8 0.8 0.8 1 0.6980392 0.6980392 0.6980392 1 0.7098039 0.7098039 0.7098039 1 0.7098039 0.7098039 0.7098039 1 0.8 0.8 0.8 1 0.3960784 0.3960784 0.3960784 1 0.8117647 0.8117647 0.8117647 1 0.8 0.8 0.8 1 0.8588235 0.8588235 0.8588235 1 0.854902 0.854902 0.854902 1 0.8431373 0.8431373 0.8431373 1 0.7764706 0.7764706 0.7764706 1 0.7450981 0.7450981 0.7450981 1 0.8196079 0.8196079 0.8196079 1 0.5843138 0.5843138 0.5843138 1 0.627451 0.627451 0.627451 1 0.7764706 0.7764706 0.7764706 1 0.3960784 0.3960784 0.3960784 1 0.7764706 0.7764706 0.7764706 1 0.5960785 0.5960785 0.5960785 1 0.5843138 0.5843138 0.5843138 1 0.6 0.6 0.6 1 0.7450981 0.7450981 0.7450981 1 0.8431373 0.8431373 0.8431373 1 0.6 0.6 0.6 1 0.3960784 0.3960784 0.3960784 1 0.7764706 0.7764706 0.7764706 1 0.627451 0.627451 0.627451 1 0.8196079 0.8196079 0.8196079 1 0.6196079 0.6196079 0.6196079 1 0.827451 0.827451 0.827451 1 0.827451 0.827451 0.827451 1 0.7764706 0.7764706 0.7764706 1 0.6196079 0.6196079 0.6196079 1 0.5960785 0.5960785 0.5960785 1 0.827451 0.827451 0.827451 1 0.8196079 0.8196079 0.8196079 1 0.8431373 0.8431373 0.8431373 1 0.7764706 0.7764706 0.7764706 1 0.7450981 0.7450981 0.7450981 1 0.7764706 0.7764706 0.7764706 1 0.7411765 0.7411765 0.7411765 1 0.8156863 0.8156863 0.8156863 1 0.6039216 0.6039216 0.6039216 1 0.6588235 0.6588235 0.6588235 1 0.7686275 0.7686275 0.7686275 1 0.3960784 0.3960784 0.3960784 1 0.7607843 0.7607843 0.7607843 1 0.5843138 0.5843138 0.5843138 1 0.6039216 0.6039216 0.6039216 1 0.6 0.6 0.6 1 0.7411765 0.7411765 0.7411765 1 0.827451 0.827451 0.827451 1 0.3960784 0.3960784 0.3960784 1 0.7686275 0.7686275 0.7686275 1 0.6 0.6 0.6 1 0.6588235 0.6588235 0.6588235 1 0.8156863 0.8156863 0.8156863 1 0.6588235 0.6588235 0.6588235 1 0.8235294 0.8235294 0.8235294 1 0.8235294 0.8235294 0.8235294 1 0.7607843 0.7607843 0.7607843 1 0.6588235 0.6588235 0.6588235 1 0.5843138 0.5843138 0.5843138 1 0.8235294 0.8235294 0.8235294 1 0.827451 0.827451 0.827451 1 0.7607843 0.7607843 0.7607843 1 0.8156863 0.8156863 0.8156863 1 0.7411765 0.7411765 0.7411765 1 0.7686275 0.7686275 0.7686275 1 0.8235294 0.8235294 0.8235294 1 0.7647059 0.7647059 0.7647059 1 0.6078432 0.6078432 0.6078432 1 0.6156863 0.6156863 0.6156863 1 0.7647059 0.7647059 0.7647059 1 0.8313726 0.8313726 0.8313726 1 0.6156863 0.6156863 0.6156863 1 0.5647059 0.5647059 0.5647059 1 0.6078432 0.6078432 0.6078432 1 0.3960784 0.3960784 0.3960784 1 0.8235294 0.8235294 0.8235294 1 0.7764706 0.7764706 0.7764706 1 0.5647059 0.5647059 0.5647059 1 0.8313726 0.8313726 0.8313726 1 0.6627451 0.6627451 0.6627451 1 0.8431373 0.8431373 0.8431373 1 0.8431373 0.8431373 0.8431373 1 0.7843137 0.7843137 0.7843137 1 0.6627451 0.6627451 0.6627451 1 0.6784314 0.6784314 0.6784314 1 0.6784314 0.6784314 0.6784314 1 0.7843137 0.7843137 0.7843137 1 0.3960784 0.3960784 0.3960784 1 0.7764706 0.7764706 0.7764706 1 0.7843137 0.7843137 0.7843137 1 0.8235294 0.8235294 0.8235294 1 0.8431373 0.8431373 0.8431373 1 0.8313726 0.8313726 0.8313726 1 0.7647059 0.7647059 0.7647059 1 0.7098039 0.7098039 0.7098039 1 0.8 0.8 0.8 1 0.5607843 0.5607843 0.5607843 1 0.6117647 0.6117647 0.6117647 1 0.7333333 0.7333333 0.7333333 1 0.3960784 0.3960784 0.3960784 1 0.7529412 0.7529412 0.7529412 1 0.6431373 0.6431373 0.6431373 1 0.5607843 0.5607843 0.5607843 1 0.4352941 0.4352941 0.4352941 1 0.7098039 0.7098039 0.7098039 1 0.7803922 0.7803922 0.7803922 1 0.3960784 0.3960784 0.3960784 1 0.7333333 0.7333333 0.7333333 1 0.4352941 0.4352941 0.4352941 1 0.6117647 0.6117647 0.6117647 1 0.8 0.8 0.8 1 0.6509804 0.6509804 0.6509804 1 0.8117647 0.8117647 0.8117647 1 0.8117647 0.8117647 0.8117647 1 0.7529412 0.7529412 0.7529412 1 0.6509804 0.6509804 0.6509804 1 0.6431373 0.6431373 0.6431373 1 0.8117647 0.8117647 0.8117647 1 0.7803922 0.7803922 0.7803922 1 0.7529412 0.7529412 0.7529412 1 0.8 0.8 0.8 1 0.7333333 0.7333333 0.7333333 1 0.7098039 0.7098039 0.7098039 1 0.8509804 0.8509804 0.8509804 1 0.7607843 0.7607843 0.7607843 1 0.6 0.6 0.6 1 0.6196079 0.6196079 0.6196079 1 0.7607843 0.7607843 0.7607843 1 0.8313726 0.8313726 0.8313726 1 0.6196079 0.6196079 0.6196079 1 0.6705883 0.6705883 0.6705883 1 0.6 0.6 0.6 1 0.3960784 0.3960784 0.3960784 1 0.8509804 0.8509804 0.8509804 1 0.7764706 0.7764706 0.7764706 1 0.6705883 0.6705883 0.6705883 1 0.8313726 0.8313726 0.8313726 1 0.6784314 0.6784314 0.6784314 1 0.8313726 0.8313726 0.8313726 1 0.8313726 0.8313726 0.8313726 1 0.772549 0.772549 0.772549 1 0.6784314 0.6784314 0.6784314 1 0.6588235 0.6588235 0.6588235 1 0.6588235 0.6588235 0.6588235 1 0.772549 0.772549 0.772549 1 0.3960784 0.3960784 0.3960784 1 0.7764706 0.7764706 0.7764706 1 0.772549 0.772549 0.772549 1 0.8509804 0.8509804 0.8509804 1 0.8313726 0.8313726 0.8313726 1 0.8313726 0.8313726 0.8313726 1 0.7607843 0.7607843 0.7607843 1 0.8705882 0.8705882 0.8705882 1 0.7843137 0.7843137 0.7843137 1 0.7137255 0.7137255 0.7137255 1 0.654902 0.654902 0.654902 1 0.7843137 0.7843137 0.7843137 1 0.8431373 0.8431373 0.8431373 1 0.654902 0.654902 0.654902 1 0.6784314 0.6784314 0.6784314 1 0.7137255 0.7137255 0.7137255 1 0.3960784 0.3960784 0.3960784 1 0.8705882 0.8705882 0.8705882 1 0.8196079 0.8196079 0.8196079 1 0.6784314 0.6784314 0.6784314 1 0.8431373 0.8431373 0.8431373 1 0.6705883 0.6705883 0.6705883 1 0.8470588 0.8470588 0.8470588 1 0.8470588 0.8470588 0.8470588 1 0.7960784 0.7960784 0.7960784 1 0.6705883 0.6705883 0.6705883 1 0.7098039 0.7098039 0.7098039 1 0.7098039 0.7098039 0.7098039 1 0.7960784 0.7960784 0.7960784 1 0.3960784 0.3960784 0.3960784 1 0.8196079 0.8196079 0.8196079 1 0.7960784 0.7960784 0.7960784 1 0.8705882 0.8705882 0.8705882 1 0.8470588 0.8470588 0.8470588 1 0.8431373 0.8431373 0.8431373 1 0.7843137 0.7843137 0.7843137 1 0.7647059 0.7647059 0.7647059 1 0.8235294 0.8235294 0.8235294 1 0.6431373 0.6431373 0.6431373 1 0.654902 0.654902 0.654902 1 0.7882353 0.7882353 0.7882353 1 0.3960784 0.3960784 0.3960784 1 0.772549 0.772549 0.772549 1 0.654902 0.654902 0.654902 1 0.6431373 0.6431373 0.6431373 1 0.6627451 0.6627451 0.6627451 1 0.7647059 0.7647059 0.7647059 1 0.8588235 0.8588235 0.8588235 1 0.3960784 0.3960784 0.3960784 1 0.7882353 0.7882353 0.7882353 1 0.6627451 0.6627451 0.6627451 1 0.654902 0.654902 0.654902 1 0.8235294 0.8235294 0.8235294 1 0.654902 0.654902 0.654902 1 0.827451 0.827451 0.827451 1 0.827451 0.827451 0.827451 1 0.772549 0.772549 0.772549 1 0.654902 0.654902 0.654902 1 0.654902 0.654902 0.654902 1 0.827451 0.827451 0.827451 1 0.8235294 0.8235294 0.8235294 1 0.8588235 0.8588235 0.8588235 1 0.772549 0.772549 0.772549 1 0.7647059 0.7647059 0.7647059 1 0.7882353 0.7882353 0.7882353 1 0.7529412 0.7529412 0.7529412 1 0.8 0.8 0.8 1 0.5843138 0.5843138 0.5843138 1 0.5607843 0.5607843 0.5607843 1 0.772549 0.772549 0.772549 1 0.3960784 0.3960784 0.3960784 1 0.7529412 0.7529412 0.7529412 1 0.6196079 0.6196079 0.6196079 1 0.5843138 0.5843138 0.5843138 1 0.6039216 0.6039216 0.6039216 1 0.7529412 0.7529412 0.7529412 1 0.8470588 0.8470588 0.8470588 1 0.6039216 0.6039216 0.6039216 1 0.3960784 0.3960784 0.3960784 1 0.772549 0.772549 0.772549 1 0.5607843 0.5607843 0.5607843 1 0.8 0.8 0.8 1 0.6196079 0.6196079 0.6196079 1 0.8078431 0.8078431 0.8078431 1 0.8078431 0.8078431 0.8078431 1 0.7529412 0.7529412 0.7529412 1 0.6196079 0.6196079 0.6196079 1 0.6196079 0.6196079 0.6196079 1 0.8078431 0.8078431 0.8078431 1 0.8 0.8 0.8 1 0.8470588 0.8470588 0.8470588 1 0.7529412 0.7529412 0.7529412 1 0.7529412 0.7529412 0.7529412 1 0.772549 0.772549 0.772549 1 0.7686275 0.7686275 0.7686275 1 0.8235294 0.8235294 0.8235294 1 0.654902 0.654902 0.654902 1 0.6588235 0.6588235 0.6588235 1 0.7882353 0.7882353 0.7882353 1 0.3960784 0.3960784 0.3960784 1 0.7764706 0.7764706 0.7764706 1 0.6352941 0.6352941 0.6352941 1 0.654902 0.654902 0.654902 1 0.6666667 0.6666667 0.6666667 1 0.7686275 0.7686275 0.7686275 1 0.8627451 0.8627451 0.8627451 1 0.3960784 0.3960784 0.3960784 1 0.7882353 0.7882353 0.7882353 1 0.6666667 0.6666667 0.6666667 1 0.6588235 0.6588235 0.6588235 1 0.8235294 0.8235294 0.8235294 1 0.6509804 0.6509804 0.6509804 1 0.827451 0.827451 0.827451 1 0.827451 0.827451 0.827451 1 0.7764706 0.7764706 0.7764706 1 0.6509804 0.6509804 0.6509804 1 0.6352941 0.6352941 0.6352941 1 0.827451 0.827451 0.827451 1 0.8627451 0.8627451 0.8627451 1 0.7764706 0.7764706 0.7764706 1 0.8235294 0.8235294 0.8235294 1 0.7882353 0.7882353 0.7882353 1 0.7686275 0.7686275 0.7686275 1 0.7607843 0.7607843 0.7607843 1 0.8156863 0.8156863 0.8156863 1 0.6156863 0.6156863 0.6156863 1 0.6117647 0.6117647 0.6117647 1 0.7803922 0.7803922 0.7803922 1 0.3960784 0.3960784 0.3960784 1 0.7647059 0.7647059 0.7647059 1 0.6431373 0.6431373 0.6431373 1 0.6156863 0.6156863 0.6156863 1 0.6352941 0.6352941 0.6352941 1 0.7607843 0.7607843 0.7607843 1 0.8509804 0.8509804 0.8509804 1 0.6352941 0.6352941 0.6352941 1 0.3960784 0.3960784 0.3960784 1 0.7803922 0.7803922 0.7803922 1 0.6117647 0.6117647 0.6117647 1 0.8156863 0.8156863 0.8156863 1 0.6352941 0.6352941 0.6352941 1 0.8156863 0.8156863 0.8156863 1 0.8156863 0.8156863 0.8156863 1 0.7647059 0.7647059 0.7647059 1 0.6352941 0.6352941 0.6352941 1 0.6431373 0.6431373 0.6431373 1 0.8156863 0.8156863 0.8156863 1 0.8156863 0.8156863 0.8156863 1 0.8509804 0.8509804 0.8509804 1 0.7647059 0.7647059 0.7647059 1 0.7607843 0.7607843 0.7607843 1 0.7803922 0.7803922 0.7803922 1 0.8666667 0.8666667 0.8666667 1 0.772549 0.772549 0.772549 1 0.7019608 0.7019608 0.7019608 1 0.6431373 0.6431373 0.6431373 1 0.772549 0.772549 0.772549 1 0.827451 0.827451 0.827451 1 0.6431373 0.6431373 0.6431373 1 0.6627451 0.6627451 0.6627451 1 0.7019608 0.7019608 0.7019608 1 0.3960784 0.3960784 0.3960784 1 0.8666667 0.8666667 0.8666667 1 0.8156863 0.8156863 0.8156863 1 0.6627451 0.6627451 0.6627451 1 0.827451 0.827451 0.827451 1 0.6431373 0.6431373 0.6431373 1 0.8392157 0.8392157 0.8392157 1 0.8392157 0.8392157 0.8392157 1 0.7921569 0.7921569 0.7921569 1 0.6431373 0.6431373 0.6431373 1 0.6627451 0.6627451 0.6627451 1 0.6627451 0.6627451 0.6627451 1 0.7921569 0.7921569 0.7921569 1 0.3960784 0.3960784 0.3960784 1 0.8156863 0.8156863 0.8156863 1 0.7921569 0.7921569 0.7921569 1 0.8666667 0.8666667 0.8666667 1 0.8392157 0.8392157 0.8392157 1 0.827451 0.827451 0.827451 1 0.772549 0.772549 0.772549 1 0.7686275 0.7686275 0.7686275 1 0.8352941 0.8352941 0.8352941 1 0.6509804 0.6509804 0.6509804 1 0.6745098 0.6745098 0.6745098 1 0.7882353 0.7882353 0.7882353 1 0.3960784 0.3960784 0.3960784 1 0.7843137 0.7843137 0.7843137 1 0.6666667 0.6666667 0.6666667 1 0.6509804 0.6509804 0.6509804 1 0.6509804 0.6509804 0.6509804 1 0.7686275 0.7686275 0.7686275 1 0.8588235 0.8588235 0.8588235 1 0.6509804 0.6509804 0.6509804 1 0.3960784 0.3960784 0.3960784 1 0.7882353 0.7882353 0.7882353 1 0.6745098 0.6745098 0.6745098 1 0.8352941 0.8352941 0.8352941 1 0.6784314 0.6784314 0.6784314 1 0.8352941 0.8352941 0.8352941 1 0.8352941 0.8352941 0.8352941 1 0.7843137 0.7843137 0.7843137 1 0.6784314 0.6784314 0.6784314 1 0.6666667 0.6666667 0.6666667 1 0.8352941 0.8352941 0.8352941 1 0.8588235 0.8588235 0.8588235 1 0.7843137 0.7843137 0.7843137 1 0.8352941 0.8352941 0.8352941 1 0.7686275 0.7686275 0.7686275 1 0.7882353 0.7882353 0.7882353 1 0.7568628 0.7568628 0.7568628 1 0.8235294 0.8235294 0.8235294 1 0.6392157 0.6392157 0.6392157 1 0.6627451 0.6627451 0.6627451 1 0.7843137 0.7843137 0.7843137 1 0.3960784 0.3960784 0.3960784 1 0.7764706 0.7764706 0.7764706 1 0.6705883 0.6705883 0.6705883 1 0.6392157 0.6392157 0.6392157 1 0.654902 0.654902 0.654902 1 0.7568628 0.7568628 0.7568628 1 0.8509804 0.8509804 0.8509804 1 0.3960784 0.3960784 0.3960784 1 0.7843137 0.7843137 0.7843137 1 0.654902 0.654902 0.654902 1 0.6627451 0.6627451 0.6627451 1 0.8235294 0.8235294 0.8235294 1 0.6745098 0.6745098 0.6745098 1 0.827451 0.827451 0.827451 1 0.827451 0.827451 0.827451 1 0.7764706 0.7764706 0.7764706 1 0.6745098 0.6745098 0.6745098 1 0.6705883 0.6705883 0.6705883 1 0.827451 0.827451 0.827451 1 0.8235294 0.8235294 0.8235294 1 0.8509804 0.8509804 0.8509804 1 0.7764706 0.7764706 0.7764706 1 0.7568628 0.7568628 0.7568628 1 0.7843137 0.7843137 0.7843137 1 0.7686275 0.7686275 0.7686275 1 0.8313726 0.8313726 0.8313726 1 0.6588235 0.6588235 0.6588235 1 0.6784314 0.6784314 0.6784314 1 0.7882353 0.7882353 0.7882353 1 0.3960784 0.3960784 0.3960784 1 0.7764706 0.7764706 0.7764706 1 0.6666667 0.6666667 0.6666667 1 0.6588235 0.6588235 0.6588235 1 0.6666667 0.6666667 0.6666667 1 0.7686275 0.7686275 0.7686275 1 0.8588235 0.8588235 0.8588235 1 0.3960784 0.3960784 0.3960784 1 0.7882353 0.7882353 0.7882353 1 0.6666667 0.6666667 0.6666667 1 0.6784314 0.6784314 0.6784314 1 0.8313726 0.8313726 0.8313726 1 0.6784314 0.6784314 0.6784314 1 0.8313726 0.8313726 0.8313726 1 0.8313726 0.8313726 0.8313726 1 0.7764706 0.7764706 0.7764706 1 0.6784314 0.6784314 0.6784314 1 0.6666667 0.6666667 0.6666667 1 0.8313726 0.8313726 0.8313726 1 0.8588235 0.8588235 0.8588235 1 0.7764706 0.7764706 0.7764706 1 0.8313726 0.8313726 0.8313726 1 0.7686275 0.7686275 0.7686275 1 0.7882353 0.7882353 0.7882353 1 0.8666667 0.8666667 0.8666667 1 0.7803922 0.7803922 0.7803922 1 0.7137255 0.7137255 0.7137255 1 0.6705883 0.6705883 0.6705883 1 0.7803922 0.7803922 0.7803922 1 0.8392157 0.8392157 0.8392157 1 0.6705883 0.6705883 0.6705883 1 0.7058824 0.7058824 0.7058824 1 0.7137255 0.7137255 0.7137255 1 0.3960784 0.3960784 0.3960784 1 0.8666667 0.8666667 0.8666667 1 0.8156863 0.8156863 0.8156863 1 0.7058824 0.7058824 0.7058824 1 0.8392157 0.8392157 0.8392157 1 0.6941177 0.6941177 0.6941177 1 0.8470588 0.8470588 0.8470588 1 0.8470588 0.8470588 0.8470588 1 0.7960784 0.7960784 0.7960784 1 0.6941177 0.6941177 0.6941177 1 0.7176471 0.7176471 0.7176471 1 0.7176471 0.7176471 0.7176471 1 0.7960784 0.7960784 0.7960784 1 0.3960784 0.3960784 0.3960784 1 0.8156863 0.8156863 0.8156863 1 0.7960784 0.7960784 0.7960784 1 0.8666667 0.8666667 0.8666667 1 0.8470588 0.8470588 0.8470588 1 0.8392157 0.8392157 0.8392157 1 0.7803922 0.7803922 0.7803922 1 0.8627451 0.8627451 0.8627451 1 0.7803922 0.7803922 0.7803922 1 0.7098039 0.7098039 0.7098039 1 0.6705883 0.6705883 0.6705883 1 0.7803922 0.7803922 0.7803922 1 0.8431373 0.8431373 0.8431373 1 0.6705883 0.6705883 0.6705883 1 0.7137255 0.7137255 0.7137255 1 0.7098039 0.7098039 0.7098039 1 0.3960784 0.3960784 0.3960784 1 0.8627451 0.8627451 0.8627451 1 0.8117647 0.8117647 0.8117647 1 0.7137255 0.7137255 0.7137255 1 0.8431373 0.8431373 0.8431373 1 0.6980392 0.6980392 0.6980392 1 0.8509804 0.8509804 0.8509804 1 0.8509804 0.8509804 0.8509804 1 0.7960784 0.7960784 0.7960784 1 0.6980392 0.6980392 0.6980392 1 0.7176471 0.7176471 0.7176471 1 0.7176471 0.7176471 0.7176471 1 0.7960784 0.7960784 0.7960784 1 0.3960784 0.3960784 0.3960784 1 0.8117647 0.8117647 0.8117647 1 0.7960784 0.7960784 0.7960784 1 0.8627451 0.8627451 0.8627451 1 0.8509804 0.8509804 0.8509804 1 0.8431373 0.8431373 0.8431373 1 0.7803922 0.7803922 0.7803922 1 0.8588235 0.8588235 0.8588235 1 0.7764706 0.7764706 0.7764706 1 0.7019608 0.7019608 0.7019608 1 0.6627451 0.6627451 0.6627451 1 0.7764706 0.7764706 0.7764706 1 0.8392157 0.8392157 0.8392157 1 0.6627451 0.6627451 0.6627451 1 0.7098039 0.7098039 0.7098039 1 0.7019608 0.7019608 0.7019608 1 0.3960784 0.3960784 0.3960784 1 0.8588235 0.8588235 0.8588235 1 0.8078431 0.8078431 0.8078431 1 0.7098039 0.7098039 0.7098039 1 0.8392157 0.8392157 0.8392157 1 0.6941177 0.6941177 0.6941177 1 0.8470588 0.8470588 0.8470588 1 0.8470588 0.8470588 0.8470588 1 0.7921569 0.7921569 0.7921569 1 0.6941177 0.6941177 0.6941177 1 0.7176471 0.7176471 0.7176471 1 0.7176471 0.7176471 0.7176471 1 0.7921569 0.7921569 0.7921569 1 0.3960784 0.3960784 0.3960784 1 0.8078431 0.8078431 0.8078431 1 0.7921569 0.7921569 0.7921569 1 0.8588235 0.8588235 0.8588235 1 0.8470588 0.8470588 0.8470588 1 0.8392157 0.8392157 0.8392157 1 0.7764706 0.7764706 0.7764706 1 0.7686275 0.7686275 0.7686275 1 0.8313726 0.8313726 0.8313726 1 0.6588235 0.6588235 0.6588235 1 0.6784314 0.6784314 0.6784314 1 0.7843137 0.7843137 0.7843137 1 0.3960784 0.3960784 0.3960784 1 0.7764706 0.7764706 0.7764706 1 0.6666667 0.6666667 0.6666667 1 0.6588235 0.6588235 0.6588235 1 0.6627451 0.6627451 0.6627451 1 0.7686275 0.7686275 0.7686275 1 0.8588235 0.8588235 0.8588235 1 0.6627451 0.6627451 0.6627451 1 0.3960784 0.3960784 0.3960784 1 0.7843137 0.7843137 0.7843137 1 0.6784314 0.6784314 0.6784314 1 0.8313726 0.8313726 0.8313726 1 0.682353 0.682353 0.682353 1 0.8313726 0.8313726 0.8313726 1 0.8313726 0.8313726 0.8313726 1 0.7764706 0.7764706 0.7764706 1 0.682353 0.682353 0.682353 1 0.6666667 0.6666667 0.6666667 1 0.8313726 0.8313726 0.8313726 1 0.8313726 0.8313726 0.8313726 1 0.8588235 0.8588235 0.8588235 1 0.7764706 0.7764706 0.7764706 1 0.7686275 0.7686275 0.7686275 1 0.7843137 0.7843137 0.7843137 1 0.8627451 0.8627451 0.8627451 1 0.7764706 0.7764706 0.7764706 1 0.7137255 0.7137255 0.7137255 1 0.6627451 0.6627451 0.6627451 1 0.7764706 0.7764706 0.7764706 1 0.8352941 0.8352941 0.8352941 1 0.6627451 0.6627451 0.6627451 1 0.6980392 0.6980392 0.6980392 1 0.7137255 0.7137255 0.7137255 1 0.3960784 0.3960784 0.3960784 1 0.8627451 0.8627451 0.8627451 1 0.8156863 0.8156863 0.8156863 1 0.6980392 0.6980392 0.6980392 1 0.8352941 0.8352941 0.8352941 1 0.6862745 0.6862745 0.6862745 1 0.8431373 0.8431373 0.8431373 1 0.8431373 0.8431373 0.8431373 1 0.7921569 0.7921569 0.7921569 1 0.6862745 0.6862745 0.6862745 1 0.7137255 0.7137255 0.7137255 1 0.7137255 0.7137255 0.7137255 1 0.7921569 0.7921569 0.7921569 1 0.3960784 0.3960784 0.3960784 1 0.8156863 0.8156863 0.8156863 1 0.7921569 0.7921569 0.7921569 1 0.8627451 0.8627451 0.8627451 1 0.8431373 0.8431373 0.8431373 1 0.8352941 0.8352941 0.8352941 1 0.7764706 0.7764706 0.7764706 1 0.7647059 0.7647059 0.7647059 1 0.827451 0.827451 0.827451 1 0.654902 0.654902 0.654902 1 0.6705883 0.6705883 0.6705883 1 0.7882353 0.7882353 0.7882353 1 0.3960784 0.3960784 0.3960784 1 0.7764706 0.7764706 0.7764706 1 0.6666667 0.6666667 0.6666667 1 0.654902 0.654902 0.654902 1 0.6666667 0.6666667 0.6666667 1 0.7647059 0.7647059 0.7647059 1 0.8588235 0.8588235 0.8588235 1 0.6666667 0.6666667 0.6666667 1 0.3960784 0.3960784 0.3960784 1 0.7882353 0.7882353 0.7882353 1 0.6705883 0.6705883 0.6705883 1 0.827451 0.827451 0.827451 1 0.6745098 0.6745098 0.6745098 1 0.827451 0.827451 0.827451 1 0.827451 0.827451 0.827451 1 0.7764706 0.7764706 0.7764706 1 0.6745098 0.6745098 0.6745098 1 0.6666667 0.6666667 0.6666667 1 0.827451 0.827451 0.827451 1 0.827451 0.827451 0.827451 1 0.8588235 0.8588235 0.8588235 1 0.7764706 0.7764706 0.7764706 1 0.7647059 0.7647059 0.7647059 1 0.7882353 0.7882353 0.7882353 1 0.7647059 0.7647059 0.7647059 1 0.827451 0.827451 0.827451 1 0.654902 0.654902 0.654902 1 0.6705883 0.6705883 0.6705883 1 0.7882353 0.7882353 0.7882353 1 0.3960784 0.3960784 0.3960784 1 0.7764706 0.7764706 0.7764706 1 0.6588235 0.6588235 0.6588235 1 0.654902 0.654902 0.654902 1 0.6627451 0.6627451 0.6627451 1 0.7647059 0.7647059 0.7647059 1 0.8588235 0.8588235 0.8588235 1 0.6627451 0.6627451 0.6627451 1 0.3960784 0.3960784 0.3960784 1 0.7882353 0.7882353 0.7882353 1 0.6705883 0.6705883 0.6705883 1 0.827451 0.827451 0.827451 1 0.6705883 0.6705883 0.6705883 1 0.827451 0.827451 0.827451 1 0.827451 0.827451 0.827451 1 0.7764706 0.7764706 0.7764706 1 0.6705883 0.6705883 0.6705883 1 0.6588235 0.6588235 0.6588235 1 0.827451 0.827451 0.827451 1 0.827451 0.827451 0.827451 1 0.8588235 0.8588235 0.8588235 1 0.7764706 0.7764706 0.7764706 1 0.7647059 0.7647059 0.7647059 1 0.7882353 0.7882353 0.7882353 1 0.7568628 0.7568628 0.7568628 1 0.8196079 0.8196079 0.8196079 1 0.6392157 0.6392157 0.6392157 1 0.6627451 0.6627451 0.6627451 1 0.7843137 0.7843137 0.7843137 1 0.3960784 0.3960784 0.3960784 1 0.7764706 0.7764706 0.7764706 1 0.6666667 0.6666667 0.6666667 1 0.6392157 0.6392157 0.6392157 1 0.6509804 0.6509804 0.6509804 1 0.7568628 0.7568628 0.7568628 1 0.8509804 0.8509804 0.8509804 1 0.3960784 0.3960784 0.3960784 1 0.7843137 0.7843137 0.7843137 1 0.6509804 0.6509804 0.6509804 1 0.6627451 0.6627451 0.6627451 1 0.8196079 0.8196079 0.8196079 1 0.6705883 0.6705883 0.6705883 1 0.8235294 0.8235294 0.8235294 1 0.8235294 0.8235294 0.8235294 1 0.7764706 0.7764706 0.7764706 1 0.6705883 0.6705883 0.6705883 1 0.6666667 0.6666667 0.6666667 1 0.8235294 0.8235294 0.8235294 1 0.8509804 0.8509804 0.8509804 1 0.7764706 0.7764706 0.7764706 1 0.8196079 0.8196079 0.8196079 1 0.7843137 0.7843137 0.7843137 1 0.7568628 0.7568628 0.7568628 1 0.7568628 0.7568628 0.7568628 1 0.8196079 0.8196079 0.8196079 1 0.6392157 0.6392157 0.6392157 1 0.6588235 0.6588235 0.6588235 1 0.7843137 0.7843137 0.7843137 1 0.3960784 0.3960784 0.3960784 1 0.7764706 0.7764706 0.7764706 1 0.6666667 0.6666667 0.6666667 1 0.6392157 0.6392157 0.6392157 1 0.6588235 0.6588235 0.6588235 1 0.7568628 0.7568628 0.7568628 1 0.854902 0.854902 0.854902 1 0.6588235 0.6588235 0.6588235 1 0.3960784 0.3960784 0.3960784 1 0.7843137 0.7843137 0.7843137 1 0.6588235 0.6588235 0.6588235 1 0.8196079 0.8196079 0.8196079 1 0.6705883 0.6705883 0.6705883 1 0.8235294 0.8235294 0.8235294 1 0.8235294 0.8235294 0.8235294 1 0.7764706 0.7764706 0.7764706 1 0.6705883 0.6705883 0.6705883 1 0.6666667 0.6666667 0.6666667 1 0.8235294 0.8235294 0.8235294 1 0.8196079 0.8196079 0.8196079 1 0.854902 0.854902 0.854902 1 0.7764706 0.7764706 0.7764706 1 0.7568628 0.7568628 0.7568628 1 0.7843137 0.7843137 0.7843137 1 0.8705882 0.8705882 0.8705882 1 0.7803922 0.7803922 0.7803922 1 0.7098039 0.7098039 0.7098039 1 0.654902 0.654902 0.654902 1 0.7803922 0.7803922 0.7803922 1 0.8392157 0.8392157 0.8392157 1 0.654902 0.654902 0.654902 1 0.6980392 0.6980392 0.6980392 1 0.7098039 0.7098039 0.7098039 1 0.3960784 0.3960784 0.3960784 1 0.8705882 0.8705882 0.8705882 1 0.8196079 0.8196079 0.8196079 1 0.6980392 0.6980392 0.6980392 1 0.8392157 0.8392157 0.8392157 1 0.6862745 0.6862745 0.6862745 1 0.8509804 0.8509804 0.8509804 1 0.8509804 0.8509804 0.8509804 1 0.7960784 0.7960784 0.7960784 1 0.6862745 0.6862745 0.6862745 1 0.7176471 0.7176471 0.7176471 1 0.7176471 0.7176471 0.7176471 1 0.7960784 0.7960784 0.7960784 1 0.3960784 0.3960784 0.3960784 1 0.8196079 0.8196079 0.8196079 1 0.7960784 0.7960784 0.7960784 1 0.8705882 0.8705882 0.8705882 1 0.8509804 0.8509804 0.8509804 1 0.8392157 0.8392157 0.8392157 1 0.7803922 0.7803922 0.7803922 1 1 1 1 1 1 1 1 1 1 1 1 1 1 1 1 1 1 1 1 1 1 1 1 1 1 1 1 1 1 1 1 1 1 1 1 1 1 1 1 1 1 1 1 1 1 1 1 1 1 1 1 1 1 1 1 1 1 1 1 1 1 1 1 1 1 1 1 1 1 1 1 1 1 1 1 1 1 1 1 1 1 1 1 1 1 1 1 1 1 1 1 1 1 1 1 1 1 1 1 1 1 1 1 1 1 1 1 1 1 1 1 1 1 1 1 1 1 1 1 1 1 1 1 1 1 1 1 1 1 1 1 1 1 1 1 1 1 1 1 1 1 1 1 1 1 1 1 1 1 1 1 1 1 1 1 1 1 1 1 1 1 1 1 1 1 1 1 1 1 1 1 1 1 1 1 1 1 1 1 1 1 1 1 1 1 1 1 1 1 1 1 1 1 1 1 1 1 1 1 1 1 1 1 1 1 1 1 1 1 1 1 1 1 1 1 1 1 1 1 1 1 1 1 1 1 1 1 1 1 1 1 1 1 1 1 1 1 1 1 1 1 1 1 1 1 1 1 1 1 1 1 1 1 1 1 1 1 1 1 1 1 1 1 1 1 1 1 1 1 1 1 1 1 1 1 1 1 1 1 1 1 1 1 1 1 1 1 1 1 1 1 1 1 1 1 1 1 1 1 1 1 1 1 1 1 1 1 1 1 1 1 1 1 1 1 1 1 1 1 1 1 1 1 1 1 1 1 1 1 1 1 1 1 1 1 1 1 1 1 1 1 1 1 1 1 1 1 1 1 1 1 1 1 1 1 1 1 1 1 1 1 1 1 1 1 1 1 1 1 1 1 1 1 1 1 1 1 1 1 1 1 1 1 1 1 1 1 1 1 1 1 1 1 1 1 1 1 1 1 1 1 1 1 1 1 1 1 1 1 1 1 1 1 1 1 1 1 1 1 1 1 1 1 1 1 1 1 1 1 1 1 1 1 1 1 1 1 1 1 1 1 1 1 1 1 1 1 1 1 1 1 1 1 1 1 1 1 1 1 1 1 1 1 1 1 1 1 1 1 1 1 1 1 1 1 1 1 1 1 1 1 1 1 1 1 1 1 1 1 1 1 1 1 1 1 1 1 1 1 1 1 1 1 1 1 1 1 1 1 1 1 1 1 1 1 1 1 1 1 1 1 1 1 1 1 1 1 1 1 1 1 1 1 1 1 1 1 1 1 1 1 1 1 1 1 1 1 1 1 1 1 1 1 1 1 1 1 1 1 1 1 1 1 1 1 1 1 1 1 1 1 1 1 1 1 1 1 1 1 1 1 1 1 1 1 1 1 1 1 1 1 1 1 1 1 1 1 1 1 1 1 1 1 1 1 1 1 1 1 1 1 1 1 1 1 1 1 1 1 1 1 1 1 1 1 1 1 1 1 1 1 1 1 1 1 1 1 1 1 1 1 1 1 1 1 1 1 1 1 1 1 1 1 1 1 1 1 1 1 1 1 1 1 1 1 1 1 1 1 1 1 1 1 1 1 1 1 1 1 1 1 1 1 1 1 1 1 1 1 1 1 1 1 1 1 1 1 1 1 1 1 1 1 1 1 1 1 1 1 1 1 1 1 1 1 1 1 1 1 1 1 1 1 1 1 1 1 1 1 1 1 1 1 1 1 1 1 1 1 1 1 1 1 1 1 1 1 1 1 1 1 1 1 1 1 1 1 1 1 1 1 1 1 1 1 1 1 1 1 1 1 1 1 1 1 1 1 1 1 1 1 1 1 1 1 1 1 1 1 1 1 1 1 1 1 1 1 1 1 1 1 1 1 1 1 1 1 1 1 1 1 1 1 1 1 1 1 1 1 1 1 1 1 1 1 1 1 1 1 1 1 1 1 1 1 1 1 1 1 1 1 1 1 1 1 1 1 1 1 1 1 1 1 1 1 1 1 1 1 1 1 1 1 1 1 1 1 1 1 1 1 1 1 1 1 1 1 1 1 1 1 1 1 1 1 1 1 1 1 1 1 1 1 1 1 1 1 1 1 1 1 1 1 1 1 1 1 1 1 1 1 1 1 1 1 1 1 1 1 1 1 1 1 1 1 1 1 1 1 1 1 1 1 1 1 1 1 1 1 1 1 1 1 1 1 1 1 1 1 1 1 1 1 1 1 1 1 1 1 1 1 1 1 1 1 1 1 1 1 1 1 1 1 1 1 1 1 1 1 1 1 1 1 1 1 1 1 1 1 1 1 1 1 1 1 1 1 1 1 1 1 1 1 1 1 1 1 1 1 1 1 1 1 1 1 1 1 1 1 1 1 1 1 1 1 1 1 1 1 1 1 1 1 1 1 1 1 1 1 1 1 1 1 1 1 1 1 1 1 1 1 1 1 1 1 1 1 1 1 1 1 1 1 1 1 1 1 1 1 1 1 1 1 1 1 1 1 1 1 1 1 1 1 1 1 1 1 1 1 1 1 1 1 1 1 1 1 1 1 1 1 1 1 1 1 1 1 1 1 1 1 1 1 1 1 1 1 1 1 1 1 1 1 1 1 1 1 1 1 1 1 1 1 1 1 1 1 1 1 1 1 1 1 1 1 1 1 1 1 1 1 1 1 1 1 1 1 1 1 1 1 1 1 1 1 1 1 1 1 1 1 1 1 1 1 1 1 1 1 1 1 1 1 1 1 1 1 1 1 1 1 1 1 1 1 1 1 1 1 1 1 1 1 1 1 1 1 1 1 1 1 1 1 1 1 1 1 1 1 1 1 1 1 1 1 1 1 1 1 1 1 1 1 1 1 1 1 1 1 1 1 1 1 1 1 1 1 1 1 1 1 1 1 1 1 1 1 1 1 1 1 1 1 1 1 1 1 1 1 1 1 1 1 1 1 1 1 1 1 1 1 1 1 1 1 1 1 1 1 1 1 1 1 1 1 1 1 1 1 1 1 1 1 1 1 1 1 1 1 1 1 1 1 1 1 1 1 1 1 1 1 1 1 1 1 1 1 1 1 1 1 1 1 1 1 1 1 1 1 1 1 1 1 1 1 1 1 1 1 1 1 1 1 1 1 1 1 1 1 1 1 1 1 1 1 1 1 1 1 1 1 1 1 1 1 1 1 1 1 1 1 1 1 1 1 1 1 1 1 1 1 1 1 1 1 1 1 1 1 1 1 1 1 1 1 1 1 1 1 1 1 1 1 1 1 1 1 1 1 1 1 1 1 1 1 1 1 1 1 1 1 1 1 1 1 1 1 1 1 1 1 1 1 1 1 1 1 1 1 1 1 1 1 1 1 1 1 1 1 1 1 1 1 1 1 1 1 1 1 1 1 1 1 1 1 1 1 1 1 1 1 1 1 1 1 1 1 1 1 1 1 1 1 1 1 1 1 1 1 1 1 1 1 1 1 1 1 1 1 1 1 1 1 1 1 1 1 1 1 1 1 1 1 1 1 1 1 1 1 1 1 1 1 1 1 1 1 1 1 1 1 1 1 1 1 1 1 1 1 1 1 1 1 1 1 1 1 1 1 1 1 1 1 1 1 1 1 1 1 1 1 1 1 1 1 1 1 1 1 1 1 1 1 1 1 1 1 1 1 1 1 1 1 1 1 1 1 1 1 1 1 1 1 1 1 1 1 1 1 1 1 1 1 1 1 1 1 1 1 1 1 1 1 1 1 1 1 1 1 1 1 1 1 1 1 1 1 1 1 1 1 1 1 1 1 1 1 1 1 1 1 1 1 1 1 1 1 1 1 1 1 1 1 1 1 1 1 1 1 1 1 1 1 1 1 1 1 1 1 1 1 1 1 1 1 1 1 1 1 1 1 1 1 1 1 1 1 1 1 1 1 1 1 1 1 1 1 1 1 1 1 1 1 1 1 1 1 1 1 1 1 1 1 1 1 1 1 1 1 1 1 1 1 1 1 1 1 1 1 1 1 1 1 1 1 1 1 1 1 1 1 1 1 1 1 1 1 1 1 1 1 1 1 1 1 1 1 1 1 1 1 1 1 1 1 1 1 1 1 1 1 1 1 1 1 1 1 1 1 1 1 1 1 1 1 1 1 1 1 1 1 1 1 1 1 1 1 1 1 1 1 1 1 1 1 1 1 1 1 1 1 1 1 1 1 1 1 1 1 1 1 1 1 1 1 1 1 1 1 1 1 1 1 1 1 1 1 1 1 1 1 1 1 1 1 1 1 1 1 1 1 1 1 1 1 1 1 1 1 1 1 1 1 1 1 1 1 1 1 1 1 1 1 1 1 1 1 1 1 1 1 1 1 1 1 1 1 1 1 1 1 1 1 1 1 1 1 1 1 1 1 1 1 1 1 1 1 1 1 1 1 1 1 1 1 1 1 1 1 1 1 1 1 1 1 1 1 1 1 1 1 1 1 1 1 1 1 1 1 1 1 1 1 1 1 1 1 1 1 1 1 1 1 1 1 1 1 1 1 1 1 1 1 1 1 1 1 1 1 1 1 1 1 1 1 1 1 1 1 1 1 1 1 1 1 1 1 1 1 1 1 1 1 1 1 1 1 1 1 1 1 1 1 1 1 1 1 1 1 1 1 1 1 1 1 1 1 1 1 1 1 1 1 1 1 1 1 1 1 1 1 1 1 1 1 1 1 1 1 1 1 1 1 1 1 1 1 1 1 1 1 1 1 1 1 1 1 1 1 1 1 1 1 1 1 1 1 1 1 1 1 1 1 1 1 1 1 1 1 1 1 1 1 1 1 1 1 1 1 1 1 1 1 1 1 1 1 1 1 1 1 1 1 1 1 1 1 1 1 1 1 1 1 1 1 1 1 1 1 1 1 1 1 1 1 1 1 1 1 1 1 1 1 1 1 1 1 1 1 1 1 1 1 1 1 1 1 1 1 1 1 1 1 1 1 1 1 1 1 1 1 1 1 1 1 1 1 1 1 1 1 1 1 1 1 1 1 1 1 1 1 1 1 1 1 1 1 1 1 1 1 1 1 1 1 1 1 1 1 1 1 1 1 1 1 1 1 1 1 1 1 1 1 1 1 1 1 1 1 1 1 1 1 1 1 1 1 1 1 1 1 1 1 1 1 1 1 1 1 1 1 1 1 1 1 1 1 1 1 1 1 1 1 1 1 1 1 1 1 1 1 1 1 1 1 1 1 1 1 1 1 1 1 1 1 1 1 1 1 1 1 1 1 1 1 1 1 1 1 1 1 1 1 1 1 1 1 1 1 1 1 1 1 1 1 1 1 1 1 1 1 1 1 1 1 1 1 1 1 1 1 1 1 1 1 1 1 1 1 1 1 1 1 1 1 1 1 1 1 1 1 1 1 1 1 1 1 1 1 1 1 1 1 1 1 1 1 1 1 1 1 1 1 1 1 1 1 1 1 1 1 1 1 1 1 1 1 1 1 1 1 1 1 1 1 1 1 1 1 1 1 1 1 1 1 1 1 1 1 1 1 1 1 1 1 1 1 1 1 1 1 1 1 1 1 1 1 1 1 1 1 1 1 1 1 1 1 1 1 1 1 1 1 1 1 1 1 1 1 1 1 1 1 1 1 1 1 1 1 1 1 1 1 1 1 1 1 1 1 1 1 1 1 1 1 1 1 1 1 1 1 1 1 1 1 1 1 1 1 1 1 1 1 1 1 1 1 1 1 1 1 1 1 1 1 1 1 1 1 1 1 1 1 1 1 1 1 1 1 1 1 1 1 1 1 1 1 1 1 1 1 1 1 1 1 1 1 1 1 1 1 1 1 1 1 1 1 1 1 1 1 1 1 1 1 1 1 1 1 1 1 1 1 1 1 1 1 1 1 1 1 1 1 1 1 1 1 1 1 1 1 1 1 1 1 1 1 1 1 1 1 1 1 1 1 1 1 1 1 1 1 1 1 1 1 1 1 1 1 1 1 1 1 1 1 1 1 1 1 1 1 1 1 1 1 1 1 1 1 1 1 1 1 1 1 1 1 1 1 1 1 1 1 1 1 1 1 1 1 1 1 1 1 1 1 1 1 1 1 1 1 1 1 1 1 1 1 1 1 1 1 1 1 1 1 1 1 1 1 1 1 1 1 1 1 1 1 1 1 1 1 1 1 1 1 1 1 1 1 1 1 1 1 1 1 1 1 1 1 1 1 1 1 1 1 1 1 1 1 1 1 1 1 1 1 1 1 1 1 1 1 1 1 1 1 1 1 1 1 1 1 1 1 1 1 1 1 1 1 1 1 1 1 1 1 1 1 1 1 1 1 1 1 1 1 1 1 1 1 1 1 1 1 1 1 1 1 1 1 1 1 1 1 1 1 1 1 1 1 1 1 1 1 1 1 1 1 1 1 1 1 1 1 1 1 1 1 1 1 1 1 1 1 1 1 1 1 1 1 1 1 1 1 1 1 1 1 1 1 1 1 1 1 1 1 1 1 1 1 1 1 1 1 1 1 1 1 1 1 1 1 1 1 1 1 1 1 1 1 1 1 1 1 1 1 1 1 1 1 1 1 1 1 1 1 1 1 1 1 1 1 1 1 1 1 1 1 1 1 1 1 1 1 1 1 1 1 1 1 1 1 1 1 1 1 1 1 1 1 1 1 1 1 1 1 1 1 1 1 1 1 1 1 1 1 1 1 1 1 1 1 1 1 1 1 1 1 1 1 1 1 1 1 1 1 1 1 1 1 1 1 1 1 1 1 1 1 1 1 1 1 1 1 1 1 1 1 1 1 1 1 1 1 1 1 1 1 1 1 1 1 1 1 1 1 1 1 1 1 1 1 1 1 1 1 1 1 1 1 1 1 1 1 1 1 1 1 1 1 1 1 1 1 1 1 1 1 1 1 1 1 1 1 1 1 1 1 1 1 1 1 1 1 1 1 1 1 1 1 1 1 1 1 1 1 1 1 1 1 1 1 1 1 1 1 1 1 1 1 1 1 1 1 1 1 1 1 1 1 1 1 1 1 1 1 1 1 1 1 1 1 1 1 1 1 1 1 1 1 1 1 1 1 1 1 1 1 1 1 1 1 1 1 1 1 1 1 1 1 1 1 1 1 1 1 1 1 1 1 1 1 1 1 1 1 1 1 1 1 1 1 1 1 1 1 1 1 1 1 1 1 1 1 1 1 1 1 1 1 1 1 1 1 1 1 1 1 1 1 1 1 1 1 1 1 1 1 1 1 1 1 1 1 1 1 1 1 1 1 1 1 1 1 1 1 1 1 1 1 1 1 1 1 1 1 1 1 1 1 1 1 1 1 1 1 1 1 1 1 1 1 1 1 1 1 1 1 1 1 1 1 1 1 1 1 1 1 1 1 1 1 1 1 1 1 1 1 1 1 1 1 1 1 1 1 1 1 1 1 1 1 1 1 1 1 1 1 1 1 1 1 1 1 1 1 1 1 1 1 1 1 1 1 1 1 1 1 1 1 1 1 1 1 1 1 1 1 1 1 1 1 1 1 1 1 1 1 1 1 1 1 1 1 1 1 1 1 1 1 1 1 1 1 1 1 1 1 1 1 1 1 1 1 1 1 1 1 1 1 1 1 1 1 1 1 1 1 1 1 1 1 1 1 1 1 1 1 1 1 1 1 1 1 1 1 1 1 1 1 1 1 1 1 1 1 1 1 1 1 1 1 1 1 1 1 1 1 1 1 1 1 1 1 1 1 1 1 1 1 1 1 1 1 1 1 1 1 1 1 1 1 1 1 1 1 1 1 1 1 1 1 1 1 1 1 1 1 1 1 1 1 1 1 1 1 1 1 1 1 1 1 1 1 1 1 1 1 1 1 1 1 1 1 1 1 1 1 1 1 1 1 1 1 1 1 1 1 1 1 1 1 1 1 1 1 1 1 1 1 1 1 1 1 1 1 1 1 1 1 1 1 1 1 1 1 1 1 1 1 1 1 1 1 1 1 1 1 1 1 1 1 1 1 1 1 1 1 1 1 1 1 1 1 1 1 1 1 1 1 1 1 1 1 1 1 1 1 1 1 1 1 1 1 1 1 1 1 1 1 1 1 1 1 1 1 1 1 1 1 1 1 1 1 1 1 1 1 1 1 1 1 1 1 1 1 1 1 1 1 1 1 1 1 1 1 1 1 1 1 1 1 1 1 1 1 1 1 1 1 1 1 1 1 1 1 1 1 1 1 1 1 1 1 1 1 1 1 1 1 1 1 1 1 1 1 1 1 1 1 1 1 1 1 1 1 1 1 1 1 1 1 1 1 1 1 1 1 1 1 1 1 1 1 1 1 1 1 1 1 1 1 1 1 1 1 1 1 1 1 1 1 1 1 1 1 1 1 1 1 1 1 1 1 1 1 1 1 1 1 1 1 1 1 1 1 1 1 1 1 1 1 1 1 1 1 1 1 1 1 1 1 1 1 1 1 1 1 1 1 1 1 1 1 1 1 1 1 1 1 1 1 1 1 1 1 1 1 1 1 1 1 1 1 1 1 1 1 1 1 1 1 1 1 1 1 1 1 1 1 1 1 1 1 1 1 1 1 1 1 1 1 1 1 1 1 1 1 1 1 1 1 1 1 1 1 1 1 1 1 1 1 1 1 1 1 1 1 1 1 1 1 1 1 1 1 1 1 1 1 1 1 1 1 1 1 1 1 1 1 1 1 1 1 1 1 1 1 1 1 1 1 1 1 1 1 1 1 1 1 1 1 1 1 1 1 1 1 1 1 1 1 1 1 1 1 1 1 1 1 1 1 1 1 1 1 1 1 1 1 1 1 1 1 1 1 1 1 1 1 1 1 1 1 1 1 1 1 1 1 1 1 1 1 1 1 1 1 1 1 1 1 1 1 1 1 1 1 1 1 1 1 1 1 1 1 1 1 1 1 1 1 1 1 1 1 1 1 1 1 1 1 1 1 1 1 1 1 1 1 1 1 1 1 1 1 1 1 1 1 1 1 1 1 1 1 1 1 1 1 1 1 1 1 1 1 1 1 1 1 1 1 1 1 1 1 1 1 1 1 1 1 1 1 1 1 1 1 1 1 1 1 1 1 1 1 1 1 1 1 1 1 1 1 1 1 1 1 1 1 1 1 1 1 1 1 1 1 1 1 1 1 1 1 1 1 1 1 1 1 1 1 1 1 1 1 1 1 1 1 1 1 1 1 1 1 1 1 1 1 1 1 1 1 1 1 1 1 1 1 1 1 1 1 1 1 1 1 1 1 1 1 1 1 1 1 1 1 1 1 1 1 1 1 1 1 1 1 1 1 1 1 1 1 1 1 1 1 1 1 1 1 1 1 1 1 1 1 1 1 1 1 1 1 1 1 1 1 1 1 1 1 1 1 1 1 1 1 1 1 1 1 1 1 1 1 1 1 1 1 1 1 1 1 1 1 1 1 1 1 1 1 1 1 1 1 1 1 1 1 1 1 1 1 1 1 1 1 1 1 1 1 1 1 1 1 1 1 1 1 1 1 1 1 1 1 1 1 1 1 1 1 1 1 1 1 1 1 1 1 1 1 1 1 1 1 1 1 1 1 1 1 1 1 1 1 1 1 1 1 1 1 1 1 1 1 1 1 1 1 1 1 1 1 1 1 1 1 1 1 1 1 1 1 1 1 1 1 1 1 1 1 1 1 1 1 1 1 1 1 1 1 1 1 1 1 1 1 1 1 1 1 1 1 1 1 1 1 1 1 1 1 1 1 1 1 1 1 1 1 1 1 1 1 1 1 1 1 1 1 1 1 1 1 1 1 1 1 1 1 1 1 1 1 1 1 1 1 1 1 1 1 1 1 1 1 1 1 1 1 1 1 1 1 1 1 1 1 1 1 1 1 1 1 1 1 1 1 1 1 1 1 1 1 1 1 1 1 1 1 1 1 1 1 1 1 1 1 1 1 1 1 1 1 1 1 1 1 1 1 1 1 1 1 1 1 1 1 1 1 1 1 1 1 1 1 1 1 1 1 1 1 1 1 1 1 1 1 1 1 1 1 1 1 1 1 1 1 1 1 1 1 1 1 1 1 1 1 1 1 1 1 1 1 1 1 1 1 1 1 1 1 1 1 1 1 1 1 1 1 1 1 1 1 1 1 1 1 1 1 1 1 1 1 1 1 1 1 1 1 1 1 1 1 1 1 1 1 1 1 1 1 1 1 1 1 1 1 1 1 1 1 1 1 1 1 1 1 1 1 1 1 1 1 1 1 1 1 1 1 1 1 1 1 1 1 1 1 1 1 1 1 1 1 1 1 1 1 1 1 1 1 1 1 1 1 1 1 1 1 1 1 1 1 1 1 1 1 1 1 1 1 1 1 1 1 1 1 1 1 1 1 1 1 1 1 1 1 1 1 1 1 1 1 1 1 1 1 1 1 1 1 1 1 1 1 1 1 1 1 1 1 1 1 1 1 1 1 1 1 1 1 1 1 1 1 1 1 1 1 1 1 1 1 1 1 1 1 1 1 1 1 1 1 1 1 1 1 1 1 1 1 1 1 1 1 1 1 1 1 1 1 1 1 1 1 1 1 1 1 1 1 1 1 1 1 1 1 1 1 1 1 1 1 1 1 1 1 1 1 1 1 1 1 1 1 1 1 1 1 1 1 1 1 1 1 1 1 1 1 1 1 1 1 1 1 1 1 1 1 1 1 1 1 1 1 1 1 1 1 1 1 1 1 1 1 1 1 1 1 1 1 1 1 1 1 1 1 1 1 1 1 1 1 1 1 1 1 1 1 1 1 1 1 1 1 1 1 1 1 1 1 1 1 1 1 1 1 1 1 1 1 1 1 1 1 1 1 1 1 1 1 1 1 1 1 1 1 1 1 1 1 1 1 1 1 1 1 1 1 1 1 1 1 1 1 1 1 1 1 1 1 1 1 1 1 1 1 1 1 1 1 1 1 1 1 1 1 1 1 1 1 1 1 1 1 1 1 1 1 1 1 1 1 1 1 1 1 1 1 1 1 1 1 1 1 1 1 1 1 1 1 1 1 1 1 1 1 1 1 1 1 1 1 1 1 1 1 1 1 1 1 1 1 1 1 1 1 1 1 1 1 1 1 1 1 1 1 1 1 1 1 1 1 1 1 1 1 1 1 1 1 1 1 1 1 1 1 1 1 1 1 1 1 1 1 1 1 1 1 1 1 1 1 1 1 1 1 1 1 1 1 1 1 1 1 1 1 1 1 1 1 1 1 1 1 1 1 1 1 1 1 1 1 1 1 1 1 1 1 1 1 1 1 1 1 1 1 1 1 1 1 1 1 1 1 1 1 1 1 1 1 1 1 1 1 1 1 1 1 1 1 1 1 1 1 1 1 1 1 1 1 1 1 1 1 1 1 1 1 1 1 1 1 1 1 1 1 1 1 1 1 1 1 1 1 1 1 1 1 1 1 1 1 1 1 1 1 1 1 1 1 1 1 1 1 1 1 1 1 1 1 1 1 1 1 1 1 1 1 1 1 1 1 1 1 1 1 1 1 1 1 1 1 1 1 1 1 1 1 1 1 1 1 1 1 1 1 1 1 1 1 1 1 1 1 1 1 1 1 1 1 1 1 1 1 1 1 1 1 1 1 1 1 1 1 1 1 1 1 1 1 1 1 1 1 1 1 1 1 1 1 1 1 1 1 1 1 1 1 1 1 1 1 1 1 1 1 1 1 1 1 1 1 1 1 1 1 1 1 1 1 1 1 1 1 1 1 1 1 1 1 1 1 1 1 1 1 1 1 1 1 1 1 1 1 1 1 1 1 1 1 1 1 1 1 1 1 1 1 1 1 1 1 1 1 1 1 1 1 1 1 1 1 1 1 1 1 1 1 1 1 1 1 1 1 1 1 1 1 1 1 1 1 1 1 1 1 1 1 1 1 1 1 1 1 1 1 1 1 1 1 1 1 1 1 1 1 1 1 1 1 1 1 1 1 1 1 1 1 1 1 1 1 1 1 1 1 1 1 1 1 1 1 1 1 1 1 1 1 1 1 1 1 1 1 1 1 1 1 1 1 1 1 1 1 1 1 1 1 1 1 1 1 1 1 1 1 1 1 1 1 1 1 1 1 1 1 1 1 1 1 1 1 1 1 1 1 1 1 1 1 1 1 1 1 1 1 1 1 1 1 1 1 1 1 1 1 1 1 1 1 1 1 1 1 1 1 1 1 1 1 1 1 1 1 1 1 1 1 1 1 1 1 1 1 1 1 1 1 1 1 1 1 1 1 1 1 1 1 1 1 1 1 1 1 1 1 1 1 1 1 1 1 1 1 1 1 1 1 1 1 1 1 1 1 1 1 1 1 1 1 1 1 1 1 1 1 1 1 1 1 1 1 1 1 1 1 1 1 1 1 1 1 1 1 1 1 1 1 1 1 1 1 1 1 1 1 1 1 1 1 1 1 1 1 1 1 1 1 1 1 1 1 1 1 1 1 1 1 1 1 1 1 1 1 1 1 1 1 1 1 1 1 1 1 1 1 1 1 1 1 1 1 1 1 1 1 1 1 1 1 1 1 1 1 1 1 1 1 1 1 1 1 1 1 1 1 1 1 1 1 1 1 1 1 1 1 1 1 1 1 1 1 1 1 1 1 1 1 1 1 1 1 1 1 1 1 1 1 1 1 1 1 1 1 1 1 1 1 1 1 1 1 1 1 1 1 1 1 1 1 1 1 1 1 1 1 1 1 1 1 1 1 1 1 1 1 1 1 1 1 1 1 1 1 1 1 1 1 1 1 1 1 1 1 1 1 1 1 1 1 1 1 1 1 1 1 1 1 1 1 1 1 1 1 1 1 1 1 1 1 1 1 1 1 1 1 1 1 1 1 1 1 1 1 1 1 1 1 1 1 1 1 1 1 1 1 1 1 1 1 1 1 1 1 1 1 1 1 1 1 1 1 1 1 1 1 1 1 1 1 1 1 1 1 1 1 1 1 1 1 1 1 1 1 1 1 1 1 1 1 1 1 1 1 1 1 1 1 1 1 1 1 1 1 1 1 1 1 1 1 1 1 1 1 1 1 1 1 1 1 1 1 1 1 1 1 1 1 1 1 1 1 1 1 1 1 1 1 1 1 1 1 1 1 1 1 1 1 1 1 1 1 1 1 1 1 1 1 1 1 1 1 1 1 1 1 1 1 1 1 1 1 1 1 1 1 1 1 1 1 1 1 1 1 1 1 1 1 1 1 1 1 1 1 1 1 1 1 1 1 1 1 1 1 1 1 1 1 1 1 1 1 1 1 1 1 1 1 1 1 1 1 1 1 1 1 1 1 1 1 1 1 1 1 1 1 1 1 1 1 1 1 1 1 1 1 1 1 1 1 1 1 1 1 1 1 1 1 1 1 1 1 1 1 1 1 1 1 1 1 1 1 1 1 1 1 1 1 1 1 1 1 1 1 1 1 1 1 1 1 1 1 1 1 1 1 1 1 1 1 1 1 1 1 1 1 1 1 1 1 1 1 1 1 1 1 1 1 1 1 1 1 1 1 1 1 1 1 1 1 1 1 1 1 1 1 1 1 1 1 1 1 1 1 1 1 1 1 1 1 1 1 1 1 1 1 1 1 1 1 1 1 1 1 1 1 1 1 1 1 1 1 1 1 1 1 1 1 1 1 1 1 1 1 1 1 1 1 1 1 1 1 1 1 1 1 1 1 1 1 1 1 1 1 1 1 1 1 1 1 1 1 1 1 1 1 1 1 1 1 1 1 1 1 1 1 1 1 1 1 1 1 1 1 1 1 1 1 1 1 1 1 1 1 1 1 1 1 1 1 1 1 1 1 1 1 1 1 1 1 1 1 1 1 1 1 1 1 1 1 1 1 1 1 1 1 1 1 1 1 1 1 1 1 1 1 1 1 1 1 1 1 1 1 1 1 1 1 1 1 1 1 1 1 1 1 1 1 1 1 1 1 1 1 1 1 1 1 1 1 1 1 1 1 1 1 1 1 1 1 1 1 1 1 1 1 1 1 1 1 1 1 1 1 1 1 1 1 1 1 1 1 1 1 1 1 1 1 1 1 1 1 1 1 1 1 1 1 1 1 1 1 1 1 1 1 1 1 1 1 1 1 1 1 1 1 1 1 1 1 1 1 1 1 1 1 1 1 1 1 1 1 1 1 1 1 1 1 1 1 1 1 1 1 1 1 1 1 1 1 1 1 1 1 1 1 1 1 1 1 1 1 1 1 1 1 1 1 1 1 1 1 1 1 1 1 1 1 1 1 1 1 1 1 1 1 1 1 1 1 1 1 1 1 1 1 1 1 1 1 1 1 1 1 1 1 1 1 1 1 1 1 1 1 1 1 1 1 1 1 1 1 1 1 1 1 1 1 1 1 1 1 1 1 1 1 1 1 1 1 1 1 1 1 1 1 1 1 1 1 1 1 1 1 1 1 1 1 1 1 1 1 1 1 1 1 1 1 1 1 1 1 1 1 1 1 1 1 1 1 1 1 1 1 1 1 1 1 1 1 1 1 1 1 1 1 1 1 1 1 1 1 1 1 1 1 1 1 1 1 1 1 1 1 1 1 1 1 1 1 1 1 1 1 1 1 1 1 1 1 1 1 1 1 1 1 1 1 1 1 1 1 1 1 1 1 1 1 1 1 1 1 1 1 1 1 1 1 1 1 1 1 1 1 1 1 1 1 1 1 1 1 1 1 1 1 1 1 1 1 1 1 1 1 1 1 1 1 1 1 1 1 1 1 1 1 1 1 1 1 1 1 1 1 1 1 1 1 1 1 1 1 1 1 1 1 1 1 1 1 1 1 1 1 1 1 1 1 1 1 1 1 1 1 1 1 1 1 1 1 1 1 1 1 1 1 1 1 1 1 1 1 1 1 1 1 1 1 1 1 1 1 1 1 1 1 1 1 1 1 1 1 1 1 1 1 1 1 1 1 1 1 1 1 1 1 1 1 1 1 1 1 1 1 1 1 1 1 1 1 1 1 1 1 1 1 1 1 1 1 1 1 1 1 1 1 1 1 1 1 1 1 1 1 1 1 1 1 1 1 1 1 1 1 1 1 1 1 1 1 1 1 1 1 1 1 1 1 1 1 1 1 1 1 1 1 1 1 1 1 1 1 1 1 1 1 1 1 1 1 1 1 1 1 1 1 1 1 1 1 1 1 1 1 1 1 1 1 1 1 1 1 1 1 1 1 1 1 1 1 1 1 1 1 1 1 1 1 1 1 1 1 1 1 1 1 1 1 1 1 1 1 1 1 1 1 1 1 1 1 1 1 1 1 1 1 1 1 1 1 1 1 1 1 1 1 1 1 1 1 1 1 1 1 1 1 1 1 1 1 1 1 1 1 1 1 1 1 1 1 1 1 1 1 1 1 1 1 1 1 1 1 1 1 1 1 1 1 1 1 1 1 1 1 1 1 1 1 1 1 1 1 1 1 1 1 1 1 1 1 1 1 1 1 1 1 1 1 1 1 1 1 1 1 1 1 1 1 1 1 1 1 1 1 1 1 1 1 1 1 1 1 1 1 1 1 1 1 1 1 1 1 1 1 1 1 1 1 1 1 1 1 1 1 1 1 1 1 1 1 1 1 1 1 1 1 1 1 1 1 1 1 1 1 1 1 1 1 1 1 1 1 1 1 1 1 1 1 1 1 1 1 1 1 1 1 1 1 1 1 1 1 1 1 1 1 1 1 1 1 1 1 1 1 1 1 1 1 1 1 1 1 1 1 1 1 1 1 1 1 1 1 1 1 1 1 1 1 1 1 1 1 1 1 1 1 1 1 1 1 1 1 1 1 1 1 1 1 1 1 1 1 1 1 1 1 1 1 1 1 1 1 1 1 1 1 1 1 1 1 1 1 1 1 1 1 1 1 1 1 1 1 1 1 1 1 1 1 1 1 1 1 1 1 1 1 1 1 1 1 1 1 1 1 1 1 1 1 1 1 1 1 1 1 1 1 1 1 1 1 1 1 1 1 1 1 1 1 1 1 1 1 1 1 1 1 1 1 1 1 1 1 1 1 1 1 1 1 1 1 1 1 1 1 1 1 1 1 1 1 1 1 1 1 1 1 1 1 1 1 1 1 1 1 1 1 1 1 1 1 1 1 1 1 1 1 1 1 1 1 1 1 1 1 1 1 1 1 1 1 1 1 1 1 1 1 1 1 1 1 1 1 1 1 1 1 1 1 1 1 1 1 1 1 1 1 1 1 1 1 1 1 1 1 1 1 1 1 1 1 1 1 1 1 1 1 1 1 1 1 1 1 1 1 1 1 1 1 1 1 1 1 1 1 1 1 1 1 1 1 1 1 1 1 1 1 1 1 1 1 1 1 1 1 1 1 1 1 1 1 1 1 1 1 1 1 1 1 1 1 1 1 1 1 1 1 1 1 1 1 1 1 1 1 1 1 1 1 1 1 1 1 1 1 1 1 1 1 1 1 1 1 1 1 1 1 1 1 1 1 1 1 1 1 1 1 1 1 1 1 1 1 1 1 1 1 1 1 1 1 1 1 1 1 1 1 1 1 1 1 1 1 1 1 1 1 1 1 1 1 1 1 1 1 1 1 1 1 1 1 1 1 1 1 1 1 1 1 1 1 1 1 1 1 1 1 1 1 1 1 1 1 1 1 1 1 1 1 1 1 1 1 1 1 1 1 1 1 1 1 1 1 1 1 1 1 1 1 1 1 1 1 1 1 1 1 1 1 1 1 1 1 1 1 1 1 1 1 1 1 1 1 1 1 1 1 1 1 1 1 1 1 1 1 1 1 1 1 1 1 1 1 1 1 1 1 1 1 1 1 1 1 1 1 1 1 1 1 1 1 1 1 1 1 1 1 1 1 1 1 1 1 1 1 1 1 1 1 1 1 1 1 1 1 1 1 1 1 1 1 1 1 1 1 1 1 1 1 1 1 1 1 1 1 1 1 1 1 1 1 1 1 1 1 1 1 1 1 1 1 1 1 1 1 1 1 1 1 1 1 1 1 1 1 1 1 1 1 1 1 1 1 1 1 1 1 1 1 1 1 1 1 1 1 1 1 1 1 1 1 1 1 1 1 1 1 1 1 1 1 1 1 1 1 1 1 1 1 1 1 1 1 1 1 1 1 1 1 1 1 1 1 1 1 1 1 1 1 1 1 1 1 1 1 1 1 1 1 1 1 1 1 1 1 1 1 1 1 1 1 1 1 1 1 1 1 1 1 1 1 1 1 1 1 1 1 1 1 1 1 1 1 1 1 1 1 1 1 1 1 1 1 1 1 1 1 1 1 1 1 1 1 1 1 1 1 1 1 1 1 1 1 1 1 1 1 1 1 1 1 1 1 1 1 1 1 1 1 1 1 1 1 1 1 1 1 1 1 1 1 1 1 1 1 1 1 1 1 1 1 1 1 1 1 1 1 1 1 1 1 1 1 1 1 1 1 1 1 1 1 1 1 1 1 1 1 1 1 1 1 1 1 1 1 1 1 1 1 1 1 1 1 1 1 1 1 1 1 1 1 1 1 1 1 1 1 1 1 1</float_array>
          <technique_common>
            <accessor source="#Kusa1__Koishi00-color-array" count="5160" stride="4">
              <param name="R" type="float" />
              <param name="G" type="float" />
              <param name="B" type="float" />
              <param name="A" type="float" />
            </accessor>
          </technique_common>
        </source>
        <source id="Kusa1__Koishi00-texcoord">
          <float_array id="Kusa1__Koishi00-texcoord-array" count="10320">0.9006485 0.6890821 0.7510338 0.5550927 0.9442436 0.6728313 0.7563134 0.5102006 0.7510338 0.5550927 0.6075838 0.629923 0.7563134 0.5102006 0.5663233 0.6010529 0.8847638 0.826154 0.9328145 0.8559853 0.7072251 0.9039292 0.6932936 0.9514458 0.9442436 0.6728313 0.9328145 0.8559853 0.9006485 0.6890821 0.8847638 0.826154 0.5663233 0.6010529 0.6075838 0.629923 0.5271382 0.7864805 0.5747616 0.7783627 0.5747616 0.7783627 0.7072251 0.9039292 0.5271382 0.7864805 0.6932936 0.9514458 0.5747616 0.7783627 0.6075838 0.629923 0.9006485 0.6890821 0.7072251 0.9039292 0.7510338 0.5550927 0.8847638 0.826154 0.9042954 0.7062181 0.7550622 0.5680782 0.9484245 0.690074 0.7603571 0.5229572 0.7550622 0.5680782 0.6112306 0.6470588 0.7603571 0.5229572 0.5693294 0.6181735 0.8884107 0.8432899 0.9364462 0.8731976 0.7108568 0.9210498 0.6969253 0.9685664 0.9484245 0.690074 0.9364462 0.8731976 0.9042954 0.7062181 0.8884107 0.8432899 0.5693294 0.6181735 0.6112306 0.6470588 0.5307698 0.8036927 0.5784085 0.7954834 0.5784085 0.7954834 0.7108568 0.9210498 0.5307698 0.8036927 0.6969253 0.9685664 0.5784085 0.7954834 0.9042954 0.7062181 0.7108568 0.9210498 0.6112306 0.6470588 0.7550622 0.5680782 0.8884107 0.8432899 0.9209888 0.7008927 0.758114 0.5501335 0.9691463 0.6832837 0.7639124 0.5008926 0.758114 0.5501335 0.6011444 0.6363317 0.7639124 0.5008926 0.5554131 0.6048219 0.9036545 0.8505074 0.9560693 0.8831464 0.7098802 0.9353781 0.6946822 0.9872282 0.9691463 0.6832837 0.9560693 0.8831464 0.9209888 0.7008927 0.9036545 0.8505074 0.5554131 0.6048219 0.6011444 0.6363317 0.5133287 0.8072938 0.5653163 0.7983367 0.5653163 0.7983367 0.7098802 0.9353781 0.5133287 0.8072938 0.6946822 0.9872282 0.5653163 0.7983367 0.6011444 0.6363317 0.9209888 0.7008927 0.7098802 0.9353781 0.758114 0.5501335 0.9036545 0.8505074 0.2542306 0.004013121 0.3405508 0.397055 0.1679103 0.397055 0.1679103 0.593576 0.3405508 0.593576 0.1679103 0.7900969 0.3405508 0.7900969 0.2542306 0.9866331 0.2542306 0.004013121 0.3405508 0.593576 0.1679103 0.593576 0.3405508 0.7900969 0.1679103 0.7900969 0.2542306 0.9866331 0.3405508 0.593576 0.1679103 0.593576 0.2542306 0.004013121 0.3405508 0.593576 0.1679103 0.7900969 0.3405508 0.7900969 0.2542306 0.9866331 0.1679103 0.7900969 0.2542306 0.004013121 0.3405508 0.7900969 0.1679103 0.7900969 0.2542306 0.9866331 0.2542306 0.004013121 0.3405508 0.593576 0.1679103 0.593576 0.3405508 0.7900969 0.1679103 0.7900969 0.2542306 0.9866331 0.2542306 0.004013121 0.3405508 0.593576 0.1679103 0.593576 0.1679103 0.7900969 0.3405508 0.7900969 0.2542306 0.9866331 0.2542306 0.004013121 0.3405508 0.397055 0.1679103 0.397055 0.1679103 0.593576 0.3405508 0.593576 0.1679103 0.7900969 0.3405508 0.7900969 0.2542306 0.9866331 0.2542306 0.004013121 0.3405508 0.593576 0.1679103 0.593576 0.3405508 0.7900969 0.1679103 0.7900969 0.2542306 0.9866331 0.3405508 0.593576 0.1679103 0.593576 0.2542306 0.004013121 0.3405508 0.593576 0.1679103 0.7900969 0.3405508 0.7900969 0.2542306 0.9866331 0.1679103 0.7900969 0.2542306 0.004013121 0.3405508 0.7900969 0.1679103 0.7900969 0.2542306 0.9866331 0.2542306 0.004013121 0.3405508 0.593576 0.1679103 0.593576 0.3405508 0.7900969 0.1679103 0.7900969 0.2542306 0.9866331 0.2542306 0.004013121 0.3405508 0.593576 0.1679103 0.593576 0.3405508 0.7900969 0.1679103 0.7900969 0.2542306 0.9866331 0.2542306 0.004013121 0.3405508 0.397055 0.1679103 0.397055 0.3405508 0.593576 0.1679103 0.593576 0.1679103 0.7900969 0.3405508 0.7900969 0.2542306 0.9866331 0.2542306 0.004013121 0.3405508 0.593576 0.1679103 0.593576 0.1679103 0.7900969 0.3405508 0.7900969 0.2542306 0.9866331 0.3405508 0.593576 0.1679103 0.593576 0.2542306 0.004013121 0.3405508 0.593576 0.1679103 0.7900969 0.3405508 0.7900969 0.2542306 0.9866331 0.1679103 0.7900969 0.2542306 0.004013121 0.3405508 0.7900969 0.1679103 0.7900969 0.2542306 0.9866331 0.2542306 0.004013121 0.3405508 0.593576 0.1679103 0.593576 0.1679103 0.7900969 0.3405508 0.7900969 0.2542306 0.9866331 0.2542306 0.004013121 0.3405508 0.593576 0.1679103 0.593576 0.1679103 0.7900969 0.3405508 0.7900969 0.2542306 0.9866331 0.2542306 0.004013121 0.3405508 0.397055 0.1679103 0.397055 0.1679103 0.593576 0.3405508 0.593576 0.1679103 0.7900969 0.3405508 0.7900969 0.2542306 0.9866331 0.2542306 0.004013121 0.3405508 0.593576 0.1679103 0.593576 0.3405508 0.7900969 0.1679103 0.7900969 0.2542306 0.9866331 0.3405508 0.593576 0.1679103 0.593576 0.2542306 0.004013121 0.3405508 0.593576 0.1679103 0.7900969 0.3405508 0.7900969 0.2542306 0.9866331 0.1679103 0.7900969 0.3035782 0.4533913 0.3405508 0.7900969 0.2069581 0.4344701 0.1679103 0.7900969 0.2542306 0.9866331 0.1679103 0.7900969 0.2542306 0.004013121 0.3405508 0.593576 0.1679103 0.593576 0.3405508 0.7900969 0.1679103 0.7900969 0.2542306 0.9866331 0.2542306 0.004013121 0.3405508 0.593576 0.1679103 0.593576 0.3405508 0.7900969 0.1679103 0.7900969 0.2542306 0.9866331 0.2542306 0.004013121 0.3035782 0.4533913 0.2069581 0.4344701 0.2542306 0.004013121 0.3405508 0.397055 0.1679103 0.397055 0.3405508 0.593576 0.1679103 0.593576 0.1679103 0.7900969 0.3405508 0.7900969 0.2542306 0.9866331 0.2542306 0.004013121 0.3405508 0.593576 0.1679103 0.593576 0.3405508 0.7900969 0.1679103 0.7900969 0.2542306 0.9866331 0.3405508 0.593576 0.1679103 0.593576 0.2542306 0.004013121 0.3405508 0.593576 0.1679103 0.7900969 0.3405508 0.7900969 0.2542306 0.9866331 0.1679103 0.7900969 0.3035782 0.4533913 0.3405508 0.7900969 0.2069581 0.4344701 0.1679103 0.7900969 0.2542306 0.9866331 0.1679103 0.7900969 0.2542306 0.004013121 0.3405508 0.593576 0.1679103 0.593576 0.3405508 0.7900969 0.1679103 0.7900969 0.2542306 0.9866331 0.2542306 0.004013121 0.3405508 0.593576 0.1679103 0.593576 0.3405508 0.7900969 0.1679103 0.7900969 0.2542306 0.9866331 0.2542306 0.004013121 0.3035782 0.4533913 0.2069581 0.4344701 0.2542306 0.004013121 0.3405508 0.397055 0.1679103 0.397055 0.1679103 0.593576 0.3405508 0.593576 0.1679103 0.7900969 0.3405508 0.7900969 0.2542306 0.9866331 0.2542306 0.004013121 0.3405508 0.593576 0.1679103 0.593576 0.3405508 0.7900969 0.1679103 0.7900969 0.2542306 0.9866331 0.3405508 0.593576 0.1679103 0.593576 0.2542306 0.004013121 0.3405508 0.593576 0.1679103 0.7900969 0.3405508 0.7900969 0.2542306 0.9866331 0.1679103 0.7900969 0.3035782 0.4533913 0.3405508 0.7900969 0.2069581 0.4344701 0.1679103 0.7900969 0.2542306 0.9866331 0.1679103 0.7900969 0.2542306 0.004013121 0.3405508 0.593576 0.1679103 0.593576 0.3405508 0.7900969 0.1679103 0.7900969 0.2542306 0.9866331 0.2542306 0.004013121 0.3405508 0.593576 0.1679103 0.593576 0.1679103 0.7900969 0.3405508 0.7900969 0.2542306 0.9866331 0.2542306 0.004013121 0.3035782 0.4533913 0.2069581 0.4344701 0.9209888 0.7008927 0.758114 0.5501335 0.9691463 0.6832837 0.7639124 0.5008926 0.758114 0.5501335 0.6011444 0.6363317 0.7639124 0.5008926 0.5554131 0.6048219 0.9036545 0.8505074 0.9560693 0.8831464 0.7098802 0.9353781 0.6946822 0.9872282 0.9691463 0.6832837 0.9560693 0.8831464 0.9209888 0.7008927 0.9036545 0.8505074 0.5554131 0.6048219 0.6011444 0.6363317 0.5133287 0.8072938 0.5653163 0.7983367 0.5653163 0.7983367 0.7098802 0.9353781 0.5133287 0.8072938 0.6946822 0.9872282 0.5653163 0.7983367 0.6011444 0.6363317 0.9209888 0.7008927 0.7098802 0.9353781 0.758114 0.5501335 0.9036545 0.8505074 0.9030442 0.7152972 0.7538262 0.5771573 0.9471732 0.6991531 0.7591211 0.5320363 0.7538262 0.5771573 0.6099946 0.6561379 0.7591211 0.5320363 0.5680934 0.6272678 0.9471732 0.6991531 0.9351949 0.8822767 0.9030442 0.7152972 0.8871595 0.8523842 0.5680934 0.6272678 0.6099946 0.6561379 0.5295186 0.8127871 0.5771573 0.8045777 0.5771573 0.8045777 0.7096208 0.9301442 0.5295186 0.8127871 0.6956893 0.9776455 0.5771573 0.8045777 0.9030442 0.7152972 0.7096208 0.9301442 0.6099946 0.6561379 0.7538262 0.5771573 0.8871595 0.8523842 0.9190814 0.6984512 0.7698634 0.5603113 0.9632258 0.6823071 0.7751583 0.5151904 0.7698634 0.5603113 0.6260166 0.639292 0.7751583 0.5151904 0.5841154 0.6104066 0.9031968 0.835523 0.9512322 0.8654307 0.7256581 0.9132982 0.7117113 0.9607996 0.9632258 0.6823071 0.9512322 0.8654307 0.9190814 0.6984512 0.9031968 0.835523 0.5841154 0.6104066 0.6260166 0.639292 0.5455558 0.7959259 0.5931945 0.7877318 0.5931945 0.7877318 0.7256581 0.9132982 0.5455558 0.7959259 0.7117113 0.9607996 0.5931945 0.7877318 0.9190814 0.6984512 0.7256581 0.9132982 0.6260166 0.639292 0.7698634 0.5603113 0.9031968 0.835523 0.9209888 0.2061952 0.758114 0.05543602 0.9691463 0.1885862 0.7639124 0.006195188 0.758114 0.05543602 0.6011444 0.1416342 0.7639124 0.006195188 0.5554131 0.1101243 0.9036545 0.3558099 0.9560693 0.3884489 0.7098802 0.4406806 0.6946822 0.4925307 0.9691463 0.1885862 0.9560693 0.3884489 0.9209888 0.2061952 0.9036545 0.3558099 0.5554131 0.1101243 0.6011444 0.1416342 0.5133287 0.3125963 0.5653163 0.3036393 0.5653163 0.3036393 0.7098802 0.4406806 0.5133287 0.3125963 0.6946822 0.4925307 0.5653163 0.3036393 0.9209888 0.2061952 0.7098802 0.4406806 0.6011444 0.1416342 0.758114 0.05543602 0.9036545 0.3558099 0.2542306 0.004013121 0.3405508 0.397055 0.1679103 0.397055 0.2542306 0.004013121 0.3405508 0.593576 0.1679103 0.593576 0.3405508 0.593576 0.1679103 0.593576 0.2542306 0.004013121 0.3405508 0.593576 0.1679103 0.7900969 0.3405508 0.7900969 0.2542306 0.9866331 0.1679103 0.7900969 0.2542306 0.004013121 0.3405508 0.7900969 0.1679103 0.7900969 0.2542306 0.9866331 0.2542306 0.004013121 0.3405508 0.593576 0.1679103 0.593576 0.2542306 0.004013121 0.3405508 0.593576 0.1679103 0.593576 0.1679103 0.7900969 0.2542306 0.004013121 0.3405508 0.397055 0.1679103 0.397055 0.1679103 0.593576 0.3405508 0.593576 0.1679103 0.7900969 0.3405508 0.7900969 0.2542306 0.9866331 0.2542306 0.004013121 0.3405508 0.593576 0.1679103 0.593576 0.1679103 0.7900969 0.3405508 0.7900969 0.2542306 0.9866331 0.3405508 0.593576 0.1679103 0.593576 0.2542306 0.004013121 0.3405508 0.593576 0.1679103 0.7900969 0.3405508 0.7900969 0.2542306 0.9866331 0.1679103 0.7900969 0.2542306 0.004013121 0.3405508 0.7900969 0.1679103 0.7900969 0.2542306 0.9866331 0.2542306 0.004013121 0.3405508 0.593576 0.1679103 0.593576 0.1679103 0.7900969 0.3405508 0.7900969 0.2542306 0.9866331 0.2542306 0.004013121 0.3405508 0.593576 0.1679103 0.593576 0.1679103 0.7900969 0.3405508 0.7900969 0.2542306 0.9866331 0.2542306 0.004013121 0.3405508 0.397055 0.1679103 0.397055 0.1679103 0.593576 0.3405508 0.593576 0.1679103 0.7900969 0.3405508 0.7900969 0.2542306 0.9866331 0.2542306 0.004013121 0.3405508 0.593576 0.1679103 0.593576 0.3405508 0.7900969 0.1679103 0.7900969 0.2542306 0.9866331 0.3405508 0.593576 0.1679103 0.593576 0.2542306 0.004013121 0.3405508 0.593576 0.1679103 0.7900969 0.3405508 0.7900969 0.2542306 0.9866331 0.1679103 0.7900969 0.3035782 0.4533913 0.3405508 0.7900969 0.2069581 0.4344701 0.1679103 0.7900969 0.2542306 0.9866331 0.1679103 0.7900969 0.2542306 0.004013121 0.3405508 0.593576 0.1679103 0.593576 0.1679103 0.7900969 0.3405508 0.7900969 0.2542306 0.9866331 0.2542306 0.004013121 0.3405508 0.593576 0.1679103 0.593576 0.3405508 0.7900969 0.1679103 0.7900969 0.2542306 0.9866331 0.2542306 0.004013121 0.3035782 0.4533913 0.2069581 0.4344701 0.2542306 0.004013121 0.3405508 0.397055 0.1679103 0.397055 0.1679103 0.593576 0.3405508 0.593576 0.1679103 0.7900969 0.3405508 0.7900969 0.2542306 0.9866331 0.2542306 0.004013121 0.3405508 0.593576 0.1679103 0.593576 0.3405508 0.7900969 0.1679103 0.7900969 0.2542306 0.9866331 0.3405508 0.593576 0.1679103 0.593576 0.2542306 0.004013121 0.3405508 0.593576 0.1679103 0.7900969 0.3405508 0.7900969 0.2542306 0.9866331 0.1679103 0.7900969 0.3035782 0.4533913 0.3405508 0.7900969 0.2069581 0.4344701 0.1679103 0.7900969 0.2542306 0.9866331 0.1679103 0.7900969 0.2542306 0.004013121 0.3405508 0.593576 0.1679103 0.593576 0.3405508 0.7900969 0.1679103 0.7900969 0.2542306 0.9866331 0.2542306 0.004013121 0.3405508 0.593576 0.1679103 0.593576 0.3405508 0.7900969 0.1679103 0.7900969 0.2542306 0.9866331 0.2542306 0.004013121 0.3035782 0.4533913 0.2069581 0.4344701 0.9030442 0.7152972 0.7538262 0.5771573 0.9471732 0.6991531 0.7591211 0.5320363 0.7538262 0.5771573 0.6099946 0.6561379 0.7591211 0.5320363 0.5680934 0.6272678 0.8871595 0.8523842 0.9351949 0.8822767 0.7096208 0.9301442 0.6956893 0.9776455 0.9471732 0.6991531 0.9351949 0.8822767 0.9030442 0.7152972 0.8871595 0.8523842 0.5680934 0.6272678 0.6099946 0.6561379 0.5295186 0.8127871 0.5771573 0.8045777 0.5771573 0.8045777 0.7096208 0.9301442 0.5295186 0.8127871 0.6956893 0.9776455 0.5771573 0.8045777 0.6099946 0.6561379 0.9030442 0.7152972 0.7096208 0.9301442 0.7538262 0.5771573 0.8871595 0.8523842 0.2542306 0.9866331 0.1679103 0.7900969 0.3405508 0.7900969 0.3405508 0.593576 0.2542306 0.9866331 0.1679103 0.7900969 0.3405508 0.7900969 0.1679103 0.593576 0.2542306 0.9866331 0.1679103 0.7900969 0.3405508 0.7900969 0.3405508 0.593576 0.1679103 0.593576 0.1679103 0.593576 0.3405508 0.593576 0.2542306 0.004013121 0.2542306 0.004013121 0.2542306 0.004013121 0.1679103 0.593576 0.2542306 0.004013121 0.3405508 0.593576 0.1679103 0.593576 0.1679103 0.397055 0.3405508 0.397055 0.2542306 0.004013121 0.1679103 0.7900969 0.3405508 0.593576 0.3035782 0.4533913 0.2069581 0.4344701 0.2542306 0.004013121 0.3405508 0.593576 0.1679103 0.7900969 0.3405508 0.7900969 0.3405508 0.7900969 0.2069581 0.4344701 0.3035782 0.4533913 0.3405508 0.7900969 0.2542306 0.9866331 0.1679103 0.7900969 0.2542306 0.9866331 0.1679103 0.7900969 0.2542306 0.9866331 0.1679103 0.7900969 0.2542306 0.9866331 0.1679103 0.7900969 0.3405508 0.7900969 0.3405508 0.593576 0.1679103 0.593576 0.1679103 0.7900969 0.3405508 0.7900969 0.2542306 0.9866331 0.3405508 0.7900969 0.1679103 0.7900969 0.3405508 0.7900969 0.2542306 0.9866331 0.2542306 0.9866331 0.6956893 0.9776455 0.7096208 0.9301442 0.9351949 0.8822767 0.8871595 0.8523842 0.2542306 0.9866331 0.1679103 0.7900969 0.3405508 0.7900969 0.3405508 0.593576 0.2542306 0.9866331 0.1679103 0.7900969 0.3405508 0.7900969 0.1679103 0.593576 0.1679103 0.7900969 0.2069581 0.4344701 0.3405508 0.397055 0.3035782 0.4533913 0.1679103 0.397055 0.2542306 0.9866331 0.1679103 0.7900969 0.3405508 0.7900969 0.3035782 0.4533913 0.2069581 0.4344701 0.2542306 0.004013121 0.1679103 0.7900969 0.1679103 0.593576 0.3405508 0.593576 0.2542306 0.004013121 0.2542306 0.004013121 0.3405508 0.593576 0.1679103 0.593576 0.2542306 0.004013121 0.3405508 0.593576 0.1679103 0.7900969 0.3405508 0.7900969 0.1679103 0.593576 0.2542306 0.004013121 0.3405508 0.593576 0.2542306 0.9866331 0.1679103 0.593576 0.2542306 0.004013121 0.3405508 0.593576 0.1679103 0.7900969 0.1679103 0.7900969 0.3405508 0.7900969 0.3405508 0.7900969 0.2542306 0.9866331 0.2542306 0.9866331 0.6955062 0.9904021 0.7094377 0.9428855 0.9350271 0.8950332 0.8869917 0.8651255 0.9028763 0.7280537 0.9470054 0.7119097 0.9350271 0.8950332 0.8869917 0.8651255 0.9028763 0.7280537 0.8869917 0.8651255 0.7094377 0.9428855 0.5769894 0.8173342 0.6955062 0.9904021 0.5293355 0.8255283 0.7094377 0.9428855 0.5769894 0.8173342 0.6098115 0.6688945 0.9470054 0.7119097 0.9028763 0.7280537 0.7536431 0.5899138 0.758938 0.5447929 0.7536431 0.5899138 0.5769894 0.8173342 0.5293355 0.8255283 0.6098115 0.6688945 0.5679103 0.6400244 0.758938 0.5447929 0.7536431 0.5899138 0.6098115 0.6688945 0.5679103 0.6400244 0.2542306 0.9866331 0.1679103 0.7900969 0.3405508 0.7900969 0.2542306 0.9866331 0.1679103 0.7900969 0.3405508 0.7900969 0.3405508 0.593576 0.1679103 0.593576 0.3405508 0.593576 0.1679103 0.593576 0.2542306 0.9866331 0.1679103 0.7900969 0.3405508 0.7900969 0.3405508 0.593576 0.2542306 0.004013121 0.1679103 0.593576 0.2542306 0.004013121 0.1679103 0.7900969 0.3405508 0.593576 0.3405508 0.7900969 0.1679103 0.397055 0.3405508 0.397055 0.2542306 0.9866331 0.1679103 0.593576 0.2542306 0.004013121 0.2542306 0.004013121 0.3035782 0.4533913 0.2069581 0.4344701 0.2542306 0.004013121 0.1679103 0.593576 0.2542306 0.004013121 0.3405508 0.593576 0.3405508 0.7900969 0.2069581 0.4344701 0.3035782 0.4533913 0.1679103 0.7900969 0.3405508 0.7900969 0.1679103 0.7900969 0.3405508 0.593576 0.2542306 0.9866331 0.1679103 0.7900969 0.2542306 0.9866331 0.1679103 0.7900969 0.8943923 0.7080033 0.7451591 0.5698787 0.9385214 0.6918746 0.7504692 0.5247577 0.7451591 0.5698787 0.6013275 0.6488594 0.7504692 0.5247577 0.5594262 0.619974 0.8785077 0.8450904 0.9265431 0.8749981 0.7009689 0.9228504 0.6870375 0.970367 0.9385214 0.6918746 0.9265431 0.8749981 0.8943923 0.7080033 0.8785077 0.8450904 0.5594262 0.619974 0.6013275 0.6488594 0.5208667 0.8054932 0.5685054 0.7972839 0.5685054 0.7972839 0.7009689 0.9228504 0.5208667 0.8054932 0.6870375 0.970367 0.5685054 0.7972839 0.6013275 0.6488594 0.8943923 0.7080033 0.7009689 0.9228504 0.7451591 0.5698787 0.8785077 0.8450904 0.8943923 0.7080033 0.7451591 0.5698787 0.9385214 0.6918746 0.7504692 0.5247577 0.7451591 0.5698787 0.6013275 0.6488594 0.7504692 0.5247577 0.5594262 0.619974 0.8785077 0.8450904 0.9265431 0.8749981 0.7009689 0.9228504 0.6870375 0.970367 0.9385214 0.6918746 0.9265431 0.8749981 0.8943923 0.7080033 0.8785077 0.8450904 0.5594262 0.619974 0.6013275 0.6488594 0.5208667 0.8054932 0.5685054 0.7972839 0.5685054 0.7972839 0.7009689 0.9228504 0.5208667 0.8054932 0.6870375 0.970367 0.5685054 0.7972839 0.8943923 0.7080033 0.7009689 0.9228504 0.6013275 0.6488594 0.8785077 0.8450904 0.7451591 0.5698787 0.8943923 0.7080033 0.7451591 0.5698787 0.9385214 0.6918746 0.7504692 0.5247577 0.7451591 0.5698787 0.6013275 0.6488594 0.7504692 0.5247577 0.5594262 0.619974 0.8785077 0.8450904 0.9265431 0.8749981 0.7009689 0.9228504 0.6870375 0.970367 0.9385214 0.6918746 0.9265431 0.8749981 0.8943923 0.7080033 0.8785077 0.8450904 0.5594262 0.619974 0.6013275 0.6488594 0.5208667 0.8054932 0.5685054 0.7972839 0.5685054 0.7972839 0.7009689 0.9228504 0.5208667 0.8054932 0.6870375 0.970367 0.5685054 0.7972839 0.8943923 0.7080033 0.7009689 0.9228504 0.6013275 0.6488594 0.8785077 0.8450904 0.7451591 0.5698787 0.8943923 0.7080033 0.7451591 0.5698787 0.9385214 0.6918746 0.7504692 0.5247577 0.7451591 0.5698787 0.6013275 0.6488594 0.7504692 0.5247577 0.5594262 0.619974 0.8785077 0.8450904 0.9265431 0.8749981 0.7009689 0.9228504 0.6870375 0.970367 0.9385214 0.6918746 0.9265431 0.8749981 0.8943923 0.7080033 0.8785077 0.8450904 0.5594262 0.619974 0.6013275 0.6488594 0.5208667 0.8054932 0.5685054 0.7972839 0.5685054 0.7972839 0.7009689 0.9228504 0.5208667 0.8054932 0.6870375 0.970367 0.5685054 0.7972839 0.8943923 0.7080033 0.7009689 0.9228504 0.6013275 0.6488594 0.8785077 0.8450904 0.7451591 0.5698787 0.8943923 0.7080033 0.7451591 0.5698787 0.9385214 0.6918746 0.7504692 0.5247577 0.7451591 0.5698787 0.6013275 0.6488594 0.7504692 0.5247577 0.5594262 0.619974 0.8785077 0.8450904 0.9265431 0.8749981 0.7009689 0.9228504 0.6870375 0.970367 0.9385214 0.6918746 0.9265431 0.8749981 0.8943923 0.7080033 0.8785077 0.8450904 0.5594262 0.619974 0.6013275 0.6488594 0.5208667 0.8054932 0.5685054 0.7972839 0.5685054 0.7972839 0.7009689 0.9228504 0.5208667 0.8054932 0.6870375 0.970367 0.5685054 0.7972839 0.8943923 0.7080033 0.7009689 0.9228504 0.6013275 0.6488594 0.8785077 0.8450904 0.7451591 0.5698787 0.8943923 0.7080033 0.7451591 0.5698787 0.9385214 0.6918746 0.7504692 0.5247577 0.7451591 0.5698787 0.6013275 0.6488594 0.7504692 0.5247577 0.5594262 0.619974 0.8785077 0.8450904 0.9265431 0.8749981 0.7009689 0.9228504 0.6870375 0.970367 0.9385214 0.6918746 0.9265431 0.8749981 0.8943923 0.7080033 0.8785077 0.8450904 0.5594262 0.619974 0.6013275 0.6488594 0.5208667 0.8054932 0.5685054 0.7972839 0.5685054 0.7972839 0.7009689 0.9228504 0.5208667 0.8054932 0.6870375 0.970367 0.5685054 0.7972839 0.8943923 0.7080033 0.7009689 0.9228504 0.6013275 0.6488594 0.8785077 0.8450904 0.7451591 0.5698787 0.8943923 0.7080033 0.7451591 0.5698787 0.9385214 0.6918746 0.7504692 0.5247577 0.7451591 0.5698787 0.6013275 0.6488594 0.7504692 0.5247577 0.5594262 0.619974 0.8785077 0.8450904 0.9265431 0.8749981 0.7009689 0.9228504 0.6870375 0.970367 0.9385214 0.6918746 0.9265431 0.8749981 0.8943923 0.7080033 0.8785077 0.8450904 0.5594262 0.619974 0.6013275 0.6488594 0.5208667 0.8054932 0.5685054 0.7972839 0.5685054 0.7972839 0.7009689 0.9228504 0.5208667 0.8054932 0.6870375 0.970367 0.5685054 0.7972839 0.8943923 0.7080033 0.7009689 0.9228504 0.6013275 0.6488594 0.8785077 0.8450904 0.7451591 0.5698787 0.8943923 0.7080033 0.7451591 0.5698787 0.9385214 0.6918746 0.7504692 0.5247577 0.7451591 0.5698787 0.6013275 0.6488594 0.7504692 0.5247577 0.5594262 0.619974 0.8785077 0.8450904 0.9265431 0.8749981 0.7009689 0.9228504 0.6870375 0.970367 0.9385214 0.6918746 0.9265431 0.8749981 0.8943923 0.7080033 0.8785077 0.8450904 0.5594262 0.619974 0.6013275 0.6488594 0.5208667 0.8054932 0.5685054 0.7972839 0.5685054 0.7972839 0.7009689 0.9228504 0.5208667 0.8054932 0.6870375 0.970367 0.5685054 0.7972839 0.8943923 0.7080033 0.7009689 0.9228504 0.6013275 0.6488594 0.8785077 0.8450904 0.7451591 0.5698787 0.9209888 0.2061952 0.758114 0.05543602 0.9691463 0.1885862 0.7639124 0.006195188 0.758114 0.05543602 0.6011444 0.1416342 0.7639124 0.006195188 0.5554131 0.1101243 0.9691463 0.1885862 0.9560693 0.3884489 0.9209888 0.2061952 0.9036545 0.3558099 0.5554131 0.1101243 0.6011444 0.1416342 0.5133287 0.3125963 0.5653163 0.3036393 0.5653163 0.3036393 0.7098802 0.4406806 0.5133287 0.3125963 0.6946822 0.4925307 0.6946822 0.4925307 0.7098802 0.4406806 0.9560693 0.3884489 0.9036545 0.3558099 0.7098802 0.4406806 0.9209888 0.2061952 0.5653163 0.3036393 0.6011444 0.1416342 0.758114 0.05543602 0.2542306 0.004013121 0.3405508 0.397055 0.1679103 0.397055 0.1679103 0.593576 0.3405508 0.593576 0.1679103 0.7900969 0.3405508 0.7900969 0.2542306 0.9866331 0.2542306 0.004013121 0.3405508 0.593576 0.1679103 0.593576 0.1679103 0.7900969 0.3405508 0.7900969 0.2542306 0.9866331 0.3405508 0.593576 0.1679103 0.593576 0.2542306 0.004013121 0.3405508 0.593576 0.1679103 0.7900969 0.3405508 0.7900969 0.2542306 0.9866331 0.1679103 0.7900969 0.3035782 0.4533913 0.3405508 0.7900969 0.2069581 0.4344701 0.2542306 0.9866331 0.1679103 0.7900969 0.1679103 0.7900969 0.2542306 0.004013121 0.3405508 0.593576 0.1679103 0.593576 0.1679103 0.7900969 0.3405508 0.7900969 0.2542306 0.9866331 0.2542306 0.004013121 0.3405508 0.593576 0.1679103 0.593576 0.1679103 0.7900969 0.3405508 0.7900969 0.2542306 0.9866331 0.2542306 0.004013121 0.3035782 0.4533913 0.2069581 0.4344701 0.2542306 0.004013121 0.3405508 0.397055 0.1679103 0.397055 0.3405508 0.593576 0.1679103 0.593576 0.3405508 0.7900969 0.1679103 0.7900969 0.2542306 0.9866331 0.2542306 0.004013121 0.3405508 0.593576 0.1679103 0.593576 0.3405508 0.7900969 0.1679103 0.7900969 0.2542306 0.9866331 0.3405508 0.593576 0.1679103 0.593576 0.2542306 0.004013121 0.3405508 0.593576 0.1679103 0.7900969 0.3405508 0.7900969 0.2542306 0.9866331 0.1679103 0.7900969 0.3035782 0.4533913 0.3405508 0.7900969 0.2069581 0.4344701 0.2542306 0.9866331 0.1679103 0.7900969 0.1679103 0.7900969 0.2542306 0.004013121 0.3405508 0.593576 0.1679103 0.593576 0.3405508 0.7900969 0.1679103 0.7900969 0.2542306 0.9866331 0.2542306 0.004013121 0.3405508 0.593576 0.1679103 0.593576 0.3405508 0.7900969 0.1679103 0.7900969 0.2542306 0.9866331 0.2542306 0.004013121 0.3035782 0.4533913 0.2069581 0.4344701 0.2542306 0.004013121 0.3405508 0.397055 0.1679103 0.397055 0.3405508 0.593576 0.1679103 0.593576 0.3405508 0.7900969 0.1679103 0.7900969 0.2542306 0.9866331 0.2542306 0.004013121 0.3405508 0.593576 0.1679103 0.593576 0.3405508 0.7900969 0.1679103 0.7900969 0.2542306 0.9866331 0.3405508 0.593576 0.1679103 0.593576 0.2542306 0.004013121 0.3405508 0.593576 0.1679103 0.7900969 0.3405508 0.7900969 0.2542306 0.9866331 0.1679103 0.7900969 0.3035782 0.4533913 0.3405508 0.7900969 0.2069581 0.4344701 0.2542306 0.9866331 0.1679103 0.7900969 0.1679103 0.7900969 0.2542306 0.004013121 0.3405508 0.593576 0.1679103 0.593576 0.1679103 0.7900969 0.3405508 0.7900969 0.2542306 0.9866331 0.2542306 0.004013121 0.3405508 0.593576 0.1679103 0.593576 0.1679103 0.7900969 0.3405508 0.7900969 0.2542306 0.9866331 0.2542306 0.004013121 0.3035782 0.4533913 0.2069581 0.4344701 0.2542306 0.9866331 0.1679103 0.7900969 0.3405508 0.7900969 0.1679103 0.7900969 0.3405508 0.593576 0.1679103 0.593576 0.2542306 0.9866331 0.1679103 0.7900969 0.3405508 0.7900969 0.2542306 0.004013121 0.3405508 0.593576 0.2542306 0.9866331 0.1679103 0.7900969 0.3405508 0.7900969 0.1679103 0.593576 0.3405508 0.593576 0.1679103 0.7900969 0.2069581 0.4344701 0.3035782 0.4533913 0.2542306 0.004013121 0.3035782 0.4533913 0.2069581 0.4344701 0.2542306 0.004013121 0.1679103 0.593576 0.2542306 0.004013121 0.3405508 0.593576 0.1679103 0.397055 0.2542306 0.004013121 0.3405508 0.397055 0.1679103 0.7900969 0.1679103 0.593576 0.2542306 0.004013121 0.3405508 0.593576 0.2542306 0.9866331 0.3405508 0.7900969 0.1679103 0.593576 0.3405508 0.593576 0.1679103 0.7900969 0.3405508 0.7900969 0.1679103 0.7900969 0.3405508 0.7900969 0.2542306 0.9866331 0.2542306 0.9866331 0.8964217 0.07367057 0.8477455 0.02861065 0.9095445 0.06900132 0.8492408 0.01516747 0.8477455 0.02861065 0.8008392 0.05438316 0.8492408 0.01516747 0.7882353 0.04585338 0.9095445 0.06900132 0.9059739 0.127306 0.8964217 0.07367057 0.8912489 0.1183947 0.7882353 0.04585338 0.8008392 0.05438316 0.7758755 0.1049821 0.7901274 0.1028 0.7901274 0.1028 0.8333257 0.1437553 0.7758755 0.1049821 0.8289616 0.1580071 0.8289616 0.1580071 0.8333257 0.1437553 0.9059739 0.127306 0.8912489 0.1183947 0.8333257 0.1437553 0.8964217 0.07367057 0.7901274 0.1028 0.8008392 0.05438316 0.8477455 0.02861065 0.9633479 0.4120393 0.934844 0.4089418 0.9710079 0.4037232 0.9306935 0.3970398 0.954879 0.4648051 0.9596094 0.4771801 0.9216602 0.4581521 0.9125811 0.4659495 0.9710079 0.4037232 0.9824369 0.4495918 0.9633479 0.4120393 0.9708706 0.4467689 0.9824369 0.4495918 0.9596094 0.4771801 0.954879 0.4648051 0.9306935 0.3970398 0.934844 0.4089418 0.9041123 0.4223697 0.9152666 0.4269016 0.9152666 0.4269016 0.9216602 0.4581521 0.9041123 0.4223697 0.9125811 0.4659495 0.9152666 0.4269016 0.934844 0.4089418 0.9708706 0.4467689 0.9216602 0.4581521 0.9633479 0.4120393 0.954879 0.4648051 0.5884184 0.1158313 0.560647 0.09365988 0.5991607 0.1107347 0.5613489 0.0823682 0.560647 0.09365988 0.5365835 0.1092546 0.5613489 0.0823682 0.5258564 0.1026322 0.5991607 0.1107347 0.5988556 0.1465324 0.5884184 0.1158313 0.5873808 0.1399252 0.5258564 0.1026322 0.5365835 0.1092546 0.5212329 0.1390555 0.5327535 0.1355307 0.5327535 0.1355307 0.5574273 0.1557336 0.5212329 0.1390555 0.5553063 0.1675135 0.5553063 0.1675135 0.5574273 0.1557336 0.5988556 0.1465324 0.5873808 0.1399252 0.5574273 0.1557336 0.5884184 0.1158313 0.5327535 0.1355307 0.5365835 0.1092546 0.560647 0.09365988 0.9633479 0.4120393 0.934844 0.4089418 0.9710079 0.4037232 0.9306935 0.3970398 0.954879 0.4648051 0.9596094 0.4771801 0.9216602 0.4581521 0.9125811 0.4659495 0.9710079 0.4037232 0.9824369 0.4495918 0.9633479 0.4120393 0.9708706 0.4467689 0.9824369 0.4495918 0.9596094 0.4771801 0.954879 0.4648051 0.9306935 0.3970398 0.934844 0.4089418 0.9041123 0.4223697 0.9152666 0.4269016 0.9152666 0.4269016 0.9216602 0.4581521 0.9041123 0.4223697 0.9125811 0.4659495 0.9152666 0.4269016 0.9708706 0.4467689 0.9216602 0.4581521 0.934844 0.4089418 0.9633479 0.4120393 0.954879 0.4648051 0.9633479 0.4120393 0.934844 0.4089418 0.9710079 0.4037232 0.9306935 0.3970398 0.954879 0.4648051 0.9596094 0.4771801 0.9216602 0.4581521 0.9125811 0.4659495 0.9710079 0.4037232 0.9824369 0.4495918 0.9633479 0.4120393 0.9708706 0.4467689 0.9824369 0.4495918 0.9596094 0.4771801 0.954879 0.4648051 0.9306935 0.3970398 0.934844 0.4089418 0.9041123 0.4223697 0.9152666 0.4269016 0.9152666 0.4269016 0.9216602 0.4581521 0.9041123 0.4223697 0.9125811 0.4659495 0.9152666 0.4269016 0.9708706 0.4467689 0.9216602 0.4581521 0.934844 0.4089418 0.954879 0.4648051 0.9633479 0.4120393 0.8964217 0.07367057 0.8477455 0.02861065 0.9095445 0.06900132 0.8492408 0.01516747 0.8477455 0.02861065 0.8008392 0.05438316 0.8492408 0.01516747 0.7882353 0.04585338 0.9095445 0.06900132 0.9059739 0.127306 0.8964217 0.07367057 0.8912489 0.1183947 0.7882353 0.04585338 0.8008392 0.05438316 0.7758755 0.1049821 0.7901274 0.1028 0.7901274 0.1028 0.8333257 0.1437553 0.7758755 0.1049821 0.8289616 0.1580071 0.8289616 0.1580071 0.8333257 0.1437553 0.9059739 0.127306 0.8912489 0.1183947 0.8333257 0.1437553 0.8964217 0.07367057 0.7901274 0.1028 0.8008392 0.05438316 0.8477455 0.02861065 0.5884184 0.1158313 0.560647 0.09365988 0.5991607 0.1107347 0.5613489 0.0823682 0.560647 0.09365988 0.5365835 0.1092546 0.5613489 0.0823682 0.5258564 0.1026322 0.5991607 0.1107347 0.5988556 0.1465324 0.5884184 0.1158313 0.5873808 0.1399252 0.5258564 0.1026322 0.5365835 0.1092546 0.5212329 0.1390555 0.5327535 0.1355307 0.5327535 0.1355307 0.5574273 0.1557336 0.5212329 0.1390555 0.5553063 0.1675135 0.5553063 0.1675135 0.5574273 0.1557336 0.5988556 0.1465324 0.5873808 0.1399252 0.5574273 0.1557336 0.5884184 0.1158313 0.5327535 0.1355307 0.5365835 0.1092546 0.560647 0.09365988 0.8964217 0.07367057 0.8477455 0.02861065 0.9095445 0.06900132 0.8492408 0.01516747 0.8477455 0.02861065 0.8008392 0.05438316 0.8492408 0.01516747 0.7882353 0.04585338 0.9095445 0.06900132 0.9059739 0.127306 0.8964217 0.07367057 0.8912489 0.1183947 0.7882353 0.04585338 0.8008392 0.05438316 0.7758755 0.1049821 0.7901274 0.1028 0.7901274 0.1028 0.8333257 0.1437553 0.7758755 0.1049821 0.8289616 0.1580071 0.8289616 0.1580071 0.8333257 0.1437553 0.9059739 0.127306 0.8912489 0.1183947 0.8333257 0.1437553 0.8964217 0.07367057 0.7901274 0.1028 0.8008392 0.05438316 0.8477455 0.02861065 0.5884184 0.1158313 0.560647 0.09365988 0.5991607 0.1107347 0.5613489 0.0823682 0.560647 0.09365988 0.5365835 0.1092546 0.5613489 0.0823682 0.5258564 0.1026322 0.5991607 0.1107347 0.5988556 0.1465324 0.5884184 0.1158313 0.5873808 0.1399252 0.5258564 0.1026322 0.5365835 0.1092546 0.5212329 0.1390555 0.5327535 0.1355307 0.5327535 0.1355307 0.5574273 0.1557336 0.5212329 0.1390555 0.5553063 0.1675135 0.5553063 0.1675135 0.5574273 0.1557336 0.5988556 0.1465324 0.5873808 0.1399252 0.5574273 0.1557336 0.5884184 0.1158313 0.5327535 0.1355307 0.5365835 0.1092546 0.560647 0.09365988 0.9633479 0.4120393 0.934844 0.4089418 0.9710079 0.4037232 0.9306935 0.3970398 0.954879 0.4648051 0.9596094 0.4771801 0.9216602 0.4581521 0.9125811 0.4659495 0.9710079 0.4037232 0.9824369 0.4495918 0.9633479 0.4120393 0.9708706 0.4467689 0.9824369 0.4495918 0.9596094 0.4771801 0.954879 0.4648051 0.9306935 0.3970398 0.934844 0.4089418 0.9041123 0.4223697 0.9152666 0.4269016 0.9152666 0.4269016 0.9216602 0.4581521 0.9041123 0.4223697 0.9125811 0.4659495 0.9152666 0.4269016 0.934844 0.4089418 0.9708706 0.4467689 0.9216602 0.4581521 0.9633479 0.4120393 0.954879 0.4648051 0.9633479 0.4120393 0.934844 0.4089418 0.9710079 0.4037232 0.9306935 0.3970398 0.954879 0.4648051 0.9596094 0.4771801 0.9216602 0.4581521 0.9125811 0.4659495 0.9710079 0.4037232 0.9824369 0.4495918 0.9633479 0.4120393 0.9708706 0.4467689 0.9596094 0.4771801 0.954879 0.4648051 0.9824369 0.4495918 0.9306935 0.3970398 0.934844 0.4089418 0.9041123 0.4223697 0.9152666 0.4269016 0.9152666 0.4269016 0.9216602 0.4581521 0.9041123 0.4223697 0.9125811 0.4659495 0.9152666 0.4269016 0.934844 0.4089418 0.9708706 0.4467689 0.9216602 0.4581521 0.9633479 0.4120393 0.954879 0.4648051 0.5884184 0.1158313 0.560647 0.09365988 0.5991607 0.1107347 0.5613489 0.0823682 0.560647 0.09365988 0.5365835 0.1092546 0.5613489 0.0823682 0.5258564 0.1026322 0.5991607 0.1107347 0.5988556 0.1465324 0.5884184 0.1158313 0.5873808 0.1399252 0.5258564 0.1026322 0.5365835 0.1092546 0.5212329 0.1390555 0.5327535 0.1355307 0.5327535 0.1355307 0.5574273 0.1557336 0.5212329 0.1390555 0.5553063 0.1675135 0.5553063 0.1675135 0.5574273 0.1557336 0.5988556 0.1465324 0.5873808 0.1399252 0.5574273 0.1557336 0.5884184 0.1158313 0.5327535 0.1355307 0.5365835 0.1092546 0.560647 0.09365988 0.9633479 0.4120393 0.934844 0.4089418 0.9710079 0.4037232 0.9306935 0.3970398 0.954879 0.4648051 0.9596094 0.4771801 0.9216602 0.4581521 0.9125811 0.4659495 0.9710079 0.4037232 0.9824369 0.4495918 0.9633479 0.4120393 0.9708706 0.4467689 0.9596094 0.4771801 0.954879 0.4648051 0.9824369 0.4495918 0.9306935 0.3970398 0.934844 0.4089418 0.9041123 0.4223697 0.9152666 0.4269016 0.9152666 0.4269016 0.9216602 0.4581521 0.9041123 0.4223697 0.9125811 0.4659495 0.9152666 0.4269016 0.934844 0.4089418 0.9708706 0.4467689 0.9216602 0.4581521 0.9633479 0.4120393 0.954879 0.4648051 0.9633479 0.4120393 0.934844 0.4089418 0.9710079 0.4037232 0.9306935 0.3970398 0.954879 0.4648051 0.9596094 0.4771801 0.9216602 0.4581521 0.9125811 0.4659495 0.9710079 0.4037232 0.9824369 0.4495918 0.9633479 0.4120393 0.9708706 0.4467689 0.9596094 0.4771801 0.954879 0.4648051 0.9824369 0.4495918 0.9306935 0.3970398 0.934844 0.4089418 0.9041123 0.4223697 0.9152666 0.4269016 0.9152666 0.4269016 0.9216602 0.4581521 0.9041123 0.4223697 0.9125811 0.4659495 0.9152666 0.4269016 0.934844 0.4089418 0.9708706 0.4467689 0.9216602 0.4581521 0.9633479 0.4120393 0.954879 0.4648051 0.9633479 0.4120393 0.934844 0.4089418 0.9710079 0.4037232 0.9306935 0.3970398 0.954879 0.4648051 0.9596094 0.4771801 0.9216602 0.4581521 0.9125811 0.4659495 0.9710079 0.4037232 0.9824369 0.4495918 0.9633479 0.4120393 0.9708706 0.4467689 0.9596094 0.4771801 0.954879 0.4648051 0.9824369 0.4495918 0.9306935 0.3970398 0.934844 0.4089418 0.9041123 0.4223697 0.9152666 0.4269016 0.9152666 0.4269016 0.9216602 0.4581521 0.9041123 0.4223697 0.9125811 0.4659495 0.9152666 0.4269016 0.934844 0.4089418 0.9708706 0.4467689 0.9216602 0.4581521 0.9633479 0.4120393 0.954879 0.4648051 0.5884184 0.1158313 0.560647 0.09365988 0.5991607 0.1107347 0.5613489 0.0823682 0.560647 0.09365988 0.5365835 0.1092546 0.5613489 0.0823682 0.5258564 0.1026322 0.5991607 0.1107347 0.5988556 0.1465324 0.5884184 0.1158313 0.5873808 0.1399252 0.5258564 0.1026322 0.5365835 0.1092546 0.5212329 0.1390555 0.5327535 0.1355307 0.5327535 0.1355307 0.5574273 0.1557336 0.5212329 0.1390555 0.5553063 0.1675135 0.5553063 0.1675135 0.5574273 0.1557336 0.5988556 0.1465324 0.5873808 0.1399252 0.5574273 0.1557336 0.5884184 0.1158313 0.5327535 0.1355307 0.5365835 0.1092546 0.560647 0.09365988 0.5884184 0.1158313 0.560647 0.09365988 0.5991607 0.1107347 0.5613489 0.0823682 0.560647 0.09365988 0.5365835 0.1092546 0.5613489 0.0823682 0.5258564 0.1026322 0.5991607 0.1107347 0.5988556 0.1465324 0.5884184 0.1158313 0.5873808 0.1399252 0.5258564 0.1026322 0.5365835 0.1092546 0.5212329 0.1390555 0.5327535 0.1355307 0.5327535 0.1355307 0.5574273 0.1557336 0.5212329 0.1390555 0.5553063 0.1675135 0.5553063 0.1675135 0.5574273 0.1557336 0.5988556 0.1465324 0.5873808 0.1399252 0.5574273 0.1557336 0.5884184 0.1158313 0.5327535 0.1355307 0.5365835 0.1092546 0.560647 0.09365988 0.9633479 0.4120393 0.934844 0.4089418 0.9710079 0.4037232 0.9306935 0.3970398 0.954879 0.4648051 0.9596094 0.4771801 0.9216602 0.4581521 0.9125811 0.4659495 0.9710079 0.4037232 0.9824369 0.4495918 0.9633479 0.4120393 0.9708706 0.4467689 0.9824369 0.4495918 0.9596094 0.4771801 0.954879 0.4648051 0.9306935 0.3970398 0.934844 0.4089418 0.9041123 0.4223697 0.9152666 0.4269016 0.9152666 0.4269016 0.9216602 0.4581521 0.9041123 0.4223697 0.9125811 0.4659495 0.9152666 0.4269016 0.934844 0.4089418 0.9708706 0.4467689 0.9216602 0.4581521 0.9633479 0.4120393 0.954879 0.4648051 0.9633479 0.4120393 0.934844 0.4089418 0.9710079 0.4037232 0.9306935 0.3970398 0.954879 0.4648051 0.9596094 0.4771801 0.9216602 0.4581521 0.9125811 0.4659495 0.9710079 0.4037232 0.9824369 0.4495918 0.9633479 0.4120393 0.9708706 0.4467689 0.9824369 0.4495918 0.9596094 0.4771801 0.954879 0.4648051 0.9306935 0.3970398 0.934844 0.4089418 0.9041123 0.4223697 0.9152666 0.4269016 0.9152666 0.4269016 0.9216602 0.4581521 0.9041123 0.4223697 0.9125811 0.4659495 0.9152666 0.4269016 0.9708706 0.4467689 0.9216602 0.4581521 0.934844 0.4089418 0.954879 0.4648051 0.9633479 0.4120393 0.8964217 0.07367057 0.8477455 0.02861065 0.9095445 0.06900132 0.8492408 0.01516747 0.8477455 0.02861065 0.8008392 0.05438316 0.8492408 0.01516747 0.7882353 0.04585338 0.9095445 0.06900132 0.9059739 0.127306 0.8964217 0.07367057 0.8912489 0.1183947 0.7882353 0.04585338 0.8008392 0.05438316 0.7758755 0.1049821 0.7901274 0.1028 0.7901274 0.1028 0.8333257 0.1437553 0.7758755 0.1049821 0.8289616 0.1580071 0.8289616 0.1580071 0.8333257 0.1437553 0.9059739 0.127306 0.8912489 0.1183947 0.8333257 0.1437553 0.8964217 0.07367057 0.7901274 0.1028 0.8008392 0.05438316 0.8477455 0.02861065 0.8930801 0.2639658 0.8265049 0.2061799 0.922591 0.2523385 0.8323491 0.1749142 0.8424506 0.4002136 0.8744793 0.4218357 0.7245594 0.4484779 0.7176318 0.4821393 0.9191577 0.3230793 0.8744793 0.4218357 0.8892348 0.3098955 0.8424506 0.4002136 0.7078202 0.172549 0.717525 0.2017701 0.6123598 0.2403144 0.6416113 0.2580148 0.922591 0.2523385 0.9191577 0.3230793 0.8930801 0.2639658 0.8892348 0.3098955 0.6178225 0.3655757 0.6663005 0.424094 0.5845731 0.3725032 0.6510414 0.4531777 0.7176318 0.4821393 0.6510414 0.4531777 0.7245594 0.4484779 0.6663005 0.424094 0.7554436 0.3147784 0.8424506 0.4002136 0.6663005 0.424094 0.8892348 0.3098955 0.8930801 0.2639658 0.6416113 0.2580148 0.717525 0.2017701 0.8265049 0.2061799 0.6178225 0.3655757 0.6178225 0.3655757 0.5845731 0.3725032 0.6123598 0.2403144 0.8323491 0.1749142 0.7078202 0.172549 0.9633479 0.4120393 0.934844 0.4089418 0.9710079 0.4037232 0.9306935 0.3970398 0.954879 0.4648051 0.9596094 0.4771801 0.9216602 0.4581521 0.9125811 0.4659495 0.9710079 0.4037232 0.9824369 0.4495918 0.9633479 0.4120393 0.9708706 0.4467689 0.9824369 0.4495918 0.9596094 0.4771801 0.954879 0.4648051 0.9306935 0.3970398 0.934844 0.4089418 0.9041123 0.4223697 0.9152666 0.4269016 0.9152666 0.4269016 0.9216602 0.4581521 0.9041123 0.4223697 0.9125811 0.4659495 0.9152666 0.4269016 0.9708706 0.4467689 0.9216602 0.4581521 0.934844 0.4089418 0.9633479 0.4120393 0.954879 0.4648051 0.5884184 0.1158313 0.560647 0.09365988 0.5991607 0.1107347 0.5613489 0.0823682 0.560647 0.09365988 0.5365835 0.1092546 0.5613489 0.0823682 0.5258564 0.1026322 0.5991607 0.1107347 0.5988556 0.1465324 0.5884184 0.1158313 0.5873808 0.1399252 0.5258564 0.1026322 0.5365835 0.1092546 0.5212329 0.1390555 0.5327535 0.1355307 0.5327535 0.1355307 0.5574273 0.1557336 0.5212329 0.1390555 0.5553063 0.1675135 0.5553063 0.1675135 0.5574273 0.1557336 0.5988556 0.1465324 0.5873808 0.1399252 0.5574273 0.1557336 0.5884184 0.1158313 0.5327535 0.1355307 0.5365835 0.1092546 0.560647 0.09365988 0.9633479 0.4120393 0.934844 0.4089418 0.9710079 0.4037232 0.9306935 0.3970398 0.954879 0.4648051 0.9596094 0.4771801 0.9216602 0.4581521 0.9125811 0.4659495 0.9710079 0.4037232 0.9824369 0.4495918 0.9633479 0.4120393 0.9708706 0.4467689 0.9824369 0.4495918 0.9596094 0.4771801 0.954879 0.4648051 0.9306935 0.3970398 0.934844 0.4089418 0.9041123 0.4223697 0.9152666 0.4269016 0.9152666 0.4269016 0.9216602 0.4581521 0.9041123 0.4223697 0.9125811 0.4659495 0.9152666 0.4269016 0.934844 0.4089418 0.9708706 0.4467689 0.9216602 0.4581521 0.9633479 0.4120393 0.954879 0.4648051 0.9633479 0.4120393 0.934844 0.4089418 0.9710079 0.4037232 0.9306935 0.3970398 0.954879 0.4648051 0.9596094 0.4771801 0.9216602 0.4581521 0.9125811 0.4659495 0.9710079 0.4037232 0.9824369 0.4495918 0.9633479 0.4120393 0.9708706 0.4467689 0.9824369 0.4495918 0.9596094 0.4771801 0.954879 0.4648051 0.9306935 0.3970398 0.934844 0.4089418 0.9041123 0.4223697 0.9152666 0.4269016 0.9152666 0.4269016 0.9216602 0.4581521 0.9041123 0.4223697 0.9125811 0.4659495 0.9152666 0.4269016 0.934844 0.4089418 0.9708706 0.4467689 0.9216602 0.4581521 0.9633479 0.4120393 0.954879 0.4648051 0.8964217 0.07367057 0.8477455 0.02861065 0.9095445 0.06900132 0.8492408 0.01516747 0.8477455 0.02861065 0.8008392 0.05438316 0.8492408 0.01516747 0.7882353 0.04585338 0.9095445 0.06900132 0.9059739 0.127306 0.8964217 0.07367057 0.8912489 0.1183947 0.7882353 0.04585338 0.8008392 0.05438316 0.7758755 0.1049821 0.7901274 0.1028 0.7901274 0.1028 0.8333257 0.1437553 0.7758755 0.1049821 0.8289616 0.1580071 0.8289616 0.1580071 0.8333257 0.1437553 0.9059739 0.127306 0.8912489 0.1183947 0.8333257 0.1437553 0.8964217 0.07367057 0.7901274 0.1028 0.8008392 0.05438316 0.8477455 0.02861065 0.9633479 0.4120393 0.934844 0.4089418 0.9710079 0.4037232 0.9306935 0.3970398 0.954879 0.4648051 0.9596094 0.4771801 0.9216602 0.4581521 0.9125811 0.4659495 0.9710079 0.4037232 0.9824369 0.4495918 0.9633479 0.4120393 0.9708706 0.4467689 0.9824369 0.4495918 0.9596094 0.4771801 0.954879 0.4648051 0.9306935 0.3970398 0.934844 0.4089418 0.9041123 0.4223697 0.9152666 0.4269016 0.9152666 0.4269016 0.9216602 0.4581521 0.9041123 0.4223697 0.9125811 0.4659495 0.9152666 0.4269016 0.9708706 0.4467689 0.9216602 0.4581521 0.934844 0.4089418 0.9633479 0.4120393 0.954879 0.4648051 0.5884184 0.1158313 0.560647 0.09365988 0.5991607 0.1107347 0.5613489 0.0823682 0.560647 0.09365988 0.5365835 0.1092546 0.5613489 0.0823682 0.5258564 0.1026322 0.5991607 0.1107347 0.5988556 0.1465324 0.5884184 0.1158313 0.5873808 0.1399252 0.5258564 0.1026322 0.5365835 0.1092546 0.5212329 0.1390555 0.5327535 0.1355307 0.5327535 0.1355307 0.5574273 0.1557336 0.5212329 0.1390555 0.5553063 0.1675135 0.5553063 0.1675135 0.5574273 0.1557336 0.5988556 0.1465324 0.5873808 0.1399252 0.5574273 0.1557336 0.5884184 0.1158313 0.5327535 0.1355307 0.5365835 0.1092546 0.560647 0.09365988 0.9633479 0.4120393 0.934844 0.4089418 0.9710079 0.4037232 0.9306935 0.3970398 0.954879 0.4648051 0.9596094 0.4771801 0.9216602 0.4581521 0.9125811 0.4659495 0.9710079 0.4037232 0.9824369 0.4495918 0.9633479 0.4120393 0.9708706 0.4467689 0.9596094 0.4771801 0.954879 0.4648051 0.9824369 0.4495918 0.9306935 0.3970398 0.934844 0.4089418 0.9041123 0.4223697 0.9152666 0.4269016 0.9152666 0.4269016 0.9216602 0.4581521 0.9041123 0.4223697 0.9125811 0.4659495 0.9152666 0.4269016 0.934844 0.4089418 0.9708706 0.4467689 0.9216602 0.4581521 0.9633479 0.4120393 0.954879 0.4648051 0.9633479 0.4120393 0.934844 0.4089418 0.9710079 0.4037232 0.9306935 0.3970398 0.954879 0.4648051 0.9596094 0.4771801 0.9216602 0.4581521 0.9125811 0.4659495 0.9710079 0.4037232 0.9824369 0.4495918 0.9633479 0.4120393 0.9708706 0.4467689 0.9824369 0.4495918 0.9596094 0.4771801 0.954879 0.4648051 0.9306935 0.3970398 0.934844 0.4089418 0.9041123 0.4223697 0.9152666 0.4269016 0.9152666 0.4269016 0.9216602 0.4581521 0.9041123 0.4223697 0.9125811 0.4659495 0.9152666 0.4269016 0.934844 0.4089418 0.9708706 0.4467689 0.9216602 0.4581521 0.9633479 0.4120393 0.954879 0.4648051 0.8964217 0.07367057 0.8477455 0.02861065 0.9095445 0.06900132 0.8492408 0.01516747 0.8477455 0.02861065 0.8008392 0.05438316 0.8492408 0.01516747 0.7882353 0.04585338 0.9095445 0.06900132 0.9059739 0.127306 0.8964217 0.07367057 0.8912489 0.1183947 0.7882353 0.04585338 0.8008392 0.05438316 0.7758755 0.1049821 0.7901274 0.1028 0.7901274 0.1028 0.8333257 0.1437553 0.7758755 0.1049821 0.8289616 0.1580071 0.8289616 0.1580071 0.8333257 0.1437553 0.9059739 0.127306 0.8912489 0.1183947 0.8333257 0.1437553 0.8964217 0.07367057 0.7901274 0.1028 0.8008392 0.05438316 0.8477455 0.02861065 0.9633479 0.4120393 0.934844 0.4089418 0.9710079 0.4037232 0.9306935 0.3970398 0.954879 0.4648051 0.9596094 0.4771801 0.9216602 0.4581521 0.9125811 0.4659495 0.9710079 0.4037232 0.9824369 0.4495918 0.9633479 0.4120393 0.9708706 0.4467689 0.9596094 0.4771801 0.954879 0.4648051 0.9824369 0.4495918 0.9306935 0.3970398 0.934844 0.4089418 0.9041123 0.4223697 0.9152666 0.4269016 0.9152666 0.4269016 0.9216602 0.4581521 0.9041123 0.4223697 0.9125811 0.4659495 0.9152666 0.4269016 0.934844 0.4089418 0.9708706 0.4467689 0.9216602 0.4581521 0.9633479 0.4120393 0.954879 0.4648051 0.8964217 0.07367057 0.8477455 0.02861065 0.9095445 0.06900132 0.8492408 0.01516747 0.8477455 0.02861065 0.8008392 0.05438316 0.8492408 0.01516747 0.7882353 0.04585338 0.9095445 0.06900132 0.9059739 0.127306 0.8964217 0.07367057 0.8912489 0.1183947 0.7882353 0.04585338 0.8008392 0.05438316 0.7758755 0.1049821 0.7901274 0.1028 0.7901274 0.1028 0.8333257 0.1437553 0.7758755 0.1049821 0.8289616 0.1580071 0.8289616 0.1580071 0.8333257 0.1437553 0.9059739 0.127306 0.8912489 0.1183947 0.8333257 0.1437553 0.8964217 0.07367057 0.7901274 0.1028 0.8008392 0.05438316 0.8477455 0.02861065 0.8964217 0.07367057 0.8477455 0.02861065 0.9095445 0.06900132 0.8492408 0.01516747 0.8477455 0.02861065 0.8008392 0.05438316 0.8492408 0.01516747 0.7882353 0.04585338 0.9095445 0.06900132 0.9059739 0.127306 0.8964217 0.07367057 0.8912489 0.1183947 0.7882353 0.04585338 0.8008392 0.05438316 0.7758755 0.1049821 0.7901274 0.1028 0.7901274 0.1028 0.8333257 0.1437553 0.7758755 0.1049821 0.8289616 0.1580071 0.8289616 0.1580071 0.8333257 0.1437553 0.9059739 0.127306 0.8912489 0.1183947 0.8333257 0.1437553 0.8964217 0.07367057 0.7901274 0.1028 0.8008392 0.05438316 0.8477455 0.02861065 0.9633479 0.4120393 0.934844 0.4089418 0.9710079 0.4037232 0.9306935 0.3970398 0.954879 0.4648051 0.9596094 0.4771801 0.9216602 0.4581521 0.9125811 0.4659495 0.9710079 0.4037232 0.9824369 0.4495918 0.9633479 0.4120393 0.9708706 0.4467689 0.9596094 0.4771801 0.954879 0.4648051 0.9824369 0.4495918 0.9306935 0.3970398 0.934844 0.4089418 0.9041123 0.4223697 0.9152666 0.4269016 0.9152666 0.4269016 0.9216602 0.4581521 0.9041123 0.4223697 0.9125811 0.4659495 0.9152666 0.4269016 0.934844 0.4089418 0.9708706 0.4467689 0.9216602 0.4581521 0.9633479 0.4120393 0.954879 0.4648051 0.9633479 0.4120393 0.934844 0.4089418 0.9710079 0.4037232 0.9306935 0.3970398 0.954879 0.4648051 0.9596094 0.4771801 0.9216602 0.4581521 0.9125811 0.4659495 0.9710079 0.4037232 0.9824369 0.4495918 0.9633479 0.4120393 0.9708706 0.4467689 0.9596094 0.4771801 0.954879 0.4648051 0.9824369 0.4495918 0.9306935 0.3970398 0.934844 0.4089418 0.9041123 0.4223697 0.9152666 0.4269016 0.9152666 0.4269016 0.9216602 0.4581521 0.9041123 0.4223697 0.9125811 0.4659495 0.9152666 0.4269016 0.934844 0.4089418 0.9708706 0.4467689 0.9216602 0.4581521 0.9633479 0.4120393 0.954879 0.4648051 0.9633479 0.4120393 0.934844 0.4089418 0.9710079 0.4037232 0.9306935 0.3970398 0.954879 0.4648051 0.9596094 0.4771801 0.9216602 0.4581521 0.9125811 0.4659495 0.9710079 0.4037232 0.9824369 0.4495918 0.9633479 0.4120393 0.9708706 0.4467689 0.9596094 0.4771801 0.954879 0.4648051 0.9824369 0.4495918 0.9306935 0.3970398 0.934844 0.4089418 0.9041123 0.4223697 0.9152666 0.4269016 0.9152666 0.4269016 0.9216602 0.4581521 0.9041123 0.4223697 0.9125811 0.4659495 0.9152666 0.4269016 0.934844 0.4089418 0.9708706 0.4467689 0.9216602 0.4581521 0.9633479 0.4120393 0.954879 0.4648051 0.8964217 0.07367057 0.8477455 0.02861065 0.9095445 0.06900132 0.8492408 0.01516747 0.8477455 0.02861065 0.8008392 0.05438316 0.8492408 0.01516747 0.7882353 0.04585338 0.9095445 0.06900132 0.9059739 0.127306 0.8964217 0.07367057 0.8912489 0.1183947 0.7882353 0.04585338 0.8008392 0.05438316 0.7758755 0.1049821 0.7901274 0.1028 0.7901274 0.1028 0.8333257 0.1437553 0.7758755 0.1049821 0.8289616 0.1580071 0.8289616 0.1580071 0.8333257 0.1437553 0.9059739 0.127306 0.8912489 0.1183947 0.8333257 0.1437553 0.8964217 0.07367057 0.7901274 0.1028 0.8008392 0.05438316 0.8477455 0.02861065 0.8964217 0.07367057 0.8477455 0.02861065 0.9095445 0.06900132 0.8492408 0.01516747 0.8477455 0.02861065 0.8008392 0.05438316 0.8492408 0.01516747 0.7882353 0.04585338 0.9095445 0.06900132 0.9059739 0.127306 0.8964217 0.07367057 0.8912489 0.1183947 0.7882353 0.04585338 0.8008392 0.05438316 0.7758755 0.1049821 0.7901274 0.1028 0.7901274 0.1028 0.8333257 0.1437553 0.7758755 0.1049821 0.8289616 0.1580071 0.8289616 0.1580071 0.8333257 0.1437553 0.9059739 0.127306 0.8912489 0.1183947 0.8333257 0.1437553 0.8964217 0.07367057 0.7901274 0.1028 0.8008392 0.05438316 0.8477455 0.02861065 0.9633479 0.4120393 0.934844 0.4089418 0.9710079 0.4037232 0.9306935 0.3970398 0.954879 0.4648051 0.9596094 0.4771801 0.9216602 0.4581521 0.9125811 0.4659495 0.9710079 0.4037232 0.9824369 0.4495918 0.9633479 0.4120393 0.9708706 0.4467689 0.9596094 0.4771801 0.954879 0.4648051 0.9824369 0.4495918 0.9306935 0.3970398 0.934844 0.4089418 0.9041123 0.4223697 0.9152666 0.4269016 0.9152666 0.4269016 0.9216602 0.4581521 0.9041123 0.4223697 0.9125811 0.4659495 0.9152666 0.4269016 0.934844 0.4089418 0.9708706 0.4467689 0.9216602 0.4581521 0.9633479 0.4120393 0.954879 0.4648051 0.5884184 0.1158313 0.560647 0.09365988 0.5991607 0.1107347 0.5613489 0.0823682 0.560647 0.09365988 0.5365835 0.1092546 0.5613489 0.0823682 0.5258564 0.1026322 0.5991607 0.1107347 0.5988556 0.1465324 0.5884184 0.1158313 0.5873808 0.1399252 0.5258564 0.1026322 0.5365835 0.1092546 0.5212329 0.1390555 0.5327535 0.1355307 0.5327535 0.1355307 0.5574273 0.1557336 0.5212329 0.1390555 0.5553063 0.1675135 0.5553063 0.1675135 0.5574273 0.1557336 0.5988556 0.1465324 0.5873808 0.1399252 0.5574273 0.1557336 0.5884184 0.1158313 0.5327535 0.1355307 0.5365835 0.1092546 0.560647 0.09365988 0.9633479 0.4120393 0.934844 0.4089418 0.9710079 0.4037232 0.9306935 0.3970398 0.954879 0.4648051 0.9596094 0.4771801 0.9216602 0.4581521 0.9125811 0.4659495 0.9710079 0.4037232 0.9824369 0.4495918 0.9633479 0.4120393 0.9708706 0.4467689 0.9596094 0.4771801 0.954879 0.4648051 0.9824369 0.4495918 0.9306935 0.3970398 0.934844 0.4089418 0.9041123 0.4223697 0.9152666 0.4269016 0.9152666 0.4269016 0.9216602 0.4581521 0.9041123 0.4223697 0.9125811 0.4659495 0.9152666 0.4269016 0.9708706 0.4467689 0.9216602 0.4581521 0.934844 0.4089418 0.954879 0.4648051 0.9633479 0.4120393 0.9633479 0.4120393 0.934844 0.4089418 0.9710079 0.4037232 0.9306935 0.3970398 0.954879 0.4648051 0.9596094 0.4771801 0.9216602 0.4581521 0.9125811 0.4659495 0.9710079 0.4037232 0.9824369 0.4495918 0.9633479 0.4120393 0.9708706 0.4467689 0.9824369 0.4495918 0.9596094 0.4771801 0.954879 0.4648051 0.9306935 0.3970398 0.934844 0.4089418 0.9041123 0.4223697 0.9152666 0.4269016 0.9152666 0.4269016 0.9216602 0.4581521 0.9041123 0.4223697 0.9125811 0.4659495 0.9152666 0.4269016 0.9708706 0.4467689 0.9216602 0.4581521 0.934844 0.4089418 0.954879 0.4648051 0.9633479 0.4120393 0.8964217 0.07367057 0.8477455 0.02861065 0.9095445 0.06900132 0.8492408 0.01516747 0.8477455 0.02861065 0.8008392 0.05438316 0.8492408 0.01516747 0.7882353 0.04585338 0.9095445 0.06900132 0.9059739 0.127306 0.8964217 0.07367057 0.8912489 0.1183947 0.7882353 0.04585338 0.8008392 0.05438316 0.7758755 0.1049821 0.7901274 0.1028 0.7901274 0.1028 0.8333257 0.1437553 0.7758755 0.1049821 0.8289616 0.1580071 0.8289616 0.1580071 0.8333257 0.1437553 0.9059739 0.127306 0.8912489 0.1183947 0.8333257 0.1437553 0.8964217 0.07367057 0.7901274 0.1028 0.8008392 0.05438316 0.8477455 0.02861065 0.9633479 0.4120393 0.934844 0.4089418 0.9710079 0.4037232 0.9306935 0.3970398 0.954879 0.4648051 0.9596094 0.4771801 0.9216602 0.4581521 0.9125811 0.4659495 0.9710079 0.4037232 0.9824369 0.4495918 0.9633479 0.4120393 0.9708706 0.4467689 0.9824369 0.4495918 0.9596094 0.4771801 0.954879 0.4648051 0.9306935 0.3970398 0.934844 0.4089418 0.9041123 0.4223697 0.9152666 0.4269016 0.9152666 0.4269016 0.9216602 0.4581521 0.9041123 0.4223697 0.9125811 0.4659495 0.9152666 0.4269016 0.934844 0.4089418 0.9708706 0.4467689 0.9216602 0.4581521 0.9633479 0.4120393 0.954879 0.4648051 0.9633479 0.4120393 0.934844 0.4089418 0.9710079 0.4037232 0.9306935 0.3970398 0.954879 0.4648051 0.9596094 0.4771801 0.9216602 0.4581521 0.9125811 0.4659495 0.9710079 0.4037232 0.9824369 0.4495918 0.9633479 0.4120393 0.9708706 0.4467689 0.9596094 0.4771801 0.954879 0.4648051 0.9824369 0.4495918 0.9306935 0.3970398 0.934844 0.4089418 0.9041123 0.4223697 0.9152666 0.4269016 0.9152666 0.4269016 0.9216602 0.4581521 0.9041123 0.4223697 0.9125811 0.4659495 0.9152666 0.4269016 0.9708706 0.4467689 0.9216602 0.4581521 0.934844 0.4089418 0.9633479 0.4120393 0.954879 0.4648051 0.8964217 0.07367057 0.8477455 0.02861065 0.9095445 0.06900132 0.8492408 0.01516747 0.8477455 0.02861065 0.8008392 0.05438316 0.8492408 0.01516747 0.7882353 0.04585338 0.9095445 0.06900132 0.9059739 0.127306 0.8964217 0.07367057 0.8912489 0.1183947 0.7882353 0.04585338 0.8008392 0.05438316 0.7758755 0.1049821 0.7901274 0.1028 0.7901274 0.1028 0.8333257 0.1437553 0.7758755 0.1049821 0.8289616 0.1580071 0.8289616 0.1580071 0.8333257 0.1437553 0.9059739 0.127306 0.8912489 0.1183947 0.8333257 0.1437553 0.8964217 0.07367057 0.7901274 0.1028 0.8008392 0.05438316 0.8477455 0.02861065 0.9633479 0.4120393 0.934844 0.4089418 0.9710079 0.4037232 0.9306935 0.3970398 0.954879 0.4648051 0.9596094 0.4771801 0.9216602 0.4581521 0.9125811 0.4659495 0.9710079 0.4037232 0.9824369 0.4495918 0.9633479 0.4120393 0.9708706 0.4467689 0.9596094 0.4771801 0.954879 0.4648051 0.9824369 0.4495918 0.9306935 0.3970398 0.934844 0.4089418 0.9041123 0.4223697 0.9152666 0.4269016 0.9152666 0.4269016 0.9216602 0.4581521 0.9041123 0.4223697 0.9125811 0.4659495 0.9152666 0.4269016 0.9708706 0.4467689 0.9216602 0.4581521 0.934844 0.4089418 0.954879 0.4648051 0.9633479 0.4120393 0.5884184 0.1158313 0.560647 0.09365988 0.5991607 0.1107347 0.5613489 0.0823682 0.560647 0.09365988 0.5365835 0.1092546 0.5613489 0.0823682 0.5258564 0.1026322 0.5991607 0.1107347 0.5988556 0.1465324 0.5884184 0.1158313 0.5873808 0.1399252 0.5258564 0.1026322 0.5365835 0.1092546 0.5212329 0.1390555 0.5327535 0.1355307 0.5327535 0.1355307 0.5574273 0.1557336 0.5212329 0.1390555 0.5553063 0.1675135 0.5553063 0.1675135 0.5574273 0.1557336 0.5988556 0.1465324 0.5873808 0.1399252 0.5574273 0.1557336 0.5884184 0.1158313 0.5327535 0.1355307 0.5365835 0.1092546 0.560647 0.09365988 0.8964217 0.07367057 0.8477455 0.02861065 0.9095445 0.06900132 0.8492408 0.01516747 0.8477455 0.02861065 0.8008392 0.05438316 0.8492408 0.01516747 0.7882353 0.04585338 0.9095445 0.06900132 0.9059739 0.127306 0.8964217 0.07367057 0.8912489 0.1183947 0.7882353 0.04585338 0.8008392 0.05438316 0.7758755 0.1049821 0.7901274 0.1028 0.7901274 0.1028 0.8333257 0.1437553 0.7758755 0.1049821 0.8289616 0.1580071 0.8289616 0.1580071 0.8333257 0.1437553 0.9059739 0.127306 0.8912489 0.1183947 0.8333257 0.1437553 0.8964217 0.07367057 0.7901274 0.1028 0.8008392 0.05438316 0.8477455 0.02861065 0.9633479 0.4120393 0.934844 0.4089418 0.9710079 0.4037232 0.9306935 0.3970398 0.954879 0.4648051 0.9596094 0.4771801 0.9216602 0.4581521 0.9125811 0.4659495 0.9710079 0.4037232 0.9824369 0.4495918 0.9633479 0.4120393 0.9708706 0.4467689 0.9596094 0.4771801 0.954879 0.4648051 0.9824369 0.4495918 0.9306935 0.3970398 0.934844 0.4089418 0.9041123 0.4223697 0.9152666 0.4269016 0.9152666 0.4269016 0.9216602 0.4581521 0.9041123 0.4223697 0.9125811 0.4659495 0.9152666 0.4269016 0.934844 0.4089418 0.9708706 0.4467689 0.9216602 0.4581521 0.9633479 0.4120393 0.954879 0.4648051 0.9633479 0.4120393 0.934844 0.4089418 0.9710079 0.4037232 0.9306935 0.3970398 0.954879 0.4648051 0.9596094 0.4771801 0.9216602 0.4581521 0.9125811 0.4659495 0.9710079 0.4037232 0.9824369 0.4495918 0.9633479 0.4120393 0.9708706 0.4467689 0.9824369 0.4495918 0.9596094 0.4771801 0.954879 0.4648051 0.9306935 0.3970398 0.934844 0.4089418 0.9041123 0.4223697 0.9152666 0.4269016 0.9152666 0.4269016 0.9216602 0.4581521 0.9041123 0.4223697 0.9125811 0.4659495 0.9152666 0.4269016 0.934844 0.4089418 0.9708706 0.4467689 0.9216602 0.4581521 0.9633479 0.4120393 0.954879 0.4648051 0.9633479 0.4120393 0.934844 0.4089418 0.9710079 0.4037232 0.9306935 0.3970398 0.954879 0.4648051 0.9596094 0.4771801 0.9216602 0.4581521 0.9125811 0.4659495 0.9710079 0.4037232 0.9824369 0.4495918 0.9633479 0.4120393 0.9708706 0.4467689 0.9596094 0.4771801 0.954879 0.4648051 0.9824369 0.4495918 0.9306935 0.3970398 0.934844 0.4089418 0.9041123 0.4223697 0.9152666 0.4269016 0.9152666 0.4269016 0.9216602 0.4581521 0.9041123 0.4223697 0.9125811 0.4659495 0.9152666 0.4269016 0.9708706 0.4467689 0.9216602 0.4581521 0.934844 0.4089418 0.954879 0.4648051 0.9633479 0.4120393 0.9633479 0.4120393 0.934844 0.4089418 0.9710079 0.4037232 0.9306935 0.3970398 0.954879 0.4648051 0.9596094 0.4771801 0.9216602 0.4581521 0.9125811 0.4659495 0.9710079 0.4037232 0.9824369 0.4495918 0.9633479 0.4120393 0.9708706 0.4467689 0.9824369 0.4495918 0.9596094 0.4771801 0.954879 0.4648051 0.9306935 0.3970398 0.934844 0.4089418 0.9041123 0.4223697 0.9152666 0.4269016 0.9152666 0.4269016 0.9216602 0.4581521 0.9041123 0.4223697 0.9125811 0.4659495 0.9152666 0.4269016 0.934844 0.4089418 0.9708706 0.4467689 0.9216602 0.4581521 0.9633479 0.4120393 0.954879 0.4648051 0.8964217 0.07367057 0.8477455 0.02861065 0.9095445 0.06900132 0.8492408 0.01516747 0.8477455 0.02861065 0.8008392 0.05438316 0.8492408 0.01516747 0.7882353 0.04585338 0.9095445 0.06900132 0.9059739 0.127306 0.8964217 0.07367057 0.8912489 0.1183947 0.7882353 0.04585338 0.8008392 0.05438316 0.7758755 0.1049821 0.7901274 0.1028 0.7901274 0.1028 0.8333257 0.1437553 0.7758755 0.1049821 0.8289616 0.1580071 0.8289616 0.1580071 0.8333257 0.1437553 0.9059739 0.127306 0.8912489 0.1183947 0.8333257 0.1437553 0.8964217 0.07367057 0.7901274 0.1028 0.8008392 0.05438316 0.8477455 0.02861065 0.9633479 0.4120393 0.934844 0.4089418 0.9710079 0.4037232 0.9306935 0.3970398 0.954879 0.4648051 0.9596094 0.4771801 0.9216602 0.4581521 0.9125811 0.4659495 0.9710079 0.4037232 0.9824369 0.4495918 0.9633479 0.4120393 0.9708706 0.4467689 0.9824369 0.4495918 0.9596094 0.4771801 0.954879 0.4648051 0.9306935 0.3970398 0.934844 0.4089418 0.9041123 0.4223697 0.9152666 0.4269016 0.9152666 0.4269016 0.9216602 0.4581521 0.9041123 0.4223697 0.9125811 0.4659495 0.9152666 0.4269016 0.9708706 0.4467689 0.9216602 0.4581521 0.934844 0.4089418 0.9633479 0.4120393 0.954879 0.4648051 0.9633479 0.4120393 0.934844 0.4089418 0.9710079 0.4037232 0.9306935 0.3970398 0.954879 0.4648051 0.9596094 0.4771801 0.9216602 0.4581521 0.9125811 0.4659495 0.9710079 0.4037232 0.9824369 0.4495918 0.9633479 0.4120393 0.9708706 0.4467689 0.9596094 0.4771801 0.954879 0.4648051 0.9824369 0.4495918 0.9306935 0.3970398 0.934844 0.4089418 0.9041123 0.4223697 0.9152666 0.4269016 0.9152666 0.4269016 0.9216602 0.4581521 0.9041123 0.4223697 0.9125811 0.4659495 0.9152666 0.4269016 0.934844 0.4089418 0.9708706 0.4467689 0.9216602 0.4581521 0.9633479 0.4120393 0.954879 0.4648051 0.9633479 0.4120393 0.934844 0.4089418 0.9710079 0.4037232 0.9306935 0.3970398 0.954879 0.4648051 0.9596094 0.4771801 0.9216602 0.4581521 0.9125811 0.4659495 0.9710079 0.4037232 0.9824369 0.4495918 0.9633479 0.4120393 0.9708706 0.4467689 0.9596094 0.4771801 0.954879 0.4648051 0.9824369 0.4495918 0.9306935 0.3970398 0.934844 0.4089418 0.9041123 0.4223697 0.9152666 0.4269016 0.9152666 0.4269016 0.9216602 0.4581521 0.9041123 0.4223697 0.9125811 0.4659495 0.9152666 0.4269016 0.9708706 0.4467689 0.9216602 0.4581521 0.934844 0.4089418 0.9633479 0.4120393 0.954879 0.4648051 0.8964217 0.07367057 0.8477455 0.02861065 0.9095445 0.06900132 0.8492408 0.01516747 0.8477455 0.02861065 0.8008392 0.05438316 0.8492408 0.01516747 0.7882353 0.04585338 0.9095445 0.06900132 0.9059739 0.127306 0.8964217 0.07367057 0.8912489 0.1183947 0.7882353 0.04585338 0.8008392 0.05438316 0.7758755 0.1049821 0.7901274 0.1028 0.7901274 0.1028 0.8333257 0.1437553 0.7758755 0.1049821 0.8289616 0.1580071 0.8289616 0.1580071 0.8333257 0.1437553 0.9059739 0.127306 0.8912489 0.1183947 0.8333257 0.1437553 0.8964217 0.07367057 0.7901274 0.1028 0.8008392 0.05438316 0.8477455 0.02861065 0.8964217 0.07367057 0.8477455 0.02861065 0.9095445 0.06900132 0.8492408 0.01516747 0.8477455 0.02861065 0.8008392 0.05438316 0.8492408 0.01516747 0.7882353 0.04585338 0.9095445 0.06900132 0.9059739 0.127306 0.8964217 0.07367057 0.8912489 0.1183947 0.7882353 0.04585338 0.8008392 0.05438316 0.7758755 0.1049821 0.7901274 0.1028 0.7901274 0.1028 0.8333257 0.1437553 0.7758755 0.1049821 0.8289616 0.1580071 0.8289616 0.1580071 0.8333257 0.1437553 0.9059739 0.127306 0.8912489 0.1183947 0.8333257 0.1437553 0.8964217 0.07367057 0.7901274 0.1028 0.8008392 0.05438316 0.8477455 0.02861065 0.8964217 0.07367057 0.8477455 0.02861065 0.9095445 0.06900132 0.8492408 0.01516747 0.8477455 0.02861065 0.8008392 0.05438316 0.8492408 0.01516747 0.7882353 0.04585338 0.9095445 0.06900132 0.9059739 0.127306 0.8964217 0.07367057 0.8912489 0.1183947 0.7882353 0.04585338 0.8008392 0.05438316 0.7758755 0.1049821 0.7901274 0.1028 0.7901274 0.1028 0.8333257 0.1437553 0.7758755 0.1049821 0.8289616 0.1580071 0.8289616 0.1580071 0.8333257 0.1437553 0.9059739 0.127306 0.8912489 0.1183947 0.8333257 0.1437553 0.8964217 0.07367057 0.7901274 0.1028 0.8008392 0.05438316 0.8477455 0.02861065 0.9633479 0.4120393 0.934844 0.4089418 0.9710079 0.4037232 0.9306935 0.3970398 0.954879 0.4648051 0.9596094 0.4771801 0.9216602 0.4581521 0.9125811 0.4659495 0.9710079 0.4037232 0.9824369 0.4495918 0.9633479 0.4120393 0.9708706 0.4467689 0.9824369 0.4495918 0.9596094 0.4771801 0.954879 0.4648051 0.9306935 0.3970398 0.934844 0.4089418 0.9041123 0.4223697 0.9152666 0.4269016 0.9152666 0.4269016 0.9216602 0.4581521 0.9041123 0.4223697 0.9125811 0.4659495 0.9152666 0.4269016 0.934844 0.4089418 0.9708706 0.4467689 0.9216602 0.4581521 0.9633479 0.4120393 0.954879 0.4648051 0.8964217 0.07367057 0.8477455 0.02861065 0.9095445 0.06900132 0.8492408 0.01516747 0.8477455 0.02861065 0.8008392 0.05438316 0.8492408 0.01516747 0.7882353 0.04585338 0.9095445 0.06900132 0.9059739 0.127306 0.8964217 0.07367057 0.8912489 0.1183947 0.7882353 0.04585338 0.8008392 0.05438316 0.7758755 0.1049821 0.7901274 0.1028 0.7901274 0.1028 0.8333257 0.1437553 0.7758755 0.1049821 0.8289616 0.1580071 0.8289616 0.1580071 0.8333257 0.1437553 0.9059739 0.127306 0.8912489 0.1183947 0.8333257 0.1437553 0.8964217 0.07367057 0.7901274 0.1028 0.8008392 0.05438316 0.8477455 0.02861065 0.9633479 0.4120393 0.934844 0.4089418 0.9710079 0.4037232 0.9306935 0.3970398 0.954879 0.4648051 0.9596094 0.4771801 0.9216602 0.4581521 0.9125811 0.4659495 0.9710079 0.4037232 0.9824369 0.4495918 0.9633479 0.4120393 0.9708706 0.4467689 0.9824369 0.4495918 0.9596094 0.4771801 0.954879 0.4648051 0.9306935 0.3970398 0.934844 0.4089418 0.9041123 0.4223697 0.9152666 0.4269016 0.9152666 0.4269016 0.9216602 0.4581521 0.9041123 0.4223697 0.9125811 0.4659495 0.9152666 0.4269016 0.934844 0.4089418 0.9708706 0.4467689 0.9216602 0.4581521 0.9633479 0.4120393 0.954879 0.4648051 0.9633479 0.4120393 0.934844 0.4089418 0.9710079 0.4037232 0.9306935 0.3970398 0.954879 0.4648051 0.9596094 0.4771801 0.9216602 0.4581521 0.9125811 0.4659495 0.9710079 0.4037232 0.9824369 0.4495918 0.9633479 0.4120393 0.9708706 0.4467689 0.9824369 0.4495918 0.9596094 0.4771801 0.954879 0.4648051 0.9306935 0.3970398 0.934844 0.4089418 0.9041123 0.4223697 0.9152666 0.4269016 0.9152666 0.4269016 0.9216602 0.4581521 0.9041123 0.4223697 0.9125811 0.4659495 0.9152666 0.4269016 0.934844 0.4089418 0.9708706 0.4467689 0.9216602 0.4581521 0.9633479 0.4120393 0.954879 0.4648051 0.9633479 0.4120393 0.934844 0.4089418 0.9710079 0.4037232 0.9306935 0.3970398 0.954879 0.4648051 0.9596094 0.4771801 0.9216602 0.4581521 0.9125811 0.4659495 0.9710079 0.4037232 0.9824369 0.4495918 0.9633479 0.4120393 0.9708706 0.4467689 0.9596094 0.4771801 0.954879 0.4648051 0.9824369 0.4495918 0.9306935 0.3970398 0.934844 0.4089418 0.9041123 0.4223697 0.9152666 0.4269016 0.9152666 0.4269016 0.9216602 0.4581521 0.9041123 0.4223697 0.9125811 0.4659495 0.9152666 0.4269016 0.9708706 0.4467689 0.9216602 0.4581521 0.934844 0.4089418 0.954879 0.4648051 0.9633479 0.4120393 0.9633479 0.4120393 0.934844 0.4089418 0.9710079 0.4037232 0.9306935 0.3970398 0.954879 0.4648051 0.9596094 0.4771801 0.9216602 0.4581521 0.9125811 0.4659495 0.9710079 0.4037232 0.9824369 0.4495918 0.9633479 0.4120393 0.9708706 0.4467689 0.9824369 0.4495918 0.9596094 0.4771801 0.954879 0.4648051 0.9306935 0.3970398 0.934844 0.4089418 0.9041123 0.4223697 0.9152666 0.4269016 0.9152666 0.4269016 0.9216602 0.4581521 0.9041123 0.4223697 0.9125811 0.4659495 0.9152666 0.4269016 0.934844 0.4089418 0.9708706 0.4467689 0.9216602 0.4581521 0.9633479 0.4120393 0.954879 0.4648051 0.8964217 0.07367057 0.8477455 0.02861065 0.9095445 0.06900132 0.8492408 0.01516747 0.8477455 0.02861065 0.8008392 0.05438316 0.8492408 0.01516747 0.7882353 0.04585338 0.9095445 0.06900132 0.9059739 0.127306 0.8964217 0.07367057 0.8912489 0.1183947 0.7882353 0.04585338 0.8008392 0.05438316 0.7758755 0.1049821 0.7901274 0.1028 0.7901274 0.1028 0.8333257 0.1437553 0.7758755 0.1049821 0.8289616 0.1580071 0.8289616 0.1580071 0.8333257 0.1437553 0.9059739 0.127306 0.8912489 0.1183947 0.8333257 0.1437553 0.8964217 0.07367057 0.7901274 0.1028 0.8008392 0.05438316 0.8477455 0.02861065 0.9028763 0.7280537 0.7536431 0.5899138 0.9470054 0.7119097 0.758938 0.5447929 0.7536431 0.5899138 0.6098115 0.6688945 0.758938 0.5447929 0.5679103 0.6400244 0.8869917 0.8651255 0.9350271 0.8950332 0.7094377 0.9428855 0.6955062 0.9904021 0.9470054 0.7119097 0.9350271 0.8950332 0.9028763 0.7280537 0.8869917 0.8651255 0.5679103 0.6400244 0.6098115 0.6688945 0.5293355 0.8255283 0.5769894 0.8173342 0.5769894 0.8173342 0.7094377 0.9428855 0.5293355 0.8255283 0.6955062 0.9904021 0.5769894 0.8173342 0.9028763 0.7280537 0.7094377 0.9428855 0.6098115 0.6688945 0.8869917 0.8651255 0.7536431 0.5899138 0.2542306 0.004013121 0.3405508 0.397055 0.1679103 0.397055 0.1679103 0.593576 0.3405508 0.593576 0.1679103 0.7900969 0.3405508 0.7900969 0.2542306 0.9866331 0.2542306 0.004013121 0.3405508 0.593576 0.1679103 0.593576 0.1679103 0.7900969 0.3405508 0.7900969 0.2542306 0.9866331 0.3405508 0.593576 0.1679103 0.593576 0.2542306 0.004013121 0.3405508 0.593576 0.1679103 0.7900969 0.3405508 0.7900969 0.2542306 0.9866331 0.1679103 0.7900969 0.3035782 0.4533913 0.3405508 0.7900969 0.2069581 0.4344701 0.2542306 0.9866331 0.1679103 0.7900969 0.1679103 0.7900969 0.2542306 0.004013121 0.3405508 0.593576 0.1679103 0.593576 0.1679103 0.7900969 0.3405508 0.7900969 0.2542306 0.9866331 0.2542306 0.004013121 0.3405508 0.593576 0.1679103 0.593576 0.3405508 0.7900969 0.1679103 0.7900969 0.2542306 0.9866331 0.2542306 0.004013121 0.3035782 0.4533913 0.2069581 0.4344701 0.9028763 0.7280537 0.7536431 0.5899138 0.9470054 0.7119097 0.758938 0.5447929 0.7536431 0.5899138 0.6098115 0.6688945 0.758938 0.5447929 0.5679103 0.6400244 0.8869917 0.8651255 0.9350271 0.8950332 0.7094377 0.9428855 0.6955062 0.9904021 0.9470054 0.7119097 0.9350271 0.8950332 0.9028763 0.7280537 0.8869917 0.8651255 0.5679103 0.6400244 0.6098115 0.6688945 0.5293355 0.8255283 0.5769894 0.8173342 0.5769894 0.8173342 0.7094377 0.9428855 0.5293355 0.8255283 0.6955062 0.9904021 0.5769894 0.8173342 0.9028763 0.7280537 0.7094377 0.9428855 0.6098115 0.6688945 0.8869917 0.8651255 0.7536431 0.5899138 0.2542306 0.004013121 0.3405508 0.397055 0.1679103 0.397055 0.3405508 0.593576 0.1679103 0.593576 0.3405508 0.7900969 0.1679103 0.7900969 0.2542306 0.9866331 0.2542306 0.004013121 0.3405508 0.593576 0.1679103 0.593576 0.3405508 0.7900969 0.1679103 0.7900969 0.2542306 0.9866331 0.3405508 0.593576 0.1679103 0.593576 0.2542306 0.004013121 0.3405508 0.593576 0.1679103 0.7900969 0.3405508 0.7900969 0.2542306 0.9866331 0.1679103 0.7900969 0.3035782 0.4533913 0.3405508 0.7900969 0.2069581 0.4344701 0.2542306 0.9866331 0.1679103 0.7900969 0.1679103 0.7900969 0.2542306 0.004013121 0.3405508 0.593576 0.1679103 0.593576 0.1679103 0.7900969 0.3405508 0.7900969 0.2542306 0.9866331 0.2542306 0.004013121 0.3405508 0.593576 0.1679103 0.593576 0.3405508 0.7900969 0.1679103 0.7900969 0.2542306 0.9866331 0.2542306 0.004013121 0.3035782 0.4533913 0.2069581 0.4344701 0.2542306 0.004013121 0.3405508 0.397055 0.1679103 0.397055 0.3405508 0.593576 0.1679103 0.593576 0.3405508 0.7900969 0.1679103 0.7900969 0.2542306 0.9866331 0.2542306 0.004013121 0.3405508 0.593576 0.1679103 0.593576 0.3405508 0.7900969 0.1679103 0.7900969 0.2542306 0.9866331 0.3405508 0.593576 0.1679103 0.593576 0.2542306 0.004013121 0.3405508 0.593576 0.1679103 0.7900969 0.3405508 0.7900969 0.2542306 0.9866331 0.1679103 0.7900969 0.3035782 0.4533913 0.3405508 0.7900969 0.2069581 0.4344701 0.2542306 0.9866331 0.1679103 0.7900969 0.1679103 0.7900969 0.2542306 0.004013121 0.3405508 0.593576 0.1679103 0.593576 0.1679103 0.7900969 0.3405508 0.7900969 0.2542306 0.9866331 0.2542306 0.004013121 0.3405508 0.593576 0.1679103 0.593576 0.1679103 0.7900969 0.3405508 0.7900969 0.2542306 0.9866331 0.2542306 0.004013121 0.3035782 0.4533913 0.2069581 0.4344701 0.6955062 0.9904021 0.7094377 0.9428855 0.9350271 0.8950332 0.8869917 0.8651255 0.5293355 0.8255283 0.5769894 0.8173342 0.7094377 0.9428855 0.6955062 0.9904021 0.8869917 0.8651255 0.9028763 0.7280537 0.9350271 0.8950332 0.9028763 0.7280537 0.7094377 0.9428855 0.5769894 0.8173342 0.8869917 0.8651255 0.9470054 0.7119097 0.6098115 0.6688945 0.5293355 0.8255283 0.5679103 0.6400244 0.6098115 0.6688945 0.5769894 0.8173342 0.9470054 0.7119097 0.9028763 0.7280537 0.7536431 0.5899138 0.7536431 0.5899138 0.758938 0.5447929 0.5679103 0.6400244 0.758938 0.5447929 0.6098115 0.6688945 0.7536431 0.5899138 0.2542306 0.004013121 0.3405508 0.397055 0.1679103 0.397055 0.1679103 0.593576 0.3405508 0.593576 0.1679103 0.7900969 0.3405508 0.7900969 0.2542306 0.9866331 0.2542306 0.004013121 0.3405508 0.593576 0.1679103 0.593576 0.3405508 0.7900969 0.1679103 0.7900969 0.2542306 0.9866331 0.3405508 0.593576 0.1679103 0.593576 0.2542306 0.004013121 0.3405508 0.593576 0.1679103 0.7900969 0.3405508 0.7900969 0.2542306 0.9866331 0.1679103 0.7900969 0.3035782 0.4533913 0.3405508 0.7900969 0.2069581 0.4344701 0.2542306 0.9866331 0.1679103 0.7900969 0.1679103 0.7900969 0.2542306 0.004013121 0.3405508 0.593576 0.1679103 0.593576 0.3405508 0.7900969 0.1679103 0.7900969 0.2542306 0.9866331 0.2542306 0.004013121 0.3405508 0.593576 0.1679103 0.593576 0.3405508 0.7900969 0.1679103 0.7900969 0.2542306 0.9866331 0.2542306 0.004013121 0.3035782 0.4533913 0.2069581 0.4344701 0.2542306 0.004013121 0.3405508 0.397055 0.1679103 0.397055 0.1679103 0.593576 0.3405508 0.593576 0.1679103 0.7900969 0.3405508 0.7900969 0.2542306 0.9866331 0.2542306 0.004013121 0.3405508 0.593576 0.1679103 0.593576 0.3405508 0.7900969 0.1679103 0.7900969 0.2542306 0.9866331 0.3405508 0.593576 0.1679103 0.593576 0.2542306 0.004013121 0.3405508 0.593576 0.1679103 0.7900969 0.3405508 0.7900969 0.2542306 0.9866331 0.1679103 0.7900969 0.3035782 0.4533913 0.3405508 0.7900969 0.2069581 0.4344701 0.2542306 0.9866331 0.1679103 0.7900969 0.1679103 0.7900969 0.2542306 0.004013121 0.3405508 0.593576 0.1679103 0.593576 0.1679103 0.7900969 0.3405508 0.7900969 0.2542306 0.9866331 0.2542306 0.004013121 0.3405508 0.593576 0.1679103 0.593576 0.1679103 0.7900969 0.3405508 0.7900969 0.2542306 0.9866331 0.2542306 0.004013121 0.3035782 0.4533913 0.2069581 0.4344701 0.9028763 0.7280537 0.7536431 0.5899138 0.9470054 0.7119097 0.758938 0.5447929 0.7536431 0.5899138 0.6098115 0.6688945 0.758938 0.5447929 0.5679103 0.6400244 0.8869917 0.8651255 0.9350271 0.8950332 0.7094377 0.9428855 0.6955062 0.9904021 0.9470054 0.7119097 0.9350271 0.8950332 0.9028763 0.7280537 0.8869917 0.8651255 0.5679103 0.6400244 0.6098115 0.6688945 0.5293355 0.8255283 0.5769894 0.8173342 0.5769894 0.8173342 0.7094377 0.9428855 0.5293355 0.8255283 0.6955062 0.9904021 0.5769894 0.8173342 0.9028763 0.7280537 0.7094377 0.9428855 0.6098115 0.6688945 0.8869917 0.8651255 0.7536431 0.5899138 0.9028763 0.7280537 0.7536431 0.5899138 0.9470054 0.7119097 0.758938 0.5447929 0.7536431 0.5899138 0.6098115 0.6688945 0.758938 0.5447929 0.5679103 0.6400244 0.8869917 0.8651255 0.9350271 0.8950332 0.7094377 0.9428855 0.6955062 0.9904021 0.9470054 0.7119097 0.9350271 0.8950332 0.9028763 0.7280537 0.8869917 0.8651255 0.5679103 0.6400244 0.6098115 0.6688945 0.5293355 0.8255283 0.5769894 0.8173342 0.5769894 0.8173342 0.7094377 0.9428855 0.5293355 0.8255283 0.6955062 0.9904021 0.5769894 0.8173342 0.9028763 0.7280537 0.7094377 0.9428855 0.6098115 0.6688945 0.8869917 0.8651255 0.7536431 0.5899138 0.8943923 0.7080033 0.7451591 0.5698787 0.9385214 0.6918746 0.7504692 0.5247577 0.7451591 0.5698787 0.6013275 0.6488594 0.7504692 0.5247577 0.5594262 0.619974 0.8785077 0.8450904 0.9265431 0.8749981 0.7009689 0.9228504 0.6870375 0.970367 0.9385214 0.6918746 0.9265431 0.8749981 0.8943923 0.7080033 0.8785077 0.8450904 0.5594262 0.619974 0.6013275 0.6488594 0.5208667 0.8054932 0.5685054 0.7972839 0.5685054 0.7972839 0.7009689 0.9228504 0.5208667 0.8054932 0.6870375 0.970367 0.5685054 0.7972839 0.8943923 0.7080033 0.7009689 0.9228504 0.6013275 0.6488594 0.8785077 0.8450904 0.7451591 0.5698787 0.8943923 0.7080033 0.7451591 0.5698787 0.9385214 0.6918746 0.7504692 0.5247577 0.7451591 0.5698787 0.6013275 0.6488594 0.7504692 0.5247577 0.5594262 0.619974 0.8785077 0.8450904 0.9265431 0.8749981 0.7009689 0.9228504 0.6870375 0.970367 0.9385214 0.6918746 0.9265431 0.8749981 0.8943923 0.7080033 0.8785077 0.8450904 0.5594262 0.619974 0.6013275 0.6488594 0.5208667 0.8054932 0.5685054 0.7972839 0.5685054 0.7972839 0.7009689 0.9228504 0.5208667 0.8054932 0.6870375 0.970367 0.5685054 0.7972839 0.8943923 0.7080033 0.7009689 0.9228504 0.6013275 0.6488594 0.8785077 0.8450904 0.7451591 0.5698787 0.8943923 0.7080033 0.7451591 0.5698787 0.9385214 0.6918746 0.7504692 0.5247577 0.7451591 0.5698787 0.6013275 0.6488594 0.7504692 0.5247577 0.5594262 0.619974 0.8785077 0.8450904 0.9265431 0.8749981 0.7009689 0.9228504 0.6870375 0.970367 0.9385214 0.6918746 0.9265431 0.8749981 0.8943923 0.7080033 0.8785077 0.8450904 0.5594262 0.619974 0.6013275 0.6488594 0.5208667 0.8054932 0.5685054 0.7972839 0.5685054 0.7972839 0.7009689 0.9228504 0.5208667 0.8054932 0.6870375 0.970367 0.5685054 0.7972839 0.8943923 0.7080033 0.7009689 0.9228504 0.6013275 0.6488594 0.8785077 0.8450904 0.7451591 0.5698787 0.8943923 0.7080033 0.7451591 0.5698787 0.9385214 0.6918746 0.7504692 0.5247577 0.7451591 0.5698787 0.6013275 0.6488594 0.7504692 0.5247577 0.5594262 0.619974 0.8785077 0.8450904 0.9265431 0.8749981 0.7009689 0.9228504 0.6870375 0.970367 0.9385214 0.6918746 0.9265431 0.8749981 0.8943923 0.7080033 0.8785077 0.8450904 0.5594262 0.619974 0.6013275 0.6488594 0.5208667 0.8054932 0.5685054 0.7972839 0.5685054 0.7972839 0.7009689 0.9228504 0.5208667 0.8054932 0.6870375 0.970367 0.5685054 0.7972839 0.8943923 0.7080033 0.7009689 0.9228504 0.6013275 0.6488594 0.8785077 0.8450904 0.7451591 0.5698787 0.8943923 0.7080033 0.7451591 0.5698787 0.9385214 0.6918746 0.7504692 0.5247577 0.7451591 0.5698787 0.6013275 0.6488594 0.7504692 0.5247577 0.5594262 0.619974 0.8785077 0.8450904 0.9265431 0.8749981 0.7009689 0.9228504 0.6870375 0.970367 0.9385214 0.6918746 0.9265431 0.8749981 0.8943923 0.7080033 0.8785077 0.8450904 0.5594262 0.619974 0.6013275 0.6488594 0.5208667 0.8054932 0.5685054 0.7972839 0.5685054 0.7972839 0.7009689 0.9228504 0.5208667 0.8054932 0.6870375 0.970367 0.5685054 0.7972839 0.8943923 0.7080033 0.7009689 0.9228504 0.6013275 0.6488594 0.8785077 0.8450904 0.7451591 0.5698787 0.8943923 0.7080033 0.7451591 0.5698787 0.9385214 0.6918746 0.7504692 0.5247577 0.7451591 0.5698787 0.6013275 0.6488594 0.7504692 0.5247577 0.5594262 0.619974 0.8785077 0.8450904 0.9265431 0.8749981 0.7009689 0.9228504 0.6870375 0.970367 0.9385214 0.6918746 0.9265431 0.8749981 0.8943923 0.7080033 0.8785077 0.8450904 0.5594262 0.619974 0.6013275 0.6488594 0.5208667 0.8054932 0.5685054 0.7972839 0.5685054 0.7972839 0.7009689 0.9228504 0.5208667 0.8054932 0.6870375 0.970367 0.5685054 0.7972839 0.8943923 0.7080033 0.7009689 0.9228504 0.6013275 0.6488594 0.8785077 0.8450904 0.7451591 0.5698787 0.8943923 0.7080033 0.7451591 0.5698787 0.9385214 0.6918746 0.7504692 0.5247577 0.7451591 0.5698787 0.6013275 0.6488594 0.7504692 0.5247577 0.5594262 0.619974 0.8785077 0.8450904 0.9265431 0.8749981 0.7009689 0.9228504 0.6870375 0.970367 0.9385214 0.6918746 0.9265431 0.8749981 0.8943923 0.7080033 0.8785077 0.8450904 0.5594262 0.619974 0.6013275 0.6488594 0.5208667 0.8054932 0.5685054 0.7972839 0.5685054 0.7972839 0.7009689 0.9228504 0.5208667 0.8054932 0.6870375 0.970367 0.5685054 0.7972839 0.8943923 0.7080033 0.7009689 0.9228504 0.6013275 0.6488594 0.8785077 0.8450904 0.7451591 0.5698787 0.8943923 0.7080033 0.7451591 0.5698787 0.9385214 0.6918746 0.7504692 0.5247577 0.7451591 0.5698787 0.6013275 0.6488594 0.7504692 0.5247577 0.5594262 0.619974 0.8785077 0.8450904 0.9265431 0.8749981 0.7009689 0.9228504 0.6870375 0.970367 0.9385214 0.6918746 0.9265431 0.8749981 0.8943923 0.7080033 0.8785077 0.8450904 0.5594262 0.619974 0.6013275 0.6488594 0.5208667 0.8054932 0.5685054 0.7972839 0.5685054 0.7972839 0.7009689 0.9228504 0.5208667 0.8054932 0.6870375 0.970367 0.5685054 0.7972839 0.8943923 0.7080033 0.7009689 0.9228504 0.6013275 0.6488594 0.8785077 0.8450904 0.7451591 0.5698787 0.8943923 0.7080033 0.7451591 0.5698787 0.9385214 0.6918746 0.7504692 0.5247577 0.7451591 0.5698787 0.6013275 0.6488594 0.7504692 0.5247577 0.5594262 0.619974 0.8785077 0.8450904 0.9265431 0.8749981 0.7009689 0.9228504 0.6870375 0.970367 0.9385214 0.6918746 0.9265431 0.8749981 0.8943923 0.7080033 0.8785077 0.8450904 0.5594262 0.619974 0.6013275 0.6488594 0.5208667 0.8054932 0.5685054 0.7972839 0.5685054 0.7972839 0.7009689 0.9228504 0.5208667 0.8054932 0.6870375 0.970367 0.5685054 0.7972839 0.8943923 0.7080033 0.7009689 0.9228504 0.6013275 0.6488594 0.8785077 0.8450904 0.7451591 0.5698787 0.8943923 0.7080033 0.7451591 0.5698787 0.9385214 0.6918746 0.7504692 0.5247577 0.7451591 0.5698787 0.6013275 0.6488594 0.7504692 0.5247577 0.5594262 0.619974 0.8785077 0.8450904 0.9265431 0.8749981 0.7009689 0.9228504 0.6870375 0.970367 0.9385214 0.6918746 0.9265431 0.8749981 0.8943923 0.7080033 0.8785077 0.8450904 0.5594262 0.619974 0.6013275 0.6488594 0.5208667 0.8054932 0.5685054 0.7972839 0.5685054 0.7972839 0.7009689 0.9228504 0.5208667 0.8054932 0.6870375 0.970367 0.5685054 0.7972839 0.8943923 0.7080033 0.7009689 0.9228504 0.6013275 0.6488594 0.8785077 0.8450904 0.7451591 0.5698787 0.8943923 0.7080033 0.7451591 0.5698787 0.9385214 0.6918746 0.7504692 0.5247577 0.7451591 0.5698787 0.6013275 0.6488594 0.7504692 0.5247577 0.5594262 0.619974 0.8785077 0.8450904 0.9265431 0.8749981 0.7009689 0.9228504 0.6870375 0.970367 0.9385214 0.6918746 0.9265431 0.8749981 0.8943923 0.7080033 0.8785077 0.8450904 0.5594262 0.619974 0.6013275 0.6488594 0.5208667 0.8054932 0.5685054 0.7972839 0.5685054 0.7972839 0.7009689 0.9228504 0.5208667 0.8054932 0.6870375 0.970367 0.5685054 0.7972839 0.8943923 0.7080033 0.7009689 0.9228504 0.6013275 0.6488594 0.7451591 0.5698787 0.8785077 0.8450904 0.8943923 0.7080033 0.7451591 0.5698787 0.9385214 0.6918746 0.7504692 0.5247577 0.7451591 0.5698787 0.6013275 0.6488594 0.7504692 0.5247577 0.5594262 0.619974 0.8785077 0.8450904 0.9265431 0.8749981 0.7009689 0.9228504 0.6870375 0.970367 0.9385214 0.6918746 0.9265431 0.8749981 0.8943923 0.7080033 0.8785077 0.8450904 0.5594262 0.619974 0.6013275 0.6488594 0.5208667 0.8054932 0.5685054 0.7972839 0.5685054 0.7972839 0.7009689 0.9228504 0.5208667 0.8054932 0.6870375 0.970367 0.5685054 0.7972839 0.8943923 0.7080033 0.7009689 0.9228504 0.6013275 0.6488594 0.8785077 0.8450904 0.7451591 0.5698787 0.8943923 0.7080033 0.7451591 0.5698787 0.9385214 0.6918746 0.7504692 0.5247577 0.7451591 0.5698787 0.6013275 0.6488594 0.7504692 0.5247577 0.5594262 0.619974 0.8785077 0.8450904 0.9265431 0.8749981 0.7009689 0.9228504 0.6870375 0.970367 0.9385214 0.6918746 0.9265431 0.8749981 0.8943923 0.7080033 0.8785077 0.8450904 0.5594262 0.619974 0.6013275 0.6488594 0.5208667 0.8054932 0.5685054 0.7972839 0.5685054 0.7972839 0.7009689 0.9228504 0.5208667 0.8054932 0.6870375 0.970367 0.5685054 0.7972839 0.8943923 0.7080033 0.7009689 0.9228504 0.6013275 0.6488594 0.8785077 0.8450904 0.7451591 0.5698787 0.8943923 0.7080033 0.7451591 0.5698787 0.9385214 0.6918746 0.7504692 0.5247577 0.7451591 0.5698787 0.6013275 0.6488594 0.7504692 0.5247577 0.5594262 0.619974 0.8785077 0.8450904 0.9265431 0.8749981 0.7009689 0.9228504 0.6870375 0.970367 0.9385214 0.6918746 0.9265431 0.8749981 0.8943923 0.7080033 0.8785077 0.8450904 0.5594262 0.619974 0.6013275 0.6488594 0.5208667 0.8054932 0.5685054 0.7972839 0.5685054 0.7972839 0.7009689 0.9228504 0.5208667 0.8054932 0.6870375 0.970367 0.5685054 0.7972839 0.8943923 0.7080033 0.7009689 0.9228504 0.6013275 0.6488594 0.8785077 0.8450904 0.7451591 0.5698787 0.8943923 0.7080033 0.7451591 0.5698787 0.9385214 0.6918746 0.7504692 0.5247577 0.7451591 0.5698787 0.6013275 0.6488594 0.7504692 0.5247577 0.5594262 0.619974 0.8785077 0.8450904 0.9265431 0.8749981 0.7009689 0.9228504 0.6870375 0.970367 0.9385214 0.6918746 0.9265431 0.8749981 0.8943923 0.7080033 0.8785077 0.8450904 0.5594262 0.619974 0.6013275 0.6488594 0.5208667 0.8054932 0.5685054 0.7972839 0.5685054 0.7972839 0.7009689 0.9228504 0.5208667 0.8054932 0.6870375 0.970367 0.5685054 0.7972839 0.8943923 0.7080033 0.7009689 0.9228504 0.6013275 0.6488594 0.8785077 0.8450904 0.7451591 0.5698787 0.8943923 0.7080033 0.7451591 0.5698787 0.9385214 0.6918746 0.7504692 0.5247577 0.7451591 0.5698787 0.6013275 0.6488594 0.7504692 0.5247577 0.5594262 0.619974 0.8785077 0.8450904 0.9265431 0.8749981 0.7009689 0.9228504 0.6870375 0.970367 0.9385214 0.6918746 0.9265431 0.8749981 0.8943923 0.7080033 0.8785077 0.8450904 0.5594262 0.619974 0.6013275 0.6488594 0.5208667 0.8054932 0.5685054 0.7972839 0.5685054 0.7972839 0.7009689 0.9228504 0.5208667 0.8054932 0.6870375 0.970367 0.5685054 0.7972839 0.6013275 0.6488594 0.8943923 0.7080033 0.7009689 0.9228504 0.7451591 0.5698787 0.8785077 0.8450904 0.8943923 0.7080033 0.7451591 0.5698787 0.9385214 0.6918746 0.7504692 0.5247577 0.7451591 0.5698787 0.6013275 0.6488594 0.7504692 0.5247577 0.5594262 0.619974 0.8785077 0.8450904 0.9265431 0.8749981 0.7009689 0.9228504 0.6870375 0.970367 0.9385214 0.6918746 0.9265431 0.8749981 0.8943923 0.7080033 0.8785077 0.8450904 0.5594262 0.619974 0.6013275 0.6488594 0.5208667 0.8054932 0.5685054 0.7972839 0.5685054 0.7972839 0.7009689 0.9228504 0.5208667 0.8054932 0.6870375 0.970367 0.5685054 0.7972839 0.8943923 0.7080033 0.7009689 0.9228504 0.6013275 0.6488594 0.8785077 0.8450904 0.7451591 0.5698787 0.8943923 0.7080033 0.7451591 0.5698787 0.9385214 0.6918746 0.7504692 0.5247577 0.7451591 0.5698787 0.6013275 0.6488594 0.7504692 0.5247577 0.5594262 0.619974 0.8785077 0.8450904 0.9265431 0.8749981 0.7009689 0.9228504 0.6870375 0.970367 0.9385214 0.6918746 0.9265431 0.8749981 0.8943923 0.7080033 0.8785077 0.8450904 0.5594262 0.619974 0.6013275 0.6488594 0.5208667 0.8054932 0.5685054 0.7972839 0.5685054 0.7972839 0.7009689 0.9228504 0.5208667 0.8054932 0.6870375 0.970367 0.5685054 0.7972839 0.8943923 0.7080033 0.7009689 0.9228504 0.6013275 0.6488594 0.8785077 0.8450904 0.7451591 0.5698787 0.8943923 0.7080033 0.7451591 0.5698787 0.9385214 0.6918746 0.7504692 0.5247577 0.7451591 0.5698787 0.6013275 0.6488594 0.7504692 0.5247577 0.5594262 0.619974 0.8785077 0.8450904 0.9265431 0.8749981 0.7009689 0.9228504 0.6870375 0.970367 0.9385214 0.6918746 0.9265431 0.8749981 0.8943923 0.7080033 0.8785077 0.8450904 0.5594262 0.619974 0.6013275 0.6488594 0.5208667 0.8054932 0.5685054 0.7972839 0.5685054 0.7972839 0.7009689 0.9228504 0.5208667 0.8054932 0.6870375 0.970367 0.5685054 0.7972839 0.8943923 0.7080033 0.7009689 0.9228504 0.6013275 0.6488594 0.7451591 0.5698787 0.8785077 0.8450904 0.8943923 0.7080033 0.7451591 0.5698787 0.9385214 0.6918746 0.7504692 0.5247577 0.7451591 0.5698787 0.6013275 0.6488594 0.7504692 0.5247577 0.5594262 0.619974 0.8785077 0.8450904 0.9265431 0.8749981 0.7009689 0.9228504 0.6870375 0.970367 0.9385214 0.6918746 0.9265431 0.8749981 0.8943923 0.7080033 0.8785077 0.8450904 0.5594262 0.619974 0.6013275 0.6488594 0.5208667 0.8054932 0.5685054 0.7972839 0.5685054 0.7972839 0.7009689 0.9228504 0.5208667 0.8054932 0.6870375 0.970367 0.5685054 0.7972839 0.8943923 0.7080033 0.7009689 0.9228504 0.6013275 0.6488594 0.8785077 0.8450904 0.7451591 0.5698787 0.8943923 0.7080033 0.7451591 0.5698787 0.9385214 0.6918746 0.7504692 0.5247577 0.7451591 0.5698787 0.6013275 0.6488594 0.7504692 0.5247577 0.5594262 0.619974 0.8785077 0.8450904 0.9265431 0.8749981 0.7009689 0.9228504 0.6870375 0.970367 0.9385214 0.6918746 0.9265431 0.8749981 0.8943923 0.7080033 0.8785077 0.8450904 0.5594262 0.619974 0.6013275 0.6488594 0.5208667 0.8054932 0.5685054 0.7972839 0.5685054 0.7972839 0.7009689 0.9228504 0.5208667 0.8054932 0.6870375 0.970367 0.5685054 0.7972839 0.6013275 0.6488594 0.8943923 0.7080033 0.7009689 0.9228504 0.7451591 0.5698787 0.8785077 0.8450904 0.2542306 0.9866331 0.1679103 0.7900969 0.3405508 0.7900969 0.1679103 0.7900969 0.3405508 0.593576 0.1679103 0.593576 0.2542306 0.9866331 0.1679103 0.7900969 0.3405508 0.7900969 0.2542306 0.9866331 0.1679103 0.7900969 0.3405508 0.7900969 0.2069581 0.4344701 0.3035782 0.4533913 0.2542306 0.004013121 0.3405508 0.593576 0.1679103 0.7900969 0.1679103 0.593576 0.3405508 0.593576 0.3035782 0.4533913 0.2069581 0.4344701 0.2542306 0.004013121 0.2542306 0.004013121 0.1679103 0.593576 0.2542306 0.004013121 0.3405508 0.593576 0.1679103 0.397055 0.2542306 0.004013121 0.3405508 0.397055 0.1679103 0.593576 0.2542306 0.004013121 0.3405508 0.593576 0.1679103 0.7900969 0.1679103 0.593576 0.3405508 0.593576 0.3405508 0.7900969 0.1679103 0.7900969 0.3405508 0.7900969 0.1679103 0.7900969 0.2542306 0.9866331 0.3405508 0.7900969 0.2542306 0.9866331 0.2542306 0.9866331 0.5680934 0.6272678 0.7591211 0.5320363 0.6099946 0.6561379 0.7538262 0.5771573 0.5295186 0.8127871 0.5680934 0.6272678 0.6099946 0.6561379 0.5771573 0.8045777 0.7538262 0.5771573 0.9030442 0.7152972 0.6099946 0.6561379 0.9471732 0.6991531 0.9030442 0.7152972 0.7538262 0.5771573 0.7591211 0.5320363 0.5771573 0.8045777 0.5295186 0.8127871 0.5771573 0.8045777 0.7096208 0.9301442 0.6956893 0.9776455 0.7096208 0.9301442 0.8871595 0.8523842 0.9030442 0.7152972 0.9471732 0.6991531 0.9351949 0.8822767 0.8871595 0.8523842 0.6956893 0.9776455 0.7096208 0.9301442 0.9351949 0.8822767 0.8871595 0.8523842 0.7591211 0.5320363 0.7538262 0.5771573 0.6099946 0.6561379 0.5680934 0.6272678 0.5771573 0.8045777 0.5295186 0.8127871 0.6099946 0.6561379 0.5680934 0.6272678 0.7538262 0.5771573 0.9030442 0.7152972 0.6099946 0.6561379 0.9471732 0.6991531 0.9030442 0.7152972 0.7538262 0.5771573 0.7591211 0.5320363 0.5771573 0.8045777 0.6956893 0.9776455 0.5295186 0.8127871 0.7096208 0.9301442 0.5771573 0.8045777 0.7096208 0.9301442 0.8871595 0.8523842 0.9030442 0.7152972 0.9471732 0.6991531 0.9351949 0.8822767 0.8871595 0.8523842 0.6956893 0.9776455 0.7096208 0.9301442 0.9351949 0.8822767 0.8871595 0.8523842 0.9030442 0.7152972 0.7538262 0.5771573 0.9471732 0.6991531 0.7591211 0.5320363 0.7538262 0.5771573 0.6099946 0.6561379 0.7591211 0.5320363 0.5680934 0.6272678 0.8871595 0.8523842 0.9351949 0.8822767 0.7096208 0.9301442 0.6956893 0.9776455 0.9471732 0.6991531 0.9351949 0.8822767 0.9030442 0.7152972 0.8871595 0.8523842 0.5680934 0.6272678 0.6099946 0.6561379 0.5295186 0.8127871 0.5771573 0.8045777 0.5771573 0.8045777 0.7096208 0.9301442 0.5295186 0.8127871 0.6956893 0.9776455 0.5771573 0.8045777 0.9030442 0.7152972 0.7096208 0.9301442 0.6099946 0.6561379 0.8871595 0.8523842 0.7538262 0.5771573 0.2542306 0.004013121 0.3405508 0.397055 0.1679103 0.397055 0.1679103 0.593576 0.3405508 0.593576 0.1679103 0.7900969 0.3405508 0.7900969 0.2542306 0.9866331 0.2542306 0.004013121 0.3405508 0.593576 0.1679103 0.593576 0.3405508 0.7900969 0.1679103 0.7900969 0.2542306 0.9866331 0.3405508 0.593576 0.1679103 0.593576 0.2542306 0.004013121 0.3405508 0.593576 0.1679103 0.7900969 0.3405508 0.7900969 0.2542306 0.9866331 0.1679103 0.7900969 0.3035782 0.4533913 0.3405508 0.7900969 0.2069581 0.4344701 0.1679103 0.7900969 0.2542306 0.9866331 0.1679103 0.7900969 0.2542306 0.004013121 0.3405508 0.593576 0.1679103 0.593576 0.3405508 0.7900969 0.1679103 0.7900969 0.2542306 0.9866331 0.2542306 0.004013121 0.3405508 0.593576 0.1679103 0.593576 0.3405508 0.7900969 0.1679103 0.7900969 0.2542306 0.9866331 0.2542306 0.004013121 0.3035782 0.4533913 0.2069581 0.4344701 0.8943923 0.7080033 0.7451591 0.5698787 0.9385214 0.6918746 0.7504692 0.5247577 0.7451591 0.5698787 0.6013275 0.6488594 0.7504692 0.5247577 0.5594262 0.619974 0.8785077 0.8450904 0.9265431 0.8749981 0.7009689 0.9228504 0.6870375 0.970367 0.9385214 0.6918746 0.9265431 0.8749981 0.8943923 0.7080033 0.8785077 0.8450904 0.5594262 0.619974 0.6013275 0.6488594 0.5208667 0.8054932 0.5685054 0.7972839 0.5685054 0.7972839 0.7009689 0.9228504 0.5208667 0.8054932 0.6870375 0.970367 0.5685054 0.7972839 0.6013275 0.6488594 0.8943923 0.7080033 0.7009689 0.9228504 0.7451591 0.5698787 0.8785077 0.8450904 0.8943923 0.7080033 0.7451591 0.5698787 0.9385214 0.6918746 0.7504692 0.5247577 0.7451591 0.5698787 0.6013275 0.6488594 0.7504692 0.5247577 0.5594262 0.619974 0.8785077 0.8450904 0.9265431 0.8749981 0.7009689 0.9228504 0.6870375 0.970367 0.9385214 0.6918746 0.9265431 0.8749981 0.8943923 0.7080033 0.8785077 0.8450904 0.5594262 0.619974 0.6013275 0.6488594 0.5208667 0.8054932 0.5685054 0.7972839 0.5685054 0.7972839 0.7009689 0.9228504 0.5208667 0.8054932 0.6870375 0.970367 0.5685054 0.7972839 0.6013275 0.6488594 0.8943923 0.7080033 0.7009689 0.9228504 0.7451591 0.5698787 0.8785077 0.8450904 0.8943923 0.7080033 0.7451591 0.5698787 0.9385214 0.6918746 0.7504692 0.5247577 0.7451591 0.5698787 0.6013275 0.6488594 0.7504692 0.5247577 0.5594262 0.619974 0.8785077 0.8450904 0.9265431 0.8749981 0.7009689 0.9228504 0.6870375 0.970367 0.9385214 0.6918746 0.9265431 0.8749981 0.8943923 0.7080033 0.8785077 0.8450904 0.5594262 0.619974 0.6013275 0.6488594 0.5208667 0.8054932 0.5685054 0.7972839 0.5685054 0.7972839 0.7009689 0.9228504 0.5208667 0.8054932 0.6870375 0.970367 0.5685054 0.7972839 0.8943923 0.7080033 0.7009689 0.9228504 0.6013275 0.6488594 0.8785077 0.8450904 0.7451591 0.5698787 0.8943923 0.7080033 0.7451591 0.5698787 0.9385214 0.6918746 0.7504692 0.5247577 0.7451591 0.5698787 0.6013275 0.6488594 0.7504692 0.5247577 0.5594262 0.619974 0.8785077 0.8450904 0.9265431 0.8749981 0.7009689 0.9228504 0.6870375 0.970367 0.9385214 0.6918746 0.9265431 0.8749981 0.8943923 0.7080033 0.8785077 0.8450904 0.5594262 0.619974 0.6013275 0.6488594 0.5208667 0.8054932 0.5685054 0.7972839 0.5685054 0.7972839 0.7009689 0.9228504 0.5208667 0.8054932 0.6870375 0.970367 0.5685054 0.7972839 0.8943923 0.7080033 0.7009689 0.9228504 0.6013275 0.6488594 0.8785077 0.8450904 0.7451591 0.5698787 0.8943923 0.7080033 0.7451591 0.5698787 0.9385214 0.6918746 0.7504692 0.5247577 0.7451591 0.5698787 0.6013275 0.6488594 0.7504692 0.5247577 0.5594262 0.619974 0.8785077 0.8450904 0.9265431 0.8749981 0.7009689 0.9228504 0.6870375 0.970367 0.9385214 0.6918746 0.9265431 0.8749981 0.8943923 0.7080033 0.8785077 0.8450904 0.5594262 0.619974 0.6013275 0.6488594 0.5208667 0.8054932 0.5685054 0.7972839 0.5685054 0.7972839 0.7009689 0.9228504 0.5208667 0.8054932 0.6870375 0.970367 0.5685054 0.7972839 0.6013275 0.6488594 0.8943923 0.7080033 0.7009689 0.9228504 0.7451591 0.5698787 0.8785077 0.8450904 0.8943923 0.7080033 0.7451591 0.5698787 0.9385214 0.6918746 0.7504692 0.5247577 0.7451591 0.5698787 0.6013275 0.6488594 0.7504692 0.5247577 0.5594262 0.619974 0.8785077 0.8450904 0.9265431 0.8749981 0.7009689 0.9228504 0.6870375 0.970367 0.9385214 0.6918746 0.9265431 0.8749981 0.8943923 0.7080033 0.8785077 0.8450904 0.5594262 0.619974 0.6013275 0.6488594 0.5208667 0.8054932 0.5685054 0.7972839 0.5685054 0.7972839 0.7009689 0.9228504 0.5208667 0.8054932 0.6870375 0.970367 0.5685054 0.7972839 0.6013275 0.6488594 0.8943923 0.7080033 0.7009689 0.9228504 0.7451591 0.5698787 0.8785077 0.8450904 0.8943923 0.7080033 0.7451591 0.5698787 0.9385214 0.6918746 0.7504692 0.5247577 0.7451591 0.5698787 0.6013275 0.6488594 0.7504692 0.5247577 0.5594262 0.619974 0.8785077 0.8450904 0.9265431 0.8749981 0.7009689 0.9228504 0.6870375 0.970367 0.9385214 0.6918746 0.9265431 0.8749981 0.8943923 0.7080033 0.8785077 0.8450904 0.5594262 0.619974 0.6013275 0.6488594 0.5208667 0.8054932 0.5685054 0.7972839 0.5685054 0.7972839 0.7009689 0.9228504 0.5208667 0.8054932 0.6870375 0.970367 0.5685054 0.7972839 0.6013275 0.6488594 0.8943923 0.7080033 0.7009689 0.9228504 0.7451591 0.5698787 0.8785077 0.8450904 0.8943923 0.7080033 0.7451591 0.5698787 0.9385214 0.6918746 0.7504692 0.5247577 0.7451591 0.5698787 0.6013275 0.6488594 0.7504692 0.5247577 0.5594262 0.619974 0.8785077 0.8450904 0.9265431 0.8749981 0.7009689 0.9228504 0.6870375 0.970367 0.9385214 0.6918746 0.9265431 0.8749981 0.8943923 0.7080033 0.8785077 0.8450904 0.5594262 0.619974 0.6013275 0.6488594 0.5208667 0.8054932 0.5685054 0.7972839 0.5685054 0.7972839 0.7009689 0.9228504 0.5208667 0.8054932 0.6870375 0.970367 0.5685054 0.7972839 0.6013275 0.6488594 0.8943923 0.7080033 0.7009689 0.9228504 0.7451591 0.5698787 0.8785077 0.8450904 0.8943923 0.7080033 0.7451591 0.5698787 0.9385214 0.6918746 0.7504692 0.5247577 0.7451591 0.5698787 0.6013275 0.6488594 0.7504692 0.5247577 0.5594262 0.619974 0.8785077 0.8450904 0.9265431 0.8749981 0.7009689 0.9228504 0.6870375 0.970367 0.9385214 0.6918746 0.9265431 0.8749981 0.8943923 0.7080033 0.8785077 0.8450904 0.5594262 0.619974 0.6013275 0.6488594 0.5208667 0.8054932 0.5685054 0.7972839 0.5685054 0.7972839 0.7009689 0.9228504 0.5208667 0.8054932 0.6870375 0.970367 0.5685054 0.7972839 0.6013275 0.6488594 0.8943923 0.7080033 0.7009689 0.9228504 0.7451591 0.5698787 0.8785077 0.8450904 0.8943923 0.7080033 0.7451591 0.5698787 0.9385214 0.6918746 0.7504692 0.5247577 0.7451591 0.5698787 0.6013275 0.6488594 0.7504692 0.5247577 0.5594262 0.619974 0.8785077 0.8450904 0.9265431 0.8749981 0.7009689 0.9228504 0.6870375 0.970367 0.9385214 0.6918746 0.9265431 0.8749981 0.8943923 0.7080033 0.8785077 0.8450904 0.5594262 0.619974 0.6013275 0.6488594 0.5208667 0.8054932 0.5685054 0.7972839 0.5685054 0.7972839 0.7009689 0.9228504 0.5208667 0.8054932 0.6870375 0.970367 0.5685054 0.7972839 0.8943923 0.7080033 0.7009689 0.9228504 0.6013275 0.6488594 0.7451591 0.5698787 0.8785077 0.8450904 0.8943923 0.7080033 0.7451591 0.5698787 0.9385214 0.6918746 0.7504692 0.5247577 0.7451591 0.5698787 0.6013275 0.6488594 0.7504692 0.5247577 0.5594262 0.619974 0.8785077 0.8450904 0.9265431 0.8749981 0.7009689 0.9228504 0.6870375 0.970367 0.9385214 0.6918746 0.9265431 0.8749981 0.8943923 0.7080033 0.8785077 0.8450904 0.5594262 0.619974 0.6013275 0.6488594 0.5208667 0.8054932 0.5685054 0.7972839 0.5685054 0.7972839 0.7009689 0.9228504 0.5208667 0.8054932 0.6870375 0.970367 0.5685054 0.7972839 0.6013275 0.6488594 0.8943923 0.7080033 0.7009689 0.9228504 0.7451591 0.5698787 0.8785077 0.8450904 0.8943923 0.7080033 0.7451591 0.5698787 0.9385214 0.6918746 0.7504692 0.5247577 0.7451591 0.5698787 0.6013275 0.6488594 0.7504692 0.5247577 0.5594262 0.619974 0.8785077 0.8450904 0.9265431 0.8749981 0.7009689 0.9228504 0.6870375 0.970367 0.9385214 0.6918746 0.9265431 0.8749981 0.8943923 0.7080033 0.8785077 0.8450904 0.5594262 0.619974 0.6013275 0.6488594 0.5208667 0.8054932 0.5685054 0.7972839 0.5685054 0.7972839 0.7009689 0.9228504 0.5208667 0.8054932 0.6870375 0.970367 0.5685054 0.7972839 0.8943923 0.7080033 0.7009689 0.9228504 0.6013275 0.6488594 0.7451591 0.5698787 0.8785077 0.8450904 0.8943923 0.7080033 0.7451591 0.5698787 0.9385214 0.6918746 0.7504692 0.5247577 0.7451591 0.5698787 0.6013275 0.6488594 0.7504692 0.5247577 0.5594262 0.619974 0.8785077 0.8450904 0.9265431 0.8749981 0.7009689 0.9228504 0.6870375 0.970367 0.9385214 0.6918746 0.9265431 0.8749981 0.8943923 0.7080033 0.8785077 0.8450904 0.5594262 0.619974 0.6013275 0.6488594 0.5208667 0.8054932 0.5685054 0.7972839 0.5685054 0.7972839 0.7009689 0.9228504 0.5208667 0.8054932 0.6870375 0.970367 0.5685054 0.7972839 0.6013275 0.6488594 0.8943923 0.7080033 0.7009689 0.9228504 0.7451591 0.5698787 0.8785077 0.8450904 0.8943923 0.7080033 0.7451591 0.5698787 0.9385214 0.6918746 0.7504692 0.5247577 0.7451591 0.5698787 0.6013275 0.6488594 0.7504692 0.5247577 0.5594262 0.619974 0.8785077 0.8450904 0.9265431 0.8749981 0.7009689 0.9228504 0.6870375 0.970367 0.9385214 0.6918746 0.9265431 0.8749981 0.8943923 0.7080033 0.8785077 0.8450904 0.5594262 0.619974 0.6013275 0.6488594 0.5208667 0.8054932 0.5685054 0.7972839 0.5685054 0.7972839 0.7009689 0.9228504 0.5208667 0.8054932 0.6870375 0.970367 0.5685054 0.7972839 0.8943923 0.7080033 0.7009689 0.9228504 0.6013275 0.6488594 0.7451591 0.5698787 0.8785077 0.8450904 0.8943923 0.7080033 0.7451591 0.5698787 0.9385214 0.6918746 0.7504692 0.5247577 0.7451591 0.5698787 0.6013275 0.6488594 0.7504692 0.5247577 0.5594262 0.619974 0.8785077 0.8450904 0.9265431 0.8749981 0.7009689 0.9228504 0.6870375 0.970367 0.9385214 0.6918746 0.9265431 0.8749981 0.8943923 0.7080033 0.8785077 0.8450904 0.5594262 0.619974 0.6013275 0.6488594 0.5208667 0.8054932 0.5685054 0.7972839 0.5685054 0.7972839 0.7009689 0.9228504 0.5208667 0.8054932 0.6870375 0.970367 0.5685054 0.7972839 0.6013275 0.6488594 0.8943923 0.7080033 0.7009689 0.9228504 0.7451591 0.5698787 0.8785077 0.8450904 0.8943923 0.7080033 0.7451591 0.5698787 0.9385214 0.6918746 0.7504692 0.5247577 0.7451591 0.5698787 0.6013275 0.6488594 0.7504692 0.5247577 0.5594262 0.619974 0.8785077 0.8450904 0.9265431 0.8749981 0.7009689 0.9228504 0.6870375 0.970367 0.9385214 0.6918746 0.9265431 0.8749981 0.8943923 0.7080033 0.8785077 0.8450904 0.5594262 0.619974 0.6013275 0.6488594 0.5208667 0.8054932 0.5685054 0.7972839 0.5685054 0.7972839 0.7009689 0.9228504 0.5208667 0.8054932 0.6870375 0.970367 0.5685054 0.7972839 0.8943923 0.7080033 0.7009689 0.9228504 0.6013275 0.6488594 0.8785077 0.8450904 0.7451591 0.5698787 0.8943923 0.7080033 0.7451591 0.5698787 0.9385214 0.6918746 0.7504692 0.5247577 0.7451591 0.5698787 0.6013275 0.6488594 0.7504692 0.5247577 0.5594262 0.619974 0.8785077 0.8450904 0.9265431 0.8749981 0.7009689 0.9228504 0.6870375 0.970367 0.9385214 0.6918746 0.9265431 0.8749981 0.8943923 0.7080033 0.8785077 0.8450904 0.5594262 0.619974 0.6013275 0.6488594 0.5208667 0.8054932 0.5685054 0.7972839 0.5685054 0.7972839 0.7009689 0.9228504 0.5208667 0.8054932 0.6870375 0.970367 0.5685054 0.7972839 0.6013275 0.6488594 0.8943923 0.7080033 0.7009689 0.9228504 0.7451591 0.5698787 0.8785077 0.8450904 0.9030442 0.7152972 0.7538262 0.5771573 0.9471732 0.6991531 0.7591211 0.5320363 0.7538262 0.5771573 0.6099946 0.6561379 0.7591211 0.5320363 0.5680934 0.6272678 0.8871595 0.8523842 0.9351949 0.8822767 0.7096208 0.9301442 0.6956893 0.9776455 0.9471732 0.6991531 0.9351949 0.8822767 0.9030442 0.7152972 0.8871595 0.8523842 0.5680934 0.6272678 0.6099946 0.6561379 0.5295186 0.8127871 0.5771573 0.8045777 0.5771573 0.8045777 0.7096208 0.9301442 0.5295186 0.8127871 0.6956893 0.9776455 0.5771573 0.8045777 0.6099946 0.6561379 0.9030442 0.7152972 0.7096208 0.9301442 0.7538262 0.5771573 0.8871595 0.8523842 0.9030442 0.7152972 0.7538262 0.5771573 0.9471732 0.6991531 0.7591211 0.5320363 0.7538262 0.5771573 0.6099946 0.6561379 0.7591211 0.5320363 0.5680934 0.6272678 0.8871595 0.8523842 0.9351949 0.8822767 0.7096208 0.9301442 0.6956893 0.9776455 0.9471732 0.6991531 0.9351949 0.8822767 0.9030442 0.7152972 0.8871595 0.8523842 0.5680934 0.6272678 0.6099946 0.6561379 0.5295186 0.8127871 0.5771573 0.8045777 0.5771573 0.8045777 0.7096208 0.9301442 0.5295186 0.8127871 0.6956893 0.9776455 0.5771573 0.8045777 0.6099946 0.6561379 0.9030442 0.7152972 0.7096208 0.9301442 0.7538262 0.5771573 0.8871595 0.8523842 0.9030442 0.7152972 0.7538262 0.5771573 0.9471732 0.6991531 0.7591211 0.5320363 0.7538262 0.5771573 0.6099946 0.6561379 0.7591211 0.5320363 0.5680934 0.6272678 0.8871595 0.8523842 0.9351949 0.8822767 0.7096208 0.9301442 0.6956893 0.9776455 0.9471732 0.6991531 0.9351949 0.8822767 0.9030442 0.7152972 0.8871595 0.8523842 0.5680934 0.6272678 0.6099946 0.6561379 0.5295186 0.8127871 0.5771573 0.8045777 0.5771573 0.8045777 0.7096208 0.9301442 0.5295186 0.8127871 0.6956893 0.9776455 0.5771573 0.8045777 0.9030442 0.7152972 0.7096208 0.9301442 0.6099946 0.6561379 0.7538262 0.5771573 0.8871595 0.8523842 0.2542306 0.004013121 0.3405508 0.397055 0.1679103 0.397055 0.1679103 0.593576 0.3405508 0.593576 0.1679103 0.7900969 0.3405508 0.7900969 0.2542306 0.9866331 0.2542306 0.004013121 0.3405508 0.593576 0.1679103 0.593576 0.3405508 0.7900969 0.1679103 0.7900969 0.2542306 0.9866331 0.3405508 0.593576 0.1679103 0.593576 0.2542306 0.004013121 0.3405508 0.593576 0.1679103 0.7900969 0.3405508 0.7900969 0.2542306 0.9866331 0.1679103 0.7900969 0.3035782 0.4533913 0.3405508 0.7900969 0.2069581 0.4344701 0.1679103 0.7900969 0.2542306 0.9866331 0.1679103 0.7900969 0.2542306 0.004013121 0.3405508 0.593576 0.1679103 0.593576 0.1679103 0.7900969 0.3405508 0.7900969 0.2542306 0.9866331 0.2542306 0.004013121 0.3405508 0.593576 0.1679103 0.593576 0.1679103 0.7900969 0.3405508 0.7900969 0.2542306 0.9866331 0.2542306 0.004013121 0.3035782 0.4533913 0.2069581 0.4344701 0.2542306 0.004013121 0.3405508 0.397055 0.1679103 0.397055 0.1679103 0.593576 0.3405508 0.593576 0.1679103 0.7900969 0.3405508 0.7900969 0.2542306 0.9866331 0.2542306 0.004013121 0.3405508 0.593576 0.1679103 0.593576 0.3405508 0.7900969 0.1679103 0.7900969 0.2542306 0.9866331 0.3405508 0.593576 0.1679103 0.593576 0.2542306 0.004013121 0.3405508 0.593576 0.1679103 0.7900969 0.3405508 0.7900969 0.2542306 0.9866331 0.1679103 0.7900969 0.3035782 0.4533913 0.3405508 0.7900969 0.2069581 0.4344701 0.1679103 0.7900969 0.2542306 0.9866331 0.1679103 0.7900969 0.2542306 0.004013121 0.3405508 0.593576 0.1679103 0.593576 0.1679103 0.7900969 0.3405508 0.7900969 0.2542306 0.9866331 0.2542306 0.004013121 0.3405508 0.593576 0.1679103 0.593576 0.3405508 0.7900969 0.1679103 0.7900969 0.2542306 0.9866331 0.2542306 0.004013121 0.3035782 0.4533913 0.2069581 0.4344701 0.9030442 0.7152972 0.7538262 0.5771573 0.9471732 0.6991531 0.7591211 0.5320363 0.7538262 0.5771573 0.6099946 0.6561379 0.7591211 0.5320363 0.5680934 0.6272678 0.8871595 0.8523842 0.9351949 0.8822767 0.7096208 0.9301442 0.6956893 0.9776455 0.9471732 0.6991531 0.9351949 0.8822767 0.9030442 0.7152972 0.8871595 0.8523842 0.5680934 0.6272678 0.6099946 0.6561379 0.5295186 0.8127871 0.5771573 0.8045777 0.5771573 0.8045777 0.7096208 0.9301442 0.5295186 0.8127871 0.6956893 0.9776455 0.5771573 0.8045777 0.9030442 0.7152972 0.7096208 0.9301442 0.6099946 0.6561379 0.8871595 0.8523842 0.7538262 0.5771573 0.2542306 0.004013121 0.3405508 0.397055 0.1679103 0.397055 0.3405508 0.593576 0.1679103 0.593576 0.3405508 0.7900969 0.1679103 0.7900969 0.2542306 0.9866331 0.2542306 0.004013121 0.3405508 0.593576 0.1679103 0.593576 0.1679103 0.7900969 0.3405508 0.7900969 0.2542306 0.9866331 0.3405508 0.593576 0.1679103 0.593576 0.2542306 0.004013121 0.3405508 0.593576 0.1679103 0.7900969 0.3405508 0.7900969 0.2542306 0.9866331 0.1679103 0.7900969 0.3035782 0.4533913 0.3405508 0.7900969 0.2069581 0.4344701 0.1679103 0.7900969 0.2542306 0.9866331 0.1679103 0.7900969 0.2542306 0.004013121 0.3405508 0.593576 0.1679103 0.593576 0.3405508 0.7900969 0.1679103 0.7900969 0.2542306 0.9866331 0.2542306 0.004013121 0.3405508 0.593576 0.1679103 0.593576 0.3405508 0.7900969 0.1679103 0.7900969 0.2542306 0.9866331 0.2542306 0.004013121 0.3035782 0.4533913 0.2069581 0.4344701</float_array>
          <technique_common>
            <accessor source="#Kusa1__Koishi00-texcoord-array" count="5160" stride="2">
              <param name="S" type="float" />
              <param name="T" type="float" />
            </accessor>
          </technique_common>
        </source>
        <vertices id="Kusa1__Koishi00-vertex">
          <input semantic="POSITION" source="#Kusa1__Koishi00-position" />
        </vertices>
        <triangles material="" count="2879">
          <input semantic="VERTEX" source="#Kusa1__Koishi00-vertex" offset="0" />
          <input semantic="NORMAL" source="#Kusa1__Koishi00-normal" offset="1" />
          <input semantic="COLOR" source="#Kusa1__Koishi00-color" offset="2" set="0" />
          <input semantic="TEXCOORD" source="#Kusa1__Koishi00-texcoord" offset="3" set="0" />
          <p>0 0 0 0 1 1 1 1 2 2 2 2 1 1 1 1 3 3 3 3 2 2 2 2 4 4 4 4 5 5 5 5 6 6 6 6 5 5 5 5 7 7 7 7 6 6 6 6 8 8 8 8 9 9 9 9 10 10 10 10 9 9 9 9 11 11 11 11 10 10 10 10 12 12 12 12 13 13 13 13 14 14 14 14 13 13 13 13 15 15 15 15 14 14 14 14 16 16 16 16 17 17 17 17 18 18 18 18 17 17 17 17 19 19 19 19 18 18 18 18 20 20 20 20 21 21 21 21 22 22 22 22 21 21 21 21 23 23 23 23 22 22 22 22 24 24 24 24 25 25 25 25 26 26 26 26 24 24 24 24 26 26 26 26 27 27 27 27 25 25 25 25 28 28 28 28 26 26 26 26 26 26 26 26 29 29 29 29 27 27 27 27 30 30 30 30 31 31 31 31 32 32 32 32 31 31 31 31 33 33 33 33 32 32 32 32 34 34 34 34 35 35 35 35 36 36 36 36 35 35 35 35 37 37 37 37 36 36 36 36 38 38 38 38 39 39 39 39 40 40 40 40 39 39 39 39 41 41 41 41 40 40 40 40 42 42 42 42 43 43 43 43 44 44 44 44 43 43 43 43 45 45 45 45 44 44 44 44 46 46 46 46 47 47 47 47 48 48 48 48 47 47 47 47 49 49 49 49 48 48 48 48 50 50 50 50 51 51 51 51 52 52 52 52 51 51 51 51 53 53 53 53 52 52 52 52 54 54 54 54 55 55 55 55 56 56 56 56 54 54 54 54 57 57 57 57 55 55 55 55 55 55 55 55 57 57 57 57 58 58 58 58 55 55 55 55 59 59 59 59 56 56 56 56 60 60 60 60 61 61 61 61 62 62 62 62 61 61 61 61 63 63 63 63 62 62 62 62 64 64 64 64 65 65 65 65 66 66 66 66 65 65 65 65 67 67 67 67 66 66 66 66 68 68 68 68 69 69 69 69 70 70 70 70 69 69 69 69 71 71 71 71 70 70 70 70 72 72 72 72 73 73 73 73 74 74 74 74 73 73 73 73 75 75 75 75 74 74 74 74 76 76 76 76 77 77 77 77 78 78 78 78 77 77 77 77 79 79 79 79 78 78 78 78 80 80 80 80 81 81 81 81 82 82 82 82 81 81 81 81 83 83 83 83 82 82 82 82 84 84 84 84 85 85 85 85 86 86 86 86 84 84 84 84 86 86 86 86 87 87 87 87 85 85 85 85 88 88 88 88 86 86 86 86 86 86 86 86 89 89 89 89 87 87 87 87 90 90 90 90 91 91 91 91 92 92 92 92 91 91 91 91 93 93 93 93 92 92 92 92 91 91 91 91 94 94 94 94 93 93 93 93 93 93 93 93 94 94 94 94 95 95 95 95 94 94 94 94 96 96 96 96 95 95 95 95 95 95 95 95 96 96 96 96 97 97 97 97 98 98 98 98 99 99 99 99 100 100 100 100 99 99 99 99 101 101 101 101 102 102 102 102 99 99 99 99 102 102 102 102 100 100 100 100 101 101 101 101 103 103 103 103 102 102 102 102 104 104 104 104 105 105 105 105 106 106 106 106 105 105 105 105 107 107 107 107 108 108 108 108 107 107 107 107 109 109 109 109 108 108 108 108 109 109 109 109 110 110 110 110 111 111 111 111 112 112 112 112 113 113 113 113 114 114 114 114 113 113 113 113 115 115 115 115 114 114 114 114 116 116 116 116 117 117 117 117 118 118 118 118 117 117 117 117 119 119 119 119 120 120 120 120 117 117 117 117 120 120 120 120 118 118 118 118 119 119 119 119 121 121 121 121 120 120 120 120 122 122 122 122 123 123 123 123 124 124 124 124 123 123 123 123 125 125 125 125 124 124 124 124 123 123 123 123 126 126 126 126 125 125 125 125 125 125 125 125 126 126 126 126 127 127 127 127 128 128 128 128 129 129 129 129 130 130 130 130 129 129 129 129 131 131 131 131 130 130 130 130 129 129 129 129 132 132 132 132 131 131 131 131 131 131 131 131 132 132 132 132 133 133 133 133 132 132 132 132 134 134 134 134 133 133 133 133 133 133 133 133 134 134 134 134 135 135 135 135 136 136 136 136 137 137 137 137 138 138 138 138 137 137 137 137 139 139 139 139 140 140 140 140 137 137 137 137 140 140 140 140 138 138 138 138 139 139 139 139 141 141 141 141 140 140 140 140 142 142 142 142 143 143 143 143 144 144 144 144 143 143 143 143 145 145 145 145 146 146 146 146 145 145 145 145 147 147 147 147 146 146 146 146 147 147 147 147 148 148 148 148 149 149 149 149 150 150 150 150 151 151 151 151 152 152 152 152 151 151 151 151 153 153 153 153 152 152 152 152 154 154 154 154 155 155 155 155 156 156 156 156 155 155 155 155 157 157 157 157 158 158 158 158 155 155 155 155 158 158 158 158 156 156 156 156 157 157 157 157 159 159 159 159 158 158 158 158 160 160 160 160 161 161 161 161 162 162 162 162 161 161 161 161 163 163 163 163 164 164 164 164 161 161 161 161 164 164 164 164 162 162 162 162 163 163 163 163 165 165 165 165 164 164 164 164 166 166 166 166 167 167 167 167 168 168 168 168 167 167 167 167 169 169 169 169 170 170 170 170 167 167 167 167 170 170 170 170 168 168 168 168 169 169 169 169 171 171 171 171 170 170 170 170 169 169 169 169 172 172 172 172 171 171 171 171 171 171 171 171 172 172 172 172 173 173 173 173 174 174 174 174 175 175 175 175 176 176 176 176 175 175 175 175 177 177 177 177 176 176 176 176 175 175 175 175 178 178 178 178 177 177 177 177 177 177 177 177 178 178 178 178 179 179 179 179 180 180 180 180 181 181 181 181 182 182 182 182 181 181 181 181 183 183 183 183 184 184 184 184 183 183 183 183 185 185 185 185 184 184 184 184 185 185 185 185 186 186 186 186 187 187 187 187 188 188 188 188 189 189 189 189 190 190 190 190 189 189 189 189 191 191 191 191 190 190 190 190 192 192 192 192 193 193 193 193 194 194 194 194 193 193 193 193 195 195 195 195 194 194 194 194 193 193 193 193 196 196 196 196 195 195 195 195 195 195 195 195 196 196 196 196 197 197 197 197 198 198 198 198 199 199 199 199 200 200 200 200 199 199 199 199 201 201 201 201 200 200 200 200 199 199 199 199 202 202 202 202 201 201 201 201 201 201 201 201 202 202 202 202 203 203 203 203 204 204 204 204 205 205 205 205 206 206 206 206 205 205 205 205 207 207 207 207 206 206 206 206 205 205 205 205 208 208 208 208 207 207 207 207 207 207 207 207 208 208 208 208 209 209 209 209 208 208 208 208 210 210 210 210 209 209 209 209 209 209 209 209 210 210 210 210 211 211 211 211 212 212 212 212 213 213 213 213 214 214 214 214 213 213 213 213 215 215 215 215 216 216 216 216 213 213 213 213 216 216 216 216 214 214 214 214 215 215 215 215 217 217 217 217 216 216 216 216 218 218 218 218 219 219 219 219 220 220 220 220 219 219 219 219 221 221 221 221 222 222 222 222 221 221 221 221 223 223 223 223 222 222 222 222 223 223 223 223 224 224 224 224 225 225 225 225 226 226 226 226 227 227 227 227 228 228 228 228 227 227 227 227 229 229 229 229 228 228 228 228 227 227 227 227 230 230 230 230 231 231 231 231 232 232 232 232 233 233 233 233 234 234 234 234 233 233 233 233 235 235 235 235 236 236 236 236 233 233 233 233 236 236 236 236 234 234 234 234 235 235 235 235 237 237 237 237 236 236 236 236 238 238 238 238 239 239 239 239 240 240 240 240 239 239 239 239 241 241 241 241 242 242 242 242 239 239 239 239 242 242 242 242 240 240 240 240 241 241 241 241 243 243 243 243 242 242 242 242 244 244 244 244 245 245 245 245 246 246 246 246 247 247 247 247 248 248 248 248 249 249 249 249 248 248 248 248 250 250 250 250 251 251 251 251 248 248 248 248 251 251 251 251 249 249 249 249 250 250 250 250 252 252 252 252 251 251 251 251 250 250 250 250 253 253 253 253 252 252 252 252 252 252 252 252 253 253 253 253 254 254 254 254 255 255 255 255 256 256 256 256 257 257 257 257 256 256 256 256 258 258 258 258 259 259 259 259 256 256 256 256 259 259 259 259 257 257 257 257 258 258 258 258 260 260 260 260 259 259 259 259 261 261 261 261 262 262 262 262 263 263 263 263 262 262 262 262 264 264 264 264 265 265 265 265 264 264 264 264 266 266 266 266 265 265 265 265 266 266 266 266 267 267 267 267 268 268 268 268 269 269 269 269 270 270 270 270 271 271 271 271 270 270 270 270 272 272 272 272 271 271 271 271 270 270 270 270 273 273 273 273 274 274 274 274 275 275 275 275 276 276 276 276 277 277 277 277 276 276 276 276 278 278 278 278 279 279 279 279 276 276 276 276 279 279 279 279 277 277 277 277 278 278 278 278 280 280 280 280 279 279 279 279 281 281 281 281 282 282 282 282 283 283 283 283 282 282 282 282 284 284 284 284 285 285 285 285 282 282 282 282 285 285 285 285 283 283 283 283 284 284 284 284 286 286 286 286 285 285 285 285 287 287 287 287 288 288 288 288 289 289 289 289 290 290 290 290 291 291 291 291 292 292 292 292 291 291 291 291 293 293 293 293 292 292 292 292 291 291 291 291 294 294 294 294 293 293 293 293 293 293 293 293 294 294 294 294 295 295 295 295 294 294 294 294 296 296 296 296 295 295 295 295 295 295 295 295 296 296 296 296 297 297 297 297 298 298 298 298 299 299 299 299 300 300 300 300 299 299 299 299 301 301 301 301 302 302 302 302 299 299 299 299 302 302 302 302 300 300 300 300 301 301 301 301 303 303 303 303 302 302 302 302 304 304 304 304 305 305 305 305 306 306 306 306 305 305 305 305 307 307 307 307 308 308 308 308 307 307 307 307 309 309 309 309 308 308 308 308 309 309 309 309 310 310 310 310 311 311 311 311 312 312 312 312 313 313 313 313 314 314 314 314 313 313 313 313 315 315 315 315 314 314 314 314 313 313 313 313 316 316 316 316 317 317 317 317 318 318 318 318 319 319 319 319 320 320 320 320 319 319 319 319 321 321 321 321 322 322 322 322 319 319 319 319 322 322 322 322 320 320 320 320 321 321 321 321 323 323 323 323 322 322 322 322 324 324 324 324 325 325 325 325 326 326 326 326 325 325 325 325 327 327 327 327 326 326 326 326 325 325 325 325 328 328 328 328 327 327 327 327 327 327 327 327 328 328 328 328 329 329 329 329 330 330 330 330 331 331 331 331 332 332 332 332 333 333 333 333 334 334 334 334 335 335 335 335 334 334 334 334 336 336 336 336 335 335 335 335 337 337 337 337 338 338 338 338 339 339 339 339 338 338 338 338 340 340 340 340 339 339 339 339 341 341 341 341 342 342 342 342 343 343 343 343 342 342 342 342 344 344 344 344 343 343 343 343 345 345 345 345 346 346 346 346 347 347 347 347 346 346 346 346 348 348 348 348 347 347 347 347 349 349 349 349 350 350 350 350 351 351 351 351 350 350 350 350 352 352 352 352 351 351 351 351 353 353 353 353 354 354 354 354 355 355 355 355 354 354 354 354 356 356 356 356 355 355 355 355 357 357 357 357 358 358 358 358 359 359 359 359 357 357 357 357 359 359 359 359 360 360 360 360 358 358 358 358 361 361 361 361 359 359 359 359 359 359 359 359 362 362 362 362 360 360 360 360 363 363 363 363 364 364 364 364 365 365 365 365 364 364 364 364 366 366 366 366 365 365 365 365 367 367 367 367 368 368 368 368 369 369 369 369 368 368 368 368 370 370 370 370 369 369 369 369 371 371 371 371 372 372 372 372 373 373 373 373 372 372 372 372 374 374 374 374 373 373 373 373 375 375 375 375 376 376 376 376 377 377 377 377 376 376 376 376 378 378 378 378 377 377 377 377 379 379 379 379 380 380 380 380 381 381 381 381 380 380 380 380 382 382 382 382 381 381 381 381 383 383 383 383 384 384 384 384 385 385 385 385 383 383 383 383 386 386 386 386 384 384 384 384 384 384 384 384 386 386 386 386 387 387 387 387 384 384 384 384 388 388 388 388 385 385 385 385 389 389 389 389 390 390 390 390 391 391 391 391 390 390 390 390 392 392 392 392 391 391 391 391 393 393 393 393 394 394 394 394 395 395 395 395 394 394 394 394 396 396 396 396 395 395 395 395 397 397 397 397 398 398 398 398 399 399 399 399 398 398 398 398 400 400 400 400 399 399 399 399 401 401 401 401 402 402 402 402 403 403 403 403 402 402 402 402 404 404 404 404 403 403 403 403 405 405 405 405 406 406 406 406 407 407 407 407 406 406 406 406 408 408 408 408 407 407 407 407 409 409 409 409 410 410 410 410 411 411 411 411 410 410 410 410 412 412 412 412 411 411 411 411 413 413 413 413 414 414 414 414 415 415 415 415 413 413 413 413 416 416 416 416 414 414 414 414 414 414 414 414 416 416 416 416 417 417 417 417 414 414 414 414 418 418 418 418 415 415 415 415 419 419 419 419 420 420 420 420 421 421 421 421 420 420 420 420 422 422 422 422 421 421 421 421 423 423 423 423 424 424 424 424 425 425 425 425 424 424 424 424 426 426 426 426 425 425 425 425 427 427 427 427 428 428 428 428 429 429 429 429 428 428 428 428 430 430 430 430 429 429 429 429 431 431 431 431 432 432 432 432 433 433 433 433 432 432 432 432 434 434 434 434 433 433 433 433 435 435 435 435 436 436 436 436 437 437 437 437 436 436 436 436 438 438 438 438 437 437 437 437 439 439 439 439 440 440 440 440 441 441 441 441 440 440 440 440 442 442 442 442 441 441 441 441 443 443 443 443 444 444 444 444 445 445 445 445 443 443 443 443 446 446 446 446 444 444 444 444 444 444 444 444 446 446 446 446 447 447 447 447 444 444 444 444 448 448 448 448 445 445 445 445 449 449 449 449 450 450 450 450 451 451 451 451 452 452 452 452 453 453 453 453 454 454 454 454 455 455 455 455 456 456 456 456 457 457 457 457 456 456 456 456 458 458 458 458 459 459 459 459 458 458 458 458 460 460 460 460 459 459 459 459 460 460 460 460 461 461 461 461 462 462 462 462 463 463 463 463 464 464 464 464 465 465 465 465 464 464 464 464 466 466 466 466 465 465 465 465 467 467 467 467 468 468 468 468 469 469 469 469 470 470 470 470 471 471 471 471 472 472 472 472 471 471 471 471 473 473 473 473 472 472 472 472 474 474 474 474 475 475 475 475 476 476 476 476 475 475 475 475 477 477 477 477 476 476 476 476 475 475 475 475 478 478 478 478 477 477 477 477 477 477 477 477 478 478 478 478 479 479 479 479 478 478 478 478 480 480 480 480 479 479 479 479 479 479 479 479 480 480 480 480 481 481 481 481 482 482 482 482 483 483 483 483 484 484 484 484 483 483 483 483 485 485 485 485 484 484 484 484 483 483 483 483 486 486 486 486 485 485 485 485 485 485 485 485 486 486 486 486 487 487 487 487 488 488 488 488 489 489 489 489 490 490 490 490 489 489 489 489 491 491 491 491 492 492 492 492 491 491 491 491 493 493 493 493 492 492 492 492 493 493 493 493 494 494 494 494 495 495 495 495 496 496 496 496 497 497 497 497 498 498 498 498 497 497 497 497 499 499 499 499 498 498 498 498 500 500 500 500 501 501 501 501 502 502 502 502 501 501 501 501 503 503 503 503 502 502 502 502 501 501 501 501 504 504 504 504 503 503 503 503 503 503 503 503 504 504 504 504 505 505 505 505 506 506 506 506 507 507 507 507 508 508 508 508 507 507 507 507 509 509 509 509 508 508 508 508 507 507 507 507 510 510 510 510 509 509 509 509 509 509 509 509 510 510 510 510 511 511 511 511 512 512 512 512 513 513 513 513 514 514 514 514 513 513 513 513 515 515 515 515 514 514 514 514 513 513 513 513 516 516 516 516 515 515 515 515 515 515 515 515 516 516 516 516 517 517 517 517 516 516 516 516 518 518 518 518 517 517 517 517 517 517 517 517 518 518 518 518 519 519 519 519 520 520 520 520 521 521 521 521 522 522 522 522 521 521 521 521 523 523 523 523 524 524 524 524 521 521 521 521 524 524 524 524 522 522 522 522 523 523 523 523 525 525 525 525 524 524 524 524 526 526 526 526 527 527 527 527 528 528 528 528 527 527 527 527 529 529 529 529 530 530 530 530 529 529 529 529 531 531 531 531 530 530 530 530 531 531 531 531 532 532 532 532 533 533 533 533 534 534 534 534 535 535 535 535 536 536 536 536 535 535 535 535 537 537 537 537 536 536 536 536 535 535 535 535 538 538 538 538 539 539 539 539 540 540 540 540 541 541 541 541 542 542 542 542 541 541 541 541 543 543 543 543 542 542 542 542 541 541 541 541 544 544 544 544 543 543 543 543 543 543 543 543 544 544 544 544 545 545 545 545 546 546 546 546 547 547 547 547 548 548 548 548 547 547 547 547 549 549 549 549 550 550 550 550 547 547 547 547 550 550 550 550 548 548 548 548 549 549 549 549 551 551 551 551 550 550 550 550 552 552 552 552 553 553 553 553 554 554 554 554 555 555 555 555 556 556 556 556 557 557 557 557 556 556 556 556 558 558 558 558 557 557 557 557 556 556 556 556 559 559 559 559 558 558 558 558 558 558 558 558 559 559 559 559 560 560 560 560 559 559 559 559 561 561 561 561 560 560 560 560 560 560 560 560 561 561 561 561 562 562 562 562 563 563 563 563 564 564 564 564 565 565 565 565 564 564 564 564 566 566 566 566 567 567 567 567 564 564 564 564 567 567 567 567 565 565 565 565 566 566 566 566 568 568 568 568 567 567 567 567 569 569 569 569 570 570 570 570 571 571 571 571 570 570 570 570 572 572 572 572 573 573 573 573 572 572 572 572 574 574 574 574 573 573 573 573 574 574 574 574 575 575 575 575 576 576 576 576 577 577 577 577 578 578 578 578 579 579 579 579 578 578 578 578 580 580 580 580 579 579 579 579 578 578 578 578 581 581 581 581 582 582 582 582 583 583 583 583 584 584 584 584 585 585 585 585 584 584 584 584 586 586 586 586 587 587 587 587 584 584 584 584 587 587 587 587 585 585 585 585 586 586 586 586 588 588 588 588 587 587 587 587 589 589 589 589 590 590 590 590 591 591 591 591 590 590 590 590 592 592 592 592 593 593 593 593 590 590 590 590 593 593 593 593 591 591 591 591 592 592 592 592 594 594 594 594 593 593 593 593 595 595 595 595 596 596 596 596 597 597 597 597 598 598 598 598 599 599 599 599 600 600 600 600 599 599 599 599 601 601 601 601 600 600 600 600 602 602 602 602 603 603 603 603 604 604 604 604 603 603 603 603 605 605 605 605 604 604 604 604 606 606 606 606 607 607 607 607 608 608 608 608 607 607 607 607 609 609 609 609 608 608 608 608 610 610 610 610 611 611 611 611 612 612 612 612 611 611 611 611 613 613 613 613 612 612 612 612 614 614 614 614 615 615 615 615 616 616 616 616 615 615 615 615 617 617 617 617 616 616 616 616 618 618 618 618 619 619 619 619 620 620 620 620 619 619 619 619 621 621 621 621 620 620 620 620 622 622 622 622 623 623 623 623 624 624 624 624 622 622 622 622 624 624 624 624 625 625 625 625 623 623 623 623 626 626 626 626 624 624 624 624 624 624 624 624 627 627 627 627 625 625 625 625 628 628 628 628 629 629 629 629 630 630 630 630 629 629 629 629 631 631 631 631 630 630 630 630 632 632 632 632 633 633 633 633 634 634 634 634 629 629 629 629 635 635 635 635 631 631 631 631 636 636 636 636 637 637 637 637 638 638 638 638 633 633 633 633 639 639 639 639 634 634 634 634 633 633 633 633 640 640 640 640 639 639 639 639 637 637 637 637 641 641 641 641 642 642 642 642 635 635 635 635 643 643 643 643 631 631 631 631 637 637 637 637 642 642 642 642 638 638 638 638 640 640 640 640 644 644 644 644 639 639 639 639 641 641 641 641 645 645 645 645 642 642 642 642 646 646 646 646 647 647 647 647 648 648 648 648 649 649 649 649 650 650 650 650 651 651 651 651 650 650 650 650 652 652 652 652 651 651 651 651 653 653 653 653 646 646 646 646 654 654 654 654 655 655 655 655 656 656 656 656 657 657 657 657 649 649 649 649 651 651 651 651 658 658 658 658 659 659 659 659 649 649 649 649 658 658 658 658 660 660 660 660 653 653 653 653 654 654 654 654 661 661 661 661 662 662 662 662 663 663 663 663 659 659 659 659 658 658 658 658 664 664 664 664 665 665 665 665 666 666 666 666 660 660 660 660 667 667 667 667 659 659 659 659 664 664 664 664 661 661 661 661 668 668 668 668 662 662 662 662 669 669 669 669 670 670 670 670 661 661 661 661 671 671 671 671 672 672 672 672 673 673 673 673 672 672 672 672 674 674 674 674 673 673 673 673 672 672 672 672 675 675 675 675 674 674 674 674 675 675 675 675 451 451 451 451 450 450 450 450 675 675 675 675 450 450 450 450 674 674 674 674 676 676 676 676 453 453 453 453 677 677 677 677 676 676 676 676 454 454 454 454 453 453 453 453 678 678 678 678 676 676 676 676 677 677 677 677 473 473 473 473 471 471 471 471 679 679 679 679 680 680 680 680 469 469 469 469 468 468 468 468 680 680 680 680 468 468 468 468 681 681 681 681 682 682 682 682 473 473 473 473 679 679 679 679 683 683 683 683 680 680 680 680 681 681 681 681 684 684 684 684 685 685 685 685 686 686 686 686 685 685 685 685 687 687 687 687 686 686 686 686 688 688 688 688 689 689 689 689 690 690 690 690 689 689 689 689 691 691 691 691 690 690 690 690 692 692 692 692 693 693 693 693 694 694 694 694 689 689 689 689 695 695 695 695 691 691 691 691 694 694 694 694 696 696 696 696 697 697 697 697 695 695 695 695 698 698 698 698 691 691 691 691 694 694 694 694 697 697 697 697 699 699 699 699 695 695 695 695 700 700 700 700 698 698 698 698 701 701 701 701 702 702 702 702 703 703 703 703 704 704 704 704 705 705 705 705 706 706 706 706 707 707 707 707 708 708 708 708 709 709 709 709 700 700 700 700 710 710 710 710 698 698 698 698 708 708 708 708 711 711 711 711 712 712 712 712 703 703 703 703 707 707 707 707 709 709 709 709 713 713 713 713 714 714 714 714 715 715 715 715 716 716 716 716 715 715 715 715 717 717 717 717 718 718 718 718 719 719 719 719 720 720 720 720 716 716 716 716 713 713 713 713 715 715 715 715 721 721 721 721 716 716 716 716 717 717 717 717 722 722 722 722 723 723 723 723 724 724 724 724 725 725 725 725 718 718 718 718 720 720 720 720 726 726 726 726 722 722 722 722 724 724 724 724 725 725 725 725 720 720 720 720 727 727 727 727 726 726 726 726 724 724 724 724 728 728 728 728 729 729 729 729 725 725 725 725 727 727 727 727 730 730 730 730 726 726 726 726 728 728 728 728 731 731 731 731 732 732 732 732 733 733 733 733 732 732 732 732 734 734 734 734 733 733 733 733 735 735 735 735 736 736 736 736 737 737 737 737 738 738 738 738 735 735 735 735 737 737 737 737 739 739 739 739 740 740 740 740 741 741 741 741 739 739 739 739 741 741 741 741 742 742 742 742 743 743 743 743 744 744 744 744 745 745 745 745 744 744 744 744 746 746 746 746 745 745 745 745 739 739 739 739 742 742 742 742 747 747 747 747 748 748 748 748 749 749 749 749 750 750 750 750 751 751 751 751 748 748 748 748 750 750 750 750 752 752 752 752 739 739 739 739 747 747 747 747 753 753 753 753 754 754 754 754 755 755 755 755 754 754 754 754 756 756 756 756 755 755 755 755 757 757 757 757 758 758 758 758 759 759 759 759 760 760 760 760 757 757 757 757 759 759 759 759 761 761 761 761 762 762 762 762 763 763 763 763 764 764 764 764 765 765 765 765 766 766 766 766 762 762 762 762 767 767 767 767 763 763 763 763 765 765 765 765 768 768 768 768 769 769 769 769 765 765 765 765 769 769 769 769 766 766 766 766 762 762 762 762 770 770 770 770 767 767 767 767 771 771 771 771 772 772 772 772 773 773 773 773 772 772 772 772 774 774 774 774 773 773 773 773 768 768 768 768 775 775 775 775 769 769 769 769 772 772 772 772 776 776 776 776 774 774 774 774 770 770 770 770 777 777 777 777 767 767 767 767 778 778 778 778 779 779 779 779 780 780 780 780 776 776 776 776 781 781 781 781 782 782 782 782 776 776 776 776 782 782 782 782 774 774 774 774 783 783 783 783 778 778 778 778 780 780 780 780 778 778 778 778 784 784 784 784 779 779 779 779 784 784 784 784 785 785 785 785 779 779 779 779 781 781 781 781 786 786 786 786 782 782 782 782 787 787 787 787 788 788 788 788 789 789 789 789 790 790 790 790 791 791 791 791 792 792 792 792 793 793 793 793 794 794 794 794 795 795 795 795 793 793 793 793 796 796 796 796 794 794 794 794 797 797 797 797 798 798 798 798 799 799 799 799 798 798 798 798 790 790 790 790 799 799 799 799 800 800 800 800 801 801 801 801 793 793 793 793 802 802 802 802 803 803 803 803 797 797 797 797 804 804 804 804 805 805 805 805 806 806 806 806 805 805 805 805 807 807 807 807 806 806 806 806 808 808 808 808 809 809 809 809 810 810 810 810 809 809 809 809 811 811 811 811 810 810 810 810 812 812 812 812 813 813 813 813 814 814 814 814 813 813 813 813 815 815 815 815 814 814 814 814 816 816 816 816 817 817 817 817 818 818 818 818 817 817 817 817 819 819 819 819 818 818 818 818 820 820 820 820 821 821 821 821 822 822 822 822 821 821 821 821 823 823 823 823 822 822 822 822 824 824 824 824 825 825 825 825 826 826 826 826 825 825 825 825 827 827 827 827 826 826 826 826 828 828 828 828 829 829 829 829 830 830 830 830 828 828 828 828 830 830 830 830 831 831 831 831 829 829 829 829 832 832 832 832 830 830 830 830 830 830 830 830 833 833 833 833 831 831 831 831 834 834 834 834 835 835 835 835 836 836 836 836 835 835 835 835 837 837 837 837 836 836 836 836 838 838 838 838 839 839 839 839 840 840 840 840 839 839 839 839 841 841 841 841 840 840 840 840 842 842 842 842 843 843 843 843 844 844 844 844 843 843 843 843 845 845 845 845 844 844 844 844 846 846 846 846 847 847 847 847 848 848 848 848 847 847 847 847 849 849 849 849 848 848 848 848 850 850 850 850 851 851 851 851 852 852 852 852 851 851 851 851 853 853 853 853 852 852 852 852 854 854 854 854 855 855 855 855 856 856 856 856 855 855 855 855 857 857 857 857 856 856 856 856 858 858 858 858 859 859 859 859 860 860 860 860 858 858 858 858 861 861 861 861 859 859 859 859 859 859 859 859 862 862 862 862 860 860 860 860 859 859 859 859 861 861 861 861 863 863 863 863 864 864 864 864 865 865 865 865 866 866 866 866 865 865 865 865 867 867 867 867 866 866 866 866 868 868 868 868 869 869 869 869 870 870 870 870 869 869 869 869 871 871 871 871 870 870 870 870 872 872 872 872 873 873 873 873 874 874 874 874 873 873 873 873 875 875 875 875 874 874 874 874 876 876 876 876 877 877 877 877 878 878 878 878 877 877 877 877 879 879 879 879 878 878 878 878 880 880 880 880 881 881 881 881 882 882 882 882 881 881 881 881 883 883 883 883 882 882 882 882 884 884 884 884 885 885 885 885 886 886 886 886 885 885 885 885 887 887 887 887 886 886 886 886 888 888 888 888 889 889 889 889 890 890 890 890 888 888 888 888 891 891 891 891 889 889 889 889 889 889 889 889 892 892 892 892 890 890 890 890 889 889 889 889 891 891 891 891 893 893 893 893 894 894 894 894 895 895 895 895 896 896 896 896 895 895 895 895 897 897 897 897 896 896 896 896 898 898 898 898 899 899 899 899 900 900 900 900 899 899 899 899 901 901 901 901 900 900 900 900 902 902 902 902 903 903 903 903 904 904 904 904 903 903 903 903 905 905 905 905 904 904 904 904 906 906 906 906 907 907 907 907 908 908 908 908 907 907 907 907 909 909 909 909 908 908 908 908 910 910 910 910 911 911 911 911 912 912 912 912 911 911 911 911 913 913 913 913 912 912 912 912 914 914 914 914 915 915 915 915 916 916 916 916 915 915 915 915 917 917 917 917 916 916 916 916 918 918 918 918 919 919 919 919 920 920 920 920 918 918 918 918 921 921 921 921 919 919 919 919 919 919 919 919 922 922 922 922 920 920 920 920 919 919 919 919 921 921 921 921 923 923 923 923 924 924 924 924 925 925 925 925 926 926 926 926 925 925 925 925 927 927 927 927 926 926 926 926 928 928 928 928 929 929 929 929 930 930 930 930 929 929 929 929 931 931 931 931 930 930 930 930 932 932 932 932 933 933 933 933 934 934 934 934 933 933 933 933 935 935 935 935 934 934 934 934 936 936 936 936 937 937 937 937 938 938 938 938 937 937 937 937 939 939 939 939 938 938 938 938 940 940 940 940 941 941 941 941 942 942 942 942 941 941 941 941 943 943 943 943 942 942 942 942 944 944 944 944 945 945 945 945 946 946 946 946 945 945 945 945 947 947 947 947 946 946 946 946 948 948 948 948 949 949 949 949 950 950 950 950 948 948 948 948 951 951 951 951 949 949 949 949 949 949 949 949 952 952 952 952 950 950 950 950 949 949 949 949 951 951 951 951 953 953 953 953 954 954 954 954 955 955 955 955 956 956 956 956 955 955 955 955 957 957 957 957 956 956 956 956 958 958 958 958 959 959 959 959 960 960 960 960 959 959 959 959 961 961 961 961 960 960 960 960 962 962 962 962 963 963 963 963 964 964 964 964 963 963 963 963 965 965 965 965 964 964 964 964 966 966 966 966 967 967 967 967 968 968 968 968 967 967 967 967 969 969 969 969 968 968 968 968 970 970 970 970 971 971 971 971 972 972 972 972 971 971 971 971 973 973 973 973 972 972 972 972 974 974 974 974 975 975 975 975 976 976 976 976 975 975 975 975 977 977 977 977 976 976 976 976 978 978 978 978 979 979 979 979 980 980 980 980 978 978 978 978 981 981 981 981 979 979 979 979 979 979 979 979 982 982 982 982 980 980 980 980 979 979 979 979 981 981 981 981 983 983 983 983 984 984 984 984 985 985 985 985 986 986 986 986 985 985 985 985 987 987 987 987 986 986 986 986 988 988 988 988 989 989 989 989 990 990 990 990 989 989 989 989 991 991 991 991 990 990 990 990 992 992 992 992 993 993 993 993 994 994 994 994 993 993 993 993 995 995 995 995 994 994 994 994 996 996 996 996 997 997 997 997 998 998 998 998 997 997 997 997 999 999 999 999 998 998 998 998 1000 1000 1000 1000 1001 1001 1001 1001 1002 1002 1002 1002 1001 1001 1001 1001 1003 1003 1003 1003 1002 1002 1002 1002 1004 1004 1004 1004 1005 1005 1005 1005 1006 1006 1006 1006 1005 1005 1005 1005 1007 1007 1007 1007 1006 1006 1006 1006 1008 1008 1008 1008 1009 1009 1009 1009 1010 1010 1010 1010 1008 1008 1008 1008 1011 1011 1011 1011 1009 1009 1009 1009 1009 1009 1009 1009 1012 1012 1012 1012 1010 1010 1010 1010 1009 1009 1009 1009 1011 1011 1011 1011 1013 1013 1013 1013 1014 1014 1014 1014 1015 1015 1015 1015 1016 1016 1016 1016 1015 1015 1015 1015 1017 1017 1017 1017 1016 1016 1016 1016 1018 1018 1018 1018 1019 1019 1019 1019 1020 1020 1020 1020 1019 1019 1019 1019 1021 1021 1021 1021 1020 1020 1020 1020 1022 1022 1022 1022 1023 1023 1023 1023 1024 1024 1024 1024 1023 1023 1023 1023 1025 1025 1025 1025 1024 1024 1024 1024 1026 1026 1026 1026 1027 1027 1027 1027 1028 1028 1028 1028 1027 1027 1027 1027 1029 1029 1029 1029 1028 1028 1028 1028 1030 1030 1030 1030 1031 1031 1031 1031 1032 1032 1032 1032 1031 1031 1031 1031 1033 1033 1033 1033 1032 1032 1032 1032 1034 1034 1034 1034 1035 1035 1035 1035 1036 1036 1036 1036 1035 1035 1035 1035 1037 1037 1037 1037 1036 1036 1036 1036 1038 1038 1038 1038 1039 1039 1039 1039 1040 1040 1040 1040 1038 1038 1038 1038 1041 1041 1041 1041 1039 1039 1039 1039 1039 1039 1039 1039 1042 1042 1042 1042 1040 1040 1040 1040 1039 1039 1039 1039 1041 1041 1041 1041 1043 1043 1043 1043 1044 1044 1044 1044 1045 1045 1045 1045 1046 1046 1046 1046 1045 1045 1045 1045 1047 1047 1047 1047 1046 1046 1046 1046 1048 1048 1048 1048 1049 1049 1049 1049 1050 1050 1050 1050 1049 1049 1049 1049 1051 1051 1051 1051 1050 1050 1050 1050 1052 1052 1052 1052 1053 1053 1053 1053 1054 1054 1054 1054 1053 1053 1053 1053 1055 1055 1055 1055 1054 1054 1054 1054 1056 1056 1056 1056 1057 1057 1057 1057 1058 1058 1058 1058 1057 1057 1057 1057 1059 1059 1059 1059 1058 1058 1058 1058 1060 1060 1060 1060 1061 1061 1061 1061 1062 1062 1062 1062 1061 1061 1061 1061 1063 1063 1063 1063 1062 1062 1062 1062 1064 1064 1064 1064 1065 1065 1065 1065 1066 1066 1066 1066 1065 1065 1065 1065 1067 1067 1067 1067 1066 1066 1066 1066 1067 1067 1067 1067 1068 1068 1068 1068 1069 1069 1069 1069 1068 1068 1068 1068 1070 1070 1070 1070 1069 1069 1069 1069 1069 1069 1069 1069 1070 1070 1070 1070 1071 1071 1071 1071 1069 1069 1069 1069 1071 1071 1071 1071 1072 1072 1072 1072 1073 1073 1073 1073 1074 1074 1074 1074 1075 1075 1075 1075 1074 1074 1074 1074 1076 1076 1076 1076 1075 1075 1075 1075 1074 1074 1074 1074 1077 1077 1077 1077 1076 1076 1076 1076 1076 1076 1076 1076 1077 1077 1077 1077 1078 1078 1078 1078 1077 1077 1077 1077 1079 1079 1079 1079 1078 1078 1078 1078 1078 1078 1078 1078 1079 1079 1079 1079 1080 1080 1080 1080 1081 1081 1081 1081 1082 1082 1082 1082 1083 1083 1083 1083 1082 1082 1082 1082 1084 1084 1084 1084 1083 1083 1083 1083 1082 1082 1082 1082 1085 1085 1085 1085 1084 1084 1084 1084 1084 1084 1084 1084 1085 1085 1085 1085 1086 1086 1086 1086 1087 1087 1087 1087 1088 1088 1088 1088 1089 1089 1089 1089 1088 1088 1088 1088 1090 1090 1090 1090 1091 1091 1091 1091 1090 1090 1090 1090 1092 1092 1092 1092 1091 1091 1091 1091 1092 1092 1092 1092 1093 1093 1093 1093 1094 1094 1094 1094 1095 1095 1095 1095 1096 1096 1096 1096 1097 1097 1097 1097 1096 1096 1096 1096 1098 1098 1098 1098 1099 1099 1099 1099 1096 1096 1096 1096 1100 1100 1100 1100 1097 1097 1097 1097 1101 1101 1101 1101 1102 1102 1102 1102 1103 1103 1103 1103 1102 1102 1102 1102 1104 1104 1104 1104 1103 1103 1103 1103 1102 1102 1102 1102 1105 1105 1105 1105 1104 1104 1104 1104 1104 1104 1104 1104 1105 1105 1105 1105 1106 1106 1106 1106 1107 1107 1107 1107 1108 1108 1108 1108 1109 1109 1109 1109 1108 1108 1108 1108 1110 1110 1110 1110 1109 1109 1109 1109 1108 1108 1108 1108 1111 1111 1111 1111 1110 1110 1110 1110 1110 1110 1110 1110 1111 1111 1111 1111 1112 1112 1112 1112 1113 1113 1113 1113 1114 1114 1114 1114 1115 1115 1115 1115 1116 1116 1116 1116 1117 1117 1117 1117 1118 1118 1118 1118 1117 1117 1117 1117 1119 1119 1119 1119 1120 1120 1120 1120 1117 1117 1117 1117 1120 1120 1120 1120 1118 1118 1118 1118 1119 1119 1119 1119 1121 1121 1121 1121 1122 1122 1122 1122 1119 1119 1119 1119 1122 1122 1122 1122 1120 1120 1120 1120 1121 1121 1121 1121 1123 1123 1123 1123 1122 1122 1122 1122 1124 1124 1124 1124 1125 1125 1125 1125 1126 1126 1126 1126 1125 1125 1125 1125 1127 1127 1127 1127 1128 1128 1128 1128 1125 1125 1125 1125 1128 1128 1128 1128 1126 1126 1126 1126 1127 1127 1127 1127 1129 1129 1129 1129 1128 1128 1128 1128 1130 1130 1130 1130 1131 1131 1131 1131 1132 1132 1132 1132 1131 1131 1131 1131 1133 1133 1133 1133 1134 1134 1134 1134 1133 1133 1133 1133 1135 1135 1135 1135 1134 1134 1134 1134 1135 1135 1135 1135 1136 1136 1136 1136 1137 1137 1137 1137 1138 1138 1138 1138 1139 1139 1139 1139 1140 1140 1140 1140 1139 1139 1139 1139 1141 1141 1141 1141 1142 1142 1142 1142 1139 1139 1139 1139 1143 1143 1143 1143 1140 1140 1140 1140 1144 1144 1144 1144 1145 1145 1145 1145 1146 1146 1146 1146 1145 1145 1145 1145 1147 1147 1147 1147 1148 1148 1148 1148 1145 1145 1145 1145 1148 1148 1148 1148 1146 1146 1146 1146 1147 1147 1147 1147 1149 1149 1149 1149 1148 1148 1148 1148 1150 1150 1150 1150 1151 1151 1151 1151 1152 1152 1152 1152 1151 1151 1151 1151 1153 1153 1153 1153 1154 1154 1154 1154 1151 1151 1151 1151 1154 1154 1154 1154 1152 1152 1152 1152 1153 1153 1153 1153 1155 1155 1155 1155 1154 1154 1154 1154 1156 1156 1156 1156 1157 1157 1157 1157 1158 1158 1158 1158 1159 1159 1159 1159 1160 1160 1160 1160 1161 1161 1161 1161 1160 1160 1160 1160 1162 1162 1162 1162 1163 1163 1163 1163 1160 1160 1160 1160 1163 1163 1163 1163 1161 1161 1161 1161 1162 1162 1162 1162 1164 1164 1164 1164 1165 1165 1165 1165 1162 1162 1162 1162 1165 1165 1165 1165 1163 1163 1163 1163 1164 1164 1164 1164 1166 1166 1166 1166 1165 1165 1165 1165 1167 1167 1167 1167 1168 1168 1168 1168 1169 1169 1169 1169 1168 1168 1168 1168 1170 1170 1170 1170 1171 1171 1171 1171 1168 1168 1168 1168 1171 1171 1171 1171 1169 1169 1169 1169 1170 1170 1170 1170 1172 1172 1172 1172 1171 1171 1171 1171 1173 1173 1173 1173 1174 1174 1174 1174 1175 1175 1175 1175 1174 1174 1174 1174 1176 1176 1176 1176 1177 1177 1177 1177 1176 1176 1176 1176 1178 1178 1178 1178 1177 1177 1177 1177 1178 1178 1178 1178 1179 1179 1179 1179 1180 1180 1180 1180 1181 1181 1181 1181 1182 1182 1182 1182 1183 1183 1183 1183 1182 1182 1182 1182 1184 1184 1184 1184 1185 1185 1185 1185 1182 1182 1182 1182 1186 1186 1186 1186 1183 1183 1183 1183 1187 1187 1187 1187 1188 1188 1188 1188 1189 1189 1189 1189 1188 1188 1188 1188 1190 1190 1190 1190 1189 1189 1189 1189 1188 1188 1188 1188 1191 1191 1191 1191 1190 1190 1190 1190 1190 1190 1190 1190 1191 1191 1191 1191 1192 1192 1192 1192 1193 1193 1193 1193 1194 1194 1194 1194 1195 1195 1195 1195 1194 1194 1194 1194 1196 1196 1196 1196 1195 1195 1195 1195 1194 1194 1194 1194 1197 1197 1197 1197 1196 1196 1196 1196 1196 1196 1196 1196 1197 1197 1197 1197 1198 1198 1198 1198 1199 1199 1199 1199 1200 1200 1200 1200 1201 1201 1201 1201 1202 1202 1202 1202 1203 1203 1203 1203 1204 1204 1204 1204 1204 1204 1204 1204 1205 1205 1205 1205 1206 1206 1206 1206 1205 1205 1205 1205 1207 1207 1207 1207 1206 1206 1206 1206 1208 1208 1208 1208 1209 1209 1209 1209 1210 1210 1210 1210 1207 1207 1207 1207 1211 1211 1211 1211 1212 1212 1212 1212 1213 1213 1213 1213 1214 1214 1214 1214 1215 1215 1215 1215 1209 1209 1209 1209 1216 1216 1216 1216 1217 1217 1217 1217 1209 1209 1209 1209 1217 1217 1217 1217 1210 1210 1210 1210 1215 1215 1215 1215 1218 1218 1218 1218 1219 1219 1219 1219 1215 1215 1215 1215 1219 1219 1219 1219 1220 1220 1220 1220 1216 1216 1216 1216 1221 1221 1221 1221 1217 1217 1217 1217 1222 1222 1222 1222 1223 1223 1223 1223 1224 1224 1224 1224 1225 1225 1225 1225 1226 1226 1226 1226 1227 1227 1227 1227 1228 1228 1228 1228 1229 1229 1229 1229 1230 1230 1230 1230 1231 1231 1231 1231 1225 1225 1225 1225 1227 1227 1227 1227 1232 1232 1232 1232 1233 1233 1233 1233 1234 1234 1234 1234 1235 1235 1235 1235 1231 1231 1231 1231 1236 1236 1236 1236 1231 1231 1231 1231 1227 1227 1227 1227 1236 1236 1236 1236 1237 1237 1237 1237 1230 1230 1230 1230 1238 1238 1238 1238 1237 1237 1237 1237 1228 1228 1228 1228 1230 1230 1230 1230 1239 1239 1239 1239 1232 1232 1232 1232 1234 1234 1234 1234 1239 1239 1239 1239 1234 1234 1234 1234 1240 1240 1240 1240 1241 1241 1241 1241 1237 1237 1237 1237 1238 1238 1238 1238 1241 1241 1241 1241 1238 1238 1238 1238 1242 1242 1242 1242 1243 1243 1243 1243 1239 1239 1239 1239 1240 1240 1240 1240 1244 1244 1244 1244 1241 1241 1241 1241 1242 1242 1242 1242 1245 1245 1245 1245 1246 1246 1246 1246 1247 1247 1247 1247 1246 1246 1246 1246 1248 1248 1248 1248 1247 1247 1247 1247 1249 1249 1249 1249 1250 1250 1250 1250 1251 1251 1251 1251 1250 1250 1250 1250 1252 1252 1252 1252 1251 1251 1251 1251 1253 1253 1253 1253 1254 1254 1254 1254 1255 1255 1255 1255 1254 1254 1254 1254 1256 1256 1256 1256 1255 1255 1255 1255 1257 1257 1257 1257 1258 1258 1258 1258 1259 1259 1259 1259 1258 1258 1258 1258 1260 1260 1260 1260 1259 1259 1259 1259 1261 1261 1261 1261 1262 1262 1262 1262 1263 1263 1263 1263 1262 1262 1262 1262 1264 1264 1264 1264 1263 1263 1263 1263 1265 1265 1265 1265 1266 1266 1266 1266 1267 1267 1267 1267 1266 1266 1266 1266 1268 1268 1268 1268 1267 1267 1267 1267 1268 1268 1268 1268 1269 1269 1269 1269 1270 1270 1270 1270 1269 1269 1269 1269 1271 1271 1271 1271 1270 1270 1270 1270 1270 1270 1270 1270 1271 1271 1271 1271 1272 1272 1272 1272 1270 1270 1270 1270 1272 1272 1272 1272 1273 1273 1273 1273 1274 1274 1274 1274 1275 1275 1275 1275 1276 1276 1276 1276 1275 1275 1275 1275 1277 1277 1277 1277 1276 1276 1276 1276 1278 1278 1278 1278 1279 1279 1279 1279 1280 1280 1280 1280 1279 1279 1279 1279 1281 1281 1281 1281 1280 1280 1280 1280 1282 1282 1282 1282 1283 1283 1283 1283 1284 1284 1284 1284 1283 1283 1283 1283 1285 1285 1285 1285 1284 1284 1284 1284 1285 1285 1285 1285 1286 1286 1286 1286 1287 1287 1287 1287 1285 1285 1285 1285 1287 1287 1287 1287 1288 1288 1288 1288 1289 1289 1289 1289 1290 1290 1290 1290 1291 1291 1291 1291 1290 1290 1290 1290 1292 1292 1292 1292 1291 1291 1291 1291 1293 1293 1293 1293 1294 1294 1294 1294 1295 1295 1295 1295 1294 1294 1294 1294 1296 1296 1296 1296 1295 1295 1295 1295 1297 1297 1297 1297 1298 1298 1298 1298 1299 1299 1299 1299 1297 1297 1297 1297 1299 1299 1299 1299 1300 1300 1300 1300 1298 1298 1298 1298 1301 1301 1301 1301 1299 1299 1299 1299 1299 1299 1299 1299 1302 1302 1302 1302 1300 1300 1300 1300 1303 1303 1303 1303 1304 1304 1304 1304 1305 1305 1305 1305 1304 1304 1304 1304 1306 1306 1306 1306 1305 1305 1305 1305 1307 1307 1307 1307 1308 1308 1308 1308 1309 1309 1309 1309 1308 1308 1308 1308 1310 1310 1310 1310 1309 1309 1309 1309 1311 1311 1311 1311 1312 1312 1312 1312 1313 1313 1313 1313 1312 1312 1312 1312 1314 1314 1314 1314 1313 1313 1313 1313 1315 1315 1315 1315 1316 1316 1316 1316 1317 1317 1317 1317 1316 1316 1316 1316 1318 1318 1318 1318 1317 1317 1317 1317 1319 1319 1319 1319 1320 1320 1320 1320 1321 1321 1321 1321 1320 1320 1320 1320 1322 1322 1322 1322 1321 1321 1321 1321 1323 1323 1323 1323 1324 1324 1324 1324 1325 1325 1325 1325 1324 1324 1324 1324 1326 1326 1326 1326 1325 1325 1325 1325 1326 1326 1326 1326 1327 1327 1327 1327 1328 1328 1328 1328 1327 1327 1327 1327 1329 1329 1329 1329 1328 1328 1328 1328 1328 1328 1328 1328 1330 1330 1330 1330 1331 1331 1331 1331 1328 1328 1328 1328 1329 1329 1329 1329 1330 1330 1330 1330 1332 1332 1332 1332 1333 1333 1333 1333 1334 1334 1334 1334 1333 1333 1333 1333 1335 1335 1335 1335 1334 1334 1334 1334 1336 1336 1336 1336 1337 1337 1337 1337 1338 1338 1338 1338 1337 1337 1337 1337 1339 1339 1339 1339 1338 1338 1338 1338 1340 1340 1340 1340 1341 1341 1341 1341 1342 1342 1342 1342 1341 1341 1341 1341 1343 1343 1343 1343 1342 1342 1342 1342 1343 1343 1343 1343 1344 1344 1344 1344 1345 1345 1345 1345 1343 1343 1343 1343 1345 1345 1345 1345 1346 1346 1346 1346 1347 1347 1347 1347 1348 1348 1348 1348 1349 1349 1349 1349 1348 1348 1348 1348 1350 1350 1350 1350 1349 1349 1349 1349 1351 1351 1351 1351 1352 1352 1352 1352 1353 1353 1353 1353 1352 1352 1352 1352 1354 1354 1354 1354 1353 1353 1353 1353 1355 1355 1355 1355 1356 1356 1356 1356 1357 1357 1357 1357 1355 1355 1355 1355 1358 1358 1358 1358 1356 1356 1356 1356 1356 1356 1356 1356 1358 1358 1358 1358 1359 1359 1359 1359 1356 1356 1356 1356 1360 1360 1360 1360 1357 1357 1357 1357 1361 1361 1361 1361 1362 1362 1362 1362 1363 1363 1363 1363 1362 1362 1362 1362 1364 1364 1364 1364 1363 1363 1363 1363 1365 1365 1365 1365 1366 1366 1366 1366 1367 1367 1367 1367 1366 1366 1366 1366 1368 1368 1368 1368 1367 1367 1367 1367 1369 1369 1369 1369 1370 1370 1370 1370 1371 1371 1371 1371 1370 1370 1370 1370 1372 1372 1372 1372 1371 1371 1371 1371 1372 1372 1372 1372 1373 1373 1373 1373 1374 1374 1374 1374 1372 1372 1372 1372 1374 1374 1374 1374 1375 1375 1375 1375 1376 1376 1376 1376 1377 1377 1377 1377 1378 1378 1378 1378 1377 1377 1377 1377 1379 1379 1379 1379 1378 1378 1378 1378 1380 1380 1380 1380 1381 1381 1381 1381 1382 1382 1382 1382 1381 1381 1381 1381 1383 1383 1383 1383 1382 1382 1382 1382 1384 1384 1384 1384 1385 1385 1385 1385 1386 1386 1386 1386 1384 1384 1384 1384 1387 1387 1387 1387 1385 1385 1385 1385 1385 1385 1385 1385 1388 1388 1388 1388 1386 1386 1386 1386 1385 1385 1385 1385 1387 1387 1387 1387 1389 1389 1389 1389 1390 1390 1390 1390 1391 1391 1391 1391 1392 1392 1392 1392 1391 1391 1391 1391 1393 1393 1393 1393 1392 1392 1392 1392 1394 1394 1394 1394 1395 1395 1395 1395 1396 1396 1396 1396 1395 1395 1395 1395 1397 1397 1397 1397 1396 1396 1396 1396 1398 1398 1398 1398 1399 1399 1399 1399 1400 1400 1400 1400 1399 1399 1399 1399 1401 1401 1401 1401 1400 1400 1400 1400 1402 1402 1402 1402 1403 1403 1403 1403 1404 1404 1404 1404 1403 1403 1403 1403 1405 1405 1405 1405 1404 1404 1404 1404 1406 1406 1406 1406 1407 1407 1407 1407 1408 1408 1408 1408 1407 1407 1407 1407 1409 1409 1409 1409 1408 1408 1408 1408 1410 1410 1410 1410 1411 1411 1411 1411 1412 1412 1412 1412 1411 1411 1411 1411 1413 1413 1413 1413 1412 1412 1412 1412 1413 1413 1413 1413 1414 1414 1414 1414 1415 1415 1415 1415 1414 1414 1414 1414 1416 1416 1416 1416 1415 1415 1415 1415 1415 1415 1415 1415 1416 1416 1416 1416 1417 1417 1417 1417 1415 1415 1415 1415 1417 1417 1417 1417 1418 1418 1418 1418 1419 1419 1419 1419 1420 1420 1420 1420 1421 1421 1421 1421 1420 1420 1420 1420 1422 1422 1422 1422 1421 1421 1421 1421 1423 1423 1423 1423 1424 1424 1424 1424 1425 1425 1425 1425 1424 1424 1424 1424 1426 1426 1426 1426 1425 1425 1425 1425 1427 1427 1427 1427 1428 1428 1428 1428 1429 1429 1429 1429 1428 1428 1428 1428 1430 1430 1430 1430 1429 1429 1429 1429 1431 1431 1431 1431 1432 1432 1432 1432 1433 1433 1433 1433 1432 1432 1432 1432 1434 1434 1434 1434 1433 1433 1433 1433 1435 1435 1435 1435 1436 1436 1436 1436 1437 1437 1437 1437 1436 1436 1436 1436 1438 1438 1438 1438 1437 1437 1437 1437 1439 1439 1439 1439 1440 1440 1440 1440 1441 1441 1441 1441 1440 1440 1440 1440 1442 1442 1442 1442 1441 1441 1441 1441 1442 1442 1442 1442 1443 1443 1443 1443 1444 1444 1444 1444 1443 1443 1443 1443 1445 1445 1445 1445 1444 1444 1444 1444 1444 1444 1444 1444 1446 1446 1446 1446 1447 1447 1447 1447 1444 1444 1444 1444 1445 1445 1445 1445 1446 1446 1446 1446 1448 1448 1448 1448 1449 1449 1449 1449 1450 1450 1450 1450 1449 1449 1449 1449 1451 1451 1451 1451 1450 1450 1450 1450 1452 1452 1452 1452 1453 1453 1453 1453 1454 1454 1454 1454 1453 1453 1453 1453 1455 1455 1455 1455 1454 1454 1454 1454 1456 1456 1456 1456 1457 1457 1457 1457 1458 1458 1458 1458 1457 1457 1457 1457 1459 1459 1459 1459 1458 1458 1458 1458 1460 1460 1460 1460 1461 1461 1461 1461 1462 1462 1462 1462 1461 1461 1461 1461 1463 1463 1463 1463 1462 1462 1462 1462 1464 1464 1464 1464 1465 1465 1465 1465 1466 1466 1466 1466 1465 1465 1465 1465 1467 1467 1467 1467 1466 1466 1466 1466 1468 1468 1468 1468 1469 1469 1469 1469 1470 1470 1470 1470 1469 1469 1469 1469 1471 1471 1471 1471 1470 1470 1470 1470 1471 1471 1471 1471 1472 1472 1472 1472 1473 1473 1473 1473 1472 1472 1472 1472 1474 1474 1474 1474 1473 1473 1473 1473 1473 1473 1473 1473 1475 1475 1475 1475 1476 1476 1476 1476 1473 1473 1473 1473 1474 1474 1474 1474 1475 1475 1475 1475 1477 1477 1477 1477 1478 1478 1478 1478 1479 1479 1479 1479 1478 1478 1478 1478 1480 1480 1480 1480 1479 1479 1479 1479 1481 1481 1481 1481 1482 1482 1482 1482 1483 1483 1483 1483 1482 1482 1482 1482 1484 1484 1484 1484 1483 1483 1483 1483 1485 1485 1485 1485 1486 1486 1486 1486 1487 1487 1487 1487 1486 1486 1486 1486 1488 1488 1488 1488 1487 1487 1487 1487 1489 1489 1489 1489 1490 1490 1490 1490 1491 1491 1491 1491 1490 1490 1490 1490 1492 1492 1492 1492 1491 1491 1491 1491 1493 1493 1493 1493 1494 1494 1494 1494 1495 1495 1495 1495 1494 1494 1494 1494 1496 1496 1496 1496 1495 1495 1495 1495 1497 1497 1497 1497 1498 1498 1498 1498 1499 1499 1499 1499 1498 1498 1498 1498 1500 1500 1500 1500 1499 1499 1499 1499 1500 1500 1500 1500 1501 1501 1501 1501 1502 1502 1502 1502 1501 1501 1501 1501 1503 1503 1503 1503 1502 1502 1502 1502 1502 1502 1502 1502 1503 1503 1503 1503 1504 1504 1504 1504 1502 1502 1502 1502 1504 1504 1504 1504 1505 1505 1505 1505 1506 1506 1506 1506 1507 1507 1507 1507 1508 1508 1508 1508 1507 1507 1507 1507 1509 1509 1509 1509 1508 1508 1508 1508 1510 1510 1510 1510 1511 1511 1511 1511 1512 1512 1512 1512 1511 1511 1511 1511 1513 1513 1513 1513 1512 1512 1512 1512 1514 1514 1514 1514 1515 1515 1515 1515 1516 1516 1516 1516 1515 1515 1515 1515 1517 1517 1517 1517 1516 1516 1516 1516 1517 1517 1517 1517 1518 1518 1518 1518 1519 1519 1519 1519 1517 1517 1517 1517 1519 1519 1519 1519 1520 1520 1520 1520 1521 1521 1521 1521 1522 1522 1522 1522 1523 1523 1523 1523 1522 1522 1522 1522 1524 1524 1524 1524 1523 1523 1523 1523 1525 1525 1525 1525 1526 1526 1526 1526 1527 1527 1527 1527 1526 1526 1526 1526 1528 1528 1528 1528 1527 1527 1527 1527 1529 1529 1529 1529 1530 1530 1530 1530 1531 1531 1531 1531 1529 1529 1529 1529 1531 1531 1531 1531 1532 1532 1532 1532 1530 1530 1530 1530 1533 1533 1533 1533 1531 1531 1531 1531 1531 1531 1531 1531 1534 1534 1534 1534 1532 1532 1532 1532 1535 1535 1535 1535 1536 1536 1536 1536 1537 1537 1537 1537 1536 1536 1536 1536 1538 1538 1538 1538 1537 1537 1537 1537 1539 1539 1539 1539 1540 1540 1540 1540 1541 1541 1541 1541 1540 1540 1540 1540 1542 1542 1542 1542 1541 1541 1541 1541 1543 1543 1543 1543 1544 1544 1544 1544 1545 1545 1545 1545 1544 1544 1544 1544 1546 1546 1546 1546 1545 1545 1545 1545 1546 1546 1546 1546 1547 1547 1547 1547 1548 1548 1548 1548 1546 1546 1546 1546 1549 1549 1549 1549 1547 1547 1547 1547 1550 1550 1550 1550 1551 1551 1551 1551 1552 1552 1552 1552 1551 1551 1551 1551 1553 1553 1553 1553 1552 1552 1552 1552 1554 1554 1554 1554 1555 1555 1555 1555 1556 1556 1556 1556 1555 1555 1555 1555 1557 1557 1557 1557 1556 1556 1556 1556 1558 1558 1558 1558 1559 1559 1559 1559 1560 1560 1560 1560 1558 1558 1558 1558 1560 1560 1560 1560 1561 1561 1561 1561 1559 1559 1559 1559 1562 1562 1562 1562 1560 1560 1560 1560 1560 1560 1560 1560 1563 1563 1563 1563 1561 1561 1561 1561 1564 1564 1564 1564 1565 1565 1565 1565 1566 1566 1566 1566 1565 1565 1565 1565 1567 1567 1567 1567 1566 1566 1566 1566 1568 1568 1568 1568 1569 1569 1569 1569 1570 1570 1570 1570 1569 1569 1569 1569 1571 1571 1571 1571 1570 1570 1570 1570 1572 1572 1572 1572 1573 1573 1573 1573 1574 1574 1574 1574 1573 1573 1573 1573 1575 1575 1575 1575 1574 1574 1574 1574 1576 1576 1576 1576 1577 1577 1577 1577 1578 1578 1578 1578 1577 1577 1577 1577 1579 1579 1579 1579 1578 1578 1578 1578 1580 1580 1580 1580 1581 1581 1581 1581 1582 1582 1582 1582 1581 1581 1581 1581 1583 1583 1583 1583 1582 1582 1582 1582 1584 1584 1584 1584 1585 1585 1585 1585 1586 1586 1586 1586 1585 1585 1585 1585 1587 1587 1587 1587 1586 1586 1586 1586 1587 1587 1587 1587 1588 1588 1588 1588 1589 1589 1589 1589 1588 1588 1588 1588 1590 1590 1590 1590 1589 1589 1589 1589 1589 1589 1589 1589 1591 1591 1591 1591 1592 1592 1592 1592 1589 1589 1589 1589 1590 1590 1590 1590 1591 1591 1591 1591 1593 1593 1593 1593 1594 1594 1594 1594 1595 1595 1595 1595 1594 1594 1594 1594 1596 1596 1596 1596 1595 1595 1595 1595 1597 1597 1597 1597 1598 1598 1598 1598 1599 1599 1599 1599 1598 1598 1598 1598 1600 1600 1600 1600 1599 1599 1599 1599 1601 1601 1601 1601 1602 1602 1602 1602 1603 1603 1603 1603 1602 1602 1602 1602 1604 1604 1604 1604 1603 1603 1603 1603 1604 1604 1604 1604 1605 1605 1605 1605 1606 1606 1606 1606 1604 1604 1604 1604 1607 1607 1607 1607 1605 1605 1605 1605 1608 1608 1608 1608 1609 1609 1609 1609 1610 1610 1610 1610 1609 1609 1609 1609 1611 1611 1611 1611 1610 1610 1610 1610 1612 1612 1612 1612 1613 1613 1613 1613 1614 1614 1614 1614 1613 1613 1613 1613 1615 1615 1615 1615 1614 1614 1614 1614 1616 1616 1616 1616 1617 1617 1617 1617 1618 1618 1618 1618 1616 1616 1616 1616 1618 1618 1618 1618 1619 1619 1619 1619 1617 1617 1617 1617 1620 1620 1620 1620 1618 1618 1618 1618 1618 1618 1618 1618 1621 1621 1621 1621 1619 1619 1619 1619 1622 1622 1622 1622 1623 1623 1623 1623 1624 1624 1624 1624 1623 1623 1623 1623 1625 1625 1625 1625 1624 1624 1624 1624 1626 1626 1626 1626 1627 1627 1627 1627 1628 1628 1628 1628 1627 1627 1627 1627 1629 1629 1629 1629 1628 1628 1628 1628 1630 1630 1630 1630 1631 1631 1631 1631 1632 1632 1632 1632 1631 1631 1631 1631 1633 1633 1633 1633 1632 1632 1632 1632 1633 1633 1633 1633 1634 1634 1634 1634 1635 1635 1635 1635 1633 1633 1633 1633 1636 1636 1636 1636 1634 1634 1634 1634 1637 1637 1637 1637 1638 1638 1638 1638 1639 1639 1639 1639 1638 1638 1638 1638 1640 1640 1640 1640 1639 1639 1639 1639 1641 1641 1641 1641 1642 1642 1642 1642 1643 1643 1643 1643 1642 1642 1642 1642 1644 1644 1644 1644 1643 1643 1643 1643 1645 1645 1645 1645 1646 1646 1646 1646 1647 1647 1647 1647 1645 1645 1645 1645 1647 1647 1647 1647 1648 1648 1648 1648 1646 1646 1646 1646 1649 1649 1649 1649 1647 1647 1647 1647 1647 1647 1647 1647 1650 1650 1650 1650 1648 1648 1648 1648 1651 1651 1651 1651 1652 1652 1652 1652 1653 1653 1653 1653 1652 1652 1652 1652 1654 1654 1654 1654 1653 1653 1653 1653 1655 1655 1655 1655 1656 1656 1656 1656 1657 1657 1657 1657 1656 1656 1656 1656 1658 1658 1658 1658 1657 1657 1657 1657 1659 1659 1659 1659 1660 1660 1660 1660 1661 1661 1661 1661 1660 1660 1660 1660 1662 1662 1662 1662 1661 1661 1661 1661 1662 1662 1662 1662 1663 1663 1663 1663 1664 1664 1664 1664 1662 1662 1662 1662 1665 1665 1665 1665 1663 1663 1663 1663 1666 1666 1666 1666 1667 1667 1667 1667 1668 1668 1668 1668 1667 1667 1667 1667 1669 1669 1669 1669 1668 1668 1668 1668 1670 1670 1670 1670 1671 1671 1671 1671 1672 1672 1672 1672 1671 1671 1671 1671 1673 1673 1673 1673 1672 1672 1672 1672 1674 1674 1674 1674 1675 1675 1675 1675 1676 1676 1676 1676 1674 1674 1674 1674 1676 1676 1676 1676 1677 1677 1677 1677 1675 1675 1675 1675 1678 1678 1678 1678 1676 1676 1676 1676 1676 1676 1676 1676 1679 1679 1679 1679 1677 1677 1677 1677 1680 1680 1680 1680 1681 1681 1681 1681 1682 1682 1682 1682 1681 1681 1681 1681 1683 1683 1683 1683 1682 1682 1682 1682 1684 1684 1684 1684 1685 1685 1685 1685 1686 1686 1686 1686 1685 1685 1685 1685 1687 1687 1687 1687 1686 1686 1686 1686 1688 1688 1688 1688 1689 1689 1689 1689 1690 1690 1690 1690 1689 1689 1689 1689 1691 1691 1691 1691 1690 1690 1690 1690 1692 1692 1692 1692 1693 1693 1693 1693 1694 1694 1694 1694 1693 1693 1693 1693 1695 1695 1695 1695 1694 1694 1694 1694 1696 1696 1696 1696 1697 1697 1697 1697 1698 1698 1698 1698 1697 1697 1697 1697 1699 1699 1699 1699 1698 1698 1698 1698 1700 1700 1700 1700 1701 1701 1701 1701 1702 1702 1702 1702 1701 1701 1701 1701 1703 1703 1703 1703 1702 1702 1702 1702 1703 1703 1703 1703 1704 1704 1704 1704 1705 1705 1705 1705 1704 1704 1704 1704 1706 1706 1706 1706 1705 1705 1705 1705 1705 1705 1705 1705 1706 1706 1706 1706 1707 1707 1707 1707 1705 1705 1705 1705 1707 1707 1707 1707 1708 1708 1708 1708 1709 1709 1709 1709 1710 1710 1710 1710 1711 1711 1711 1711 1710 1710 1710 1710 1712 1712 1712 1712 1711 1711 1711 1711 1713 1713 1713 1713 1714 1714 1714 1714 1715 1715 1715 1715 1714 1714 1714 1714 1716 1716 1716 1716 1715 1715 1715 1715 1717 1717 1717 1717 1718 1718 1718 1718 1719 1719 1719 1719 1718 1718 1718 1718 1720 1720 1720 1720 1719 1719 1719 1719 1721 1721 1721 1721 1722 1722 1722 1722 1723 1723 1723 1723 1722 1722 1722 1722 1724 1724 1724 1724 1723 1723 1723 1723 1725 1725 1725 1725 1726 1726 1726 1726 1727 1727 1727 1727 1726 1726 1726 1726 1728 1728 1728 1728 1727 1727 1727 1727 1729 1729 1729 1729 1730 1730 1730 1730 1731 1731 1731 1731 1730 1730 1730 1730 1732 1732 1732 1732 1731 1731 1731 1731 1732 1732 1732 1732 1733 1733 1733 1733 1734 1734 1734 1734 1733 1733 1733 1733 1735 1735 1735 1735 1734 1734 1734 1734 1734 1734 1734 1734 1736 1736 1736 1736 1737 1737 1737 1737 1734 1734 1734 1734 1735 1735 1735 1735 1736 1736 1736 1736 1738 1738 1738 1738 1739 1739 1739 1739 1740 1740 1740 1740 1739 1739 1739 1739 1741 1741 1741 1741 1740 1740 1740 1740 1742 1742 1742 1742 1743 1743 1743 1743 1744 1744 1744 1744 1743 1743 1743 1743 1745 1745 1745 1745 1744 1744 1744 1744 1746 1746 1746 1746 1747 1747 1747 1747 1748 1748 1748 1748 1747 1747 1747 1747 1749 1749 1749 1749 1748 1748 1748 1748 1749 1749 1749 1749 1750 1750 1750 1750 1751 1751 1751 1751 1749 1749 1749 1749 1751 1751 1751 1751 1752 1752 1752 1752 1753 1753 1753 1753 1754 1754 1754 1754 1755 1755 1755 1755 1754 1754 1754 1754 1756 1756 1756 1756 1755 1755 1755 1755 1757 1757 1757 1757 1758 1758 1758 1758 1759 1759 1759 1759 1758 1758 1758 1758 1760 1760 1760 1760 1759 1759 1759 1759 1761 1761 1761 1761 1762 1762 1762 1762 1763 1763 1763 1763 1761 1761 1761 1761 1763 1763 1763 1763 1764 1764 1764 1764 1762 1762 1762 1762 1765 1765 1765 1765 1763 1763 1763 1763 1763 1763 1763 1763 1766 1766 1766 1766 1764 1764 1764 1764 1767 1767 1767 1767 1768 1768 1768 1768 1769 1769 1769 1769 1768 1768 1768 1768 1770 1770 1770 1770 1769 1769 1769 1769 1771 1771 1771 1771 1772 1772 1772 1772 1773 1773 1773 1773 1772 1772 1772 1772 1774 1774 1774 1774 1773 1773 1773 1773 1775 1775 1775 1775 1776 1776 1776 1776 1777 1777 1777 1777 1776 1776 1776 1776 1778 1778 1778 1778 1777 1777 1777 1777 1778 1778 1778 1778 1779 1779 1779 1779 1780 1780 1780 1780 1778 1778 1778 1778 1780 1780 1780 1780 1781 1781 1781 1781 1782 1782 1782 1782 1783 1783 1783 1783 1784 1784 1784 1784 1783 1783 1783 1783 1785 1785 1785 1785 1784 1784 1784 1784 1786 1786 1786 1786 1787 1787 1787 1787 1788 1788 1788 1788 1787 1787 1787 1787 1789 1789 1789 1789 1788 1788 1788 1788 1790 1790 1790 1790 1791 1791 1791 1791 1792 1792 1792 1792 1790 1790 1790 1790 1793 1793 1793 1793 1791 1791 1791 1791 1791 1791 1791 1791 1794 1794 1794 1794 1792 1792 1792 1792 1791 1791 1791 1791 1793 1793 1793 1793 1795 1795 1795 1795 1796 1796 1796 1796 1797 1797 1797 1797 1798 1798 1798 1798 1797 1797 1797 1797 1799 1799 1799 1799 1798 1798 1798 1798 1800 1800 1800 1800 1801 1801 1801 1801 1802 1802 1802 1802 1801 1801 1801 1801 1803 1803 1803 1803 1802 1802 1802 1802 1804 1804 1804 1804 1805 1805 1805 1805 1806 1806 1806 1806 1805 1805 1805 1805 1807 1807 1807 1807 1806 1806 1806 1806 1808 1808 1808 1808 1809 1809 1809 1809 1810 1810 1810 1810 1809 1809 1809 1809 1811 1811 1811 1811 1810 1810 1810 1810 1812 1812 1812 1812 1813 1813 1813 1813 1814 1814 1814 1814 1813 1813 1813 1813 1815 1815 1815 1815 1814 1814 1814 1814 1816 1816 1816 1816 1817 1817 1817 1817 1818 1818 1818 1818 1817 1817 1817 1817 1819 1819 1819 1819 1818 1818 1818 1818 1819 1819 1819 1819 1820 1820 1820 1820 1821 1821 1821 1821 1820 1820 1820 1820 1822 1822 1822 1822 1821 1821 1821 1821 1821 1821 1821 1821 1823 1823 1823 1823 1824 1824 1824 1824 1821 1821 1821 1821 1822 1822 1822 1822 1823 1823 1823 1823 1825 1825 1825 1825 1826 1826 1826 1826 1827 1827 1827 1827 1826 1826 1826 1826 1828 1828 1828 1828 1827 1827 1827 1827 1829 1829 1829 1829 1830 1830 1830 1830 1831 1831 1831 1831 1830 1830 1830 1830 1832 1832 1832 1832 1831 1831 1831 1831 1833 1833 1833 1833 1834 1834 1834 1834 1835 1835 1835 1835 1834 1834 1834 1834 1836 1836 1836 1836 1835 1835 1835 1835 1837 1837 1837 1837 1838 1838 1838 1838 1839 1839 1839 1839 1838 1838 1838 1838 1840 1840 1840 1840 1839 1839 1839 1839 1841 1841 1841 1841 1842 1842 1842 1842 1843 1843 1843 1843 1842 1842 1842 1842 1844 1844 1844 1844 1843 1843 1843 1843 1845 1845 1845 1845 1846 1846 1846 1846 1847 1847 1847 1847 1846 1846 1846 1846 1848 1848 1848 1848 1847 1847 1847 1847 1849 1849 1849 1849 1850 1850 1850 1850 1851 1851 1851 1851 1850 1850 1850 1850 1852 1852 1852 1852 1851 1851 1851 1851 1851 1851 1851 1851 1853 1853 1853 1853 1854 1854 1854 1854 1851 1851 1851 1851 1855 1855 1855 1855 1853 1853 1853 1853 1854 1854 1854 1854 1853 1853 1853 1853 1856 1856 1856 1856 1853 1853 1853 1853 1857 1857 1857 1857 1856 1856 1856 1856 1853 1853 1853 1853 1858 1858 1858 1858 1859 1859 1859 1859 1853 1853 1853 1853 1860 1860 1860 1860 1857 1857 1857 1857 1853 1853 1853 1853 1859 1859 1859 1859 1860 1860 1860 1860 1853 1853 1853 1853 1861 1861 1861 1861 1858 1858 1858 1858 1853 1853 1853 1853 1855 1855 1855 1855 1861 1861 1861 1861 1858 1858 1858 1858 1862 1862 1862 1862 1863 1863 1863 1863 1858 1858 1858 1858 1863 1863 1863 1863 1864 1864 1864 1864 1859 1859 1859 1859 1865 1865 1865 1865 1860 1860 1860 1860 1859 1859 1859 1859 1866 1866 1866 1866 1865 1865 1865 1865 1867 1867 1867 1867 1868 1868 1868 1868 1869 1869 1869 1869 1868 1868 1868 1868 1870 1870 1870 1870 1869 1869 1869 1869 1871 1871 1871 1871 1872 1872 1872 1872 1873 1873 1873 1873 1872 1872 1872 1872 1874 1874 1874 1874 1873 1873 1873 1873 1875 1875 1875 1875 1876 1876 1876 1876 1877 1877 1877 1877 1876 1876 1876 1876 1878 1878 1878 1878 1877 1877 1877 1877 1878 1878 1878 1878 1879 1879 1879 1879 1880 1880 1880 1880 1878 1878 1878 1878 1880 1880 1880 1880 1881 1881 1881 1881 1882 1882 1882 1882 1883 1883 1883 1883 1884 1884 1884 1884 1883 1883 1883 1883 1885 1885 1885 1885 1884 1884 1884 1884 1886 1886 1886 1886 1887 1887 1887 1887 1888 1888 1888 1888 1887 1887 1887 1887 1889 1889 1889 1889 1888 1888 1888 1888 1890 1890 1890 1890 1891 1891 1891 1891 1892 1892 1892 1892 1890 1890 1890 1890 1893 1893 1893 1893 1891 1891 1891 1891 1891 1891 1891 1891 1893 1893 1893 1893 1894 1894 1894 1894 1891 1891 1891 1891 1895 1895 1895 1895 1892 1892 1892 1892 1896 1896 1896 1896 1897 1897 1897 1897 1898 1898 1898 1898 1897 1897 1897 1897 1899 1899 1899 1899 1898 1898 1898 1898 1900 1900 1900 1900 1901 1901 1901 1901 1902 1902 1902 1902 1901 1901 1901 1901 1903 1903 1903 1903 1902 1902 1902 1902 1904 1904 1904 1904 1905 1905 1905 1905 1906 1906 1906 1906 1905 1905 1905 1905 1907 1907 1907 1907 1906 1906 1906 1906 1908 1908 1908 1908 1909 1909 1909 1909 1910 1910 1910 1910 1909 1909 1909 1909 1911 1911 1911 1911 1910 1910 1910 1910 1912 1912 1912 1912 1913 1913 1913 1913 1914 1914 1914 1914 1913 1913 1913 1913 1915 1915 1915 1915 1914 1914 1914 1914 1916 1916 1916 1916 1917 1917 1917 1917 1918 1918 1918 1918 1917 1917 1917 1917 1919 1919 1919 1919 1918 1918 1918 1918 1919 1919 1919 1919 1920 1920 1920 1920 1921 1921 1921 1921 1920 1920 1920 1920 1922 1922 1922 1922 1921 1921 1921 1921 1921 1921 1921 1921 1922 1922 1922 1922 1923 1923 1923 1923 1921 1921 1921 1921 1923 1923 1923 1923 1924 1924 1924 1924 1925 1925 1925 1925 1926 1926 1926 1926 1927 1927 1927 1927 1926 1926 1926 1926 1928 1928 1928 1928 1927 1927 1927 1927 1929 1929 1929 1929 1930 1930 1930 1930 1931 1931 1931 1931 1930 1930 1930 1930 1932 1932 1932 1932 1931 1931 1931 1931 1933 1933 1933 1933 1934 1934 1934 1934 1935 1935 1935 1935 1934 1934 1934 1934 1936 1936 1936 1936 1935 1935 1935 1935 1936 1936 1936 1936 1937 1937 1937 1937 1938 1938 1938 1938 1936 1936 1936 1936 1938 1938 1938 1938 1939 1939 1939 1939 1940 1940 1940 1940 1941 1941 1941 1941 1942 1942 1942 1942 1941 1941 1941 1941 1943 1943 1943 1943 1942 1942 1942 1942 1944 1944 1944 1944 1945 1945 1945 1945 1946 1946 1946 1946 1945 1945 1945 1945 1947 1947 1947 1947 1946 1946 1946 1946 1948 1948 1948 1948 1949 1949 1949 1949 1950 1950 1950 1950 1948 1948 1948 1948 1950 1950 1950 1950 1951 1951 1951 1951 1949 1949 1949 1949 1952 1952 1952 1952 1950 1950 1950 1950 1950 1950 1950 1950 1953 1953 1953 1953 1951 1951 1951 1951 1954 1954 1954 1954 1955 1955 1955 1955 1956 1956 1956 1956 1955 1955 1955 1955 1957 1957 1957 1957 1956 1956 1956 1956 1958 1958 1958 1958 1959 1959 1959 1959 1960 1960 1960 1960 1959 1959 1959 1959 1961 1961 1961 1961 1960 1960 1960 1960 1962 1962 1962 1962 1963 1963 1963 1963 1964 1964 1964 1964 1963 1963 1963 1963 1965 1965 1965 1965 1964 1964 1964 1964 1965 1965 1965 1965 1966 1966 1966 1966 1967 1967 1967 1967 1965 1965 1965 1965 1967 1967 1967 1967 1968 1968 1968 1968 1969 1969 1969 1969 1970 1970 1970 1970 1971 1971 1971 1971 1970 1970 1970 1970 1972 1972 1972 1972 1971 1971 1971 1971 1973 1973 1973 1973 1974 1974 1974 1974 1975 1975 1975 1975 1974 1974 1974 1974 1976 1976 1976 1976 1975 1975 1975 1975 1977 1977 1977 1977 1978 1978 1978 1978 1979 1979 1979 1979 1977 1977 1977 1977 1979 1979 1979 1979 1980 1980 1980 1980 1978 1978 1978 1978 1981 1981 1981 1981 1979 1979 1979 1979 1979 1979 1979 1979 1982 1982 1982 1982 1980 1980 1980 1980 1983 1983 1983 1983 1984 1984 1984 1984 1985 1985 1985 1985 1984 1984 1984 1984 1986 1986 1986 1986 1985 1985 1985 1985 1987 1987 1987 1987 1988 1988 1988 1988 1989 1989 1989 1989 1988 1988 1988 1988 1990 1990 1990 1990 1989 1989 1989 1989 1991 1991 1991 1991 1992 1992 1992 1992 1993 1993 1993 1993 1992 1992 1992 1992 1994 1994 1994 1994 1993 1993 1993 1993 1995 1995 1995 1995 1996 1996 1996 1996 1997 1997 1997 1997 1996 1996 1996 1996 1998 1998 1998 1998 1997 1997 1997 1997 1999 1999 1999 1999 2000 2000 2000 2000 2001 2001 2001 2001 2000 2000 2000 2000 2002 2002 2002 2002 2001 2001 2001 2001 2003 2003 2003 2003 2004 2004 2004 2004 2005 2005 2005 2005 2004 2004 2004 2004 2006 2006 2006 2006 2005 2005 2005 2005 2006 2006 2006 2006 2007 2007 2007 2007 2008 2008 2008 2008 2007 2007 2007 2007 2009 2009 2009 2009 2008 2008 2008 2008 2008 2008 2008 2008 2009 2009 2009 2009 2010 2010 2010 2010 2008 2008 2008 2008 2010 2010 2010 2010 2011 2011 2011 2011 2012 2012 2012 2012 2013 2013 2013 2013 2014 2014 2014 2014 2013 2013 2013 2013 2015 2015 2015 2015 2014 2014 2014 2014 2016 2016 2016 2016 2017 2017 2017 2017 2018 2018 2018 2018 2017 2017 2017 2017 2019 2019 2019 2019 2018 2018 2018 2018 2020 2020 2020 2020 2021 2021 2021 2021 2022 2022 2022 2022 2021 2021 2021 2021 2023 2023 2023 2023 2022 2022 2022 2022 2023 2023 2023 2023 2024 2024 2024 2024 2025 2025 2025 2025 2023 2023 2023 2023 2025 2025 2025 2025 2026 2026 2026 2026 2027 2027 2027 2027 2028 2028 2028 2028 2029 2029 2029 2029 2028 2028 2028 2028 2030 2030 2030 2030 2029 2029 2029 2029 2031 2031 2031 2031 2032 2032 2032 2032 2033 2033 2033 2033 2032 2032 2032 2032 2034 2034 2034 2034 2033 2033 2033 2033 2035 2035 2035 2035 2036 2036 2036 2036 2037 2037 2037 2037 2035 2035 2035 2035 2038 2038 2038 2038 2036 2036 2036 2036 2036 2036 2036 2036 2038 2038 2038 2038 2039 2039 2039 2039 2036 2036 2036 2036 2040 2040 2040 2040 2037 2037 2037 2037 2041 2041 2041 2041 2042 2042 2042 2042 2043 2043 2043 2043 2042 2042 2042 2042 2044 2044 2044 2044 2043 2043 2043 2043 2045 2045 2045 2045 2046 2046 2046 2046 2047 2047 2047 2047 2046 2046 2046 2046 2048 2048 2048 2048 2047 2047 2047 2047 2049 2049 2049 2049 2050 2050 2050 2050 2051 2051 2051 2051 2050 2050 2050 2050 2052 2052 2052 2052 2051 2051 2051 2051 2053 2053 2053 2053 2054 2054 2054 2054 2055 2055 2055 2055 2054 2054 2054 2054 2056 2056 2056 2056 2055 2055 2055 2055 2057 2057 2057 2057 2058 2058 2058 2058 2059 2059 2059 2059 2058 2058 2058 2058 2060 2060 2060 2060 2059 2059 2059 2059 2061 2061 2061 2061 2062 2062 2062 2062 2063 2063 2063 2063 2062 2062 2062 2062 2064 2064 2064 2064 2063 2063 2063 2063 2064 2064 2064 2064 2065 2065 2065 2065 2066 2066 2066 2066 2065 2065 2065 2065 2067 2067 2067 2067 2066 2066 2066 2066 2066 2066 2066 2066 2068 2068 2068 2068 2069 2069 2069 2069 2066 2066 2066 2066 2067 2067 2067 2067 2068 2068 2068 2068 2070 2070 2070 2070 2071 2071 2071 2071 2072 2072 2072 2072 2071 2071 2071 2071 2073 2073 2073 2073 2072 2072 2072 2072 2074 2074 2074 2074 2075 2075 2075 2075 2076 2076 2076 2076 2075 2075 2075 2075 2077 2077 2077 2077 2076 2076 2076 2076 2078 2078 2078 2078 2079 2079 2079 2079 2080 2080 2080 2080 2079 2079 2079 2079 2081 2081 2081 2081 2080 2080 2080 2080 2081 2081 2081 2081 2082 2082 2082 2082 2083 2083 2083 2083 2081 2081 2081 2081 2084 2084 2084 2084 2082 2082 2082 2082 2085 2085 2085 2085 2086 2086 2086 2086 2087 2087 2087 2087 2086 2086 2086 2086 2088 2088 2088 2088 2087 2087 2087 2087 2089 2089 2089 2089 2090 2090 2090 2090 2091 2091 2091 2091 2090 2090 2090 2090 2092 2092 2092 2092 2091 2091 2091 2091 2093 2093 2093 2093 2094 2094 2094 2094 2095 2095 2095 2095 2093 2093 2093 2093 2095 2095 2095 2095 2096 2096 2096 2096 2094 2094 2094 2094 2097 2097 2097 2097 2095 2095 2095 2095 2095 2095 2095 2095 2098 2098 2098 2098 2096 2096 2096 2096 2099 2099 2099 2099 2100 2100 2100 2100 2101 2101 2101 2101 2100 2100 2100 2100 2102 2102 2102 2102 2101 2101 2101 2101 2103 2103 2103 2103 2104 2104 2104 2104 2105 2105 2105 2105 2104 2104 2104 2104 2106 2106 2106 2106 2105 2105 2105 2105 2107 2107 2107 2107 2108 2108 2108 2108 2109 2109 2109 2109 2108 2108 2108 2108 2110 2110 2110 2110 2109 2109 2109 2109 2110 2110 2110 2110 2111 2111 2111 2111 2112 2112 2112 2112 2110 2110 2110 2110 2112 2112 2112 2112 2113 2113 2113 2113 2114 2114 2114 2114 2115 2115 2115 2115 2116 2116 2116 2116 2115 2115 2115 2115 2117 2117 2117 2117 2116 2116 2116 2116 2118 2118 2118 2118 2119 2119 2119 2119 2120 2120 2120 2120 2119 2119 2119 2119 2121 2121 2121 2121 2120 2120 2120 2120 2122 2122 2122 2122 2123 2123 2123 2123 2124 2124 2124 2124 2122 2122 2122 2122 2124 2124 2124 2124 2125 2125 2125 2125 2123 2123 2123 2123 2126 2126 2126 2126 2124 2124 2124 2124 2124 2124 2124 2124 2127 2127 2127 2127 2125 2125 2125 2125 2128 2128 2128 2128 2129 2129 2129 2129 2130 2130 2130 2130 2129 2129 2129 2129 2131 2131 2131 2131 2130 2130 2130 2130 2132 2132 2132 2132 2133 2133 2133 2133 2134 2134 2134 2134 2133 2133 2133 2133 2135 2135 2135 2135 2134 2134 2134 2134 2136 2136 2136 2136 2137 2137 2137 2137 2138 2138 2138 2138 2137 2137 2137 2137 2139 2139 2139 2139 2138 2138 2138 2138 2140 2140 2140 2140 2141 2141 2141 2141 2142 2142 2142 2142 2141 2141 2141 2141 2143 2143 2143 2143 2142 2142 2142 2142 2144 2144 2144 2144 2145 2145 2145 2145 2146 2146 2146 2146 2145 2145 2145 2145 2147 2147 2147 2147 2146 2146 2146 2146 2148 2148 2148 2148 2149 2149 2149 2149 2150 2150 2150 2150 2149 2149 2149 2149 2151 2151 2151 2151 2150 2150 2150 2150 2151 2151 2151 2151 2152 2152 2152 2152 2153 2153 2153 2153 2152 2152 2152 2152 2154 2154 2154 2154 2153 2153 2153 2153 2153 2153 2153 2153 2154 2154 2154 2154 2155 2155 2155 2155 2153 2153 2153 2153 2155 2155 2155 2155 2156 2156 2156 2156 2157 2157 2157 2157 2158 2158 2158 2158 2159 2159 2159 2159 2158 2158 2158 2158 2160 2160 2160 2160 2159 2159 2159 2159 2161 2161 2161 2161 2162 2162 2162 2162 2163 2163 2163 2163 2162 2162 2162 2162 2164 2164 2164 2164 2163 2163 2163 2163 2165 2165 2165 2165 2166 2166 2166 2166 2167 2167 2167 2167 2166 2166 2166 2166 2168 2168 2168 2168 2167 2167 2167 2167 2168 2168 2168 2168 2169 2169 2169 2169 2170 2170 2170 2170 2168 2168 2168 2168 2171 2171 2171 2171 2169 2169 2169 2169 2172 2172 2172 2172 2173 2173 2173 2173 2174 2174 2174 2174 2173 2173 2173 2173 2175 2175 2175 2175 2174 2174 2174 2174 2176 2176 2176 2176 2177 2177 2177 2177 2178 2178 2178 2178 2177 2177 2177 2177 2179 2179 2179 2179 2178 2178 2178 2178 2180 2180 2180 2180 2181 2181 2181 2181 2182 2182 2182 2182 2180 2180 2180 2180 2182 2182 2182 2182 2183 2183 2183 2183 2181 2181 2181 2181 2184 2184 2184 2184 2182 2182 2182 2182 2182 2182 2182 2182 2185 2185 2185 2185 2183 2183 2183 2183 2186 2186 2186 2186 2187 2187 2187 2187 2188 2188 2188 2188 2187 2187 2187 2187 2189 2189 2189 2189 2188 2188 2188 2188 2190 2190 2190 2190 2191 2191 2191 2191 2192 2192 2192 2192 2191 2191 2191 2191 2193 2193 2193 2193 2192 2192 2192 2192 2194 2194 2194 2194 2195 2195 2195 2195 2196 2196 2196 2196 2195 2195 2195 2195 2197 2197 2197 2197 2196 2196 2196 2196 2198 2198 2198 2198 2199 2199 2199 2199 2200 2200 2200 2200 2199 2199 2199 2199 2201 2201 2201 2201 2200 2200 2200 2200 2202 2202 2202 2202 2203 2203 2203 2203 2204 2204 2204 2204 2203 2203 2203 2203 2205 2205 2205 2205 2204 2204 2204 2204 2206 2206 2206 2206 2207 2207 2207 2207 2208 2208 2208 2208 2207 2207 2207 2207 2209 2209 2209 2209 2208 2208 2208 2208 2209 2209 2209 2209 2210 2210 2210 2210 2211 2211 2211 2211 2210 2210 2210 2210 2212 2212 2212 2212 2211 2211 2211 2211 2211 2211 2211 2211 2213 2213 2213 2213 2214 2214 2214 2214 2211 2211 2211 2211 2212 2212 2212 2212 2213 2213 2213 2213 2215 2215 2215 2215 2216 2216 2216 2216 2217 2217 2217 2217 2216 2216 2216 2216 2218 2218 2218 2218 2217 2217 2217 2217 2219 2219 2219 2219 2220 2220 2220 2220 2221 2221 2221 2221 2220 2220 2220 2220 2222 2222 2222 2222 2221 2221 2221 2221 2223 2223 2223 2223 2224 2224 2224 2224 2225 2225 2225 2225 2224 2224 2224 2224 2226 2226 2226 2226 2225 2225 2225 2225 2227 2227 2227 2227 2228 2228 2228 2228 2229 2229 2229 2229 2228 2228 2228 2228 2230 2230 2230 2230 2229 2229 2229 2229 2231 2231 2231 2231 2232 2232 2232 2232 2233 2233 2233 2233 2232 2232 2232 2232 2234 2234 2234 2234 2233 2233 2233 2233 2235 2235 2235 2235 2236 2236 2236 2236 2237 2237 2237 2237 2236 2236 2236 2236 2238 2238 2238 2238 2237 2237 2237 2237 2238 2238 2238 2238 2239 2239 2239 2239 2240 2240 2240 2240 2239 2239 2239 2239 2241 2241 2241 2241 2240 2240 2240 2240 2240 2240 2240 2240 2242 2242 2242 2242 2243 2243 2243 2243 2240 2240 2240 2240 2241 2241 2241 2241 2242 2242 2242 2242 2244 2244 2244 2244 2245 2245 2245 2245 2246 2246 2246 2246 2245 2245 2245 2245 2247 2247 2247 2247 2246 2246 2246 2246 2248 2248 2248 2248 2249 2249 2249 2249 2250 2250 2250 2250 2249 2249 2249 2249 2251 2251 2251 2251 2250 2250 2250 2250 2252 2252 2252 2252 2253 2253 2253 2253 2254 2254 2254 2254 2253 2253 2253 2253 2255 2255 2255 2255 2254 2254 2254 2254 2255 2255 2255 2255 2256 2256 2256 2256 2257 2257 2257 2257 2255 2255 2255 2255 2258 2258 2258 2258 2256 2256 2256 2256 2259 2259 2259 2259 2260 2260 2260 2260 2261 2261 2261 2261 2260 2260 2260 2260 2262 2262 2262 2262 2261 2261 2261 2261 2263 2263 2263 2263 2264 2264 2264 2264 2265 2265 2265 2265 2264 2264 2264 2264 2266 2266 2266 2266 2265 2265 2265 2265 2267 2267 2267 2267 2268 2268 2268 2268 2269 2269 2269 2269 2267 2267 2267 2267 2269 2269 2269 2269 2270 2270 2270 2270 2268 2268 2268 2268 2271 2271 2271 2271 2269 2269 2269 2269 2269 2269 2269 2269 2272 2272 2272 2272 2270 2270 2270 2270 2273 2273 2273 2273 2274 2274 2274 2274 2275 2275 2275 2275 2274 2274 2274 2274 2276 2276 2276 2276 2275 2275 2275 2275 2277 2277 2277 2277 2278 2278 2278 2278 2279 2279 2279 2279 2278 2278 2278 2278 2280 2280 2280 2280 2279 2279 2279 2279 2281 2281 2281 2281 2282 2282 2282 2282 2283 2283 2283 2283 2282 2282 2282 2282 2284 2284 2284 2284 2283 2283 2283 2283 2284 2284 2284 2284 2285 2285 2285 2285 2286 2286 2286 2286 2284 2284 2284 2284 2287 2287 2287 2287 2285 2285 2285 2285 2288 2288 2288 2288 2289 2289 2289 2289 2290 2290 2290 2290 2289 2289 2289 2289 2291 2291 2291 2291 2290 2290 2290 2290 2292 2292 2292 2292 2293 2293 2293 2293 2294 2294 2294 2294 2293 2293 2293 2293 2295 2295 2295 2295 2294 2294 2294 2294 2296 2296 2296 2296 2297 2297 2297 2297 2298 2298 2298 2298 2296 2296 2296 2296 2298 2298 2298 2298 2299 2299 2299 2299 2297 2297 2297 2297 2300 2300 2300 2300 2298 2298 2298 2298 2298 2298 2298 2298 2301 2301 2301 2301 2299 2299 2299 2299 2302 2302 2302 2302 2303 2303 2303 2303 2304 2304 2304 2304 2303 2303 2303 2303 2305 2305 2305 2305 2304 2304 2304 2304 2306 2306 2306 2306 2307 2307 2307 2307 2308 2308 2308 2308 2307 2307 2307 2307 2309 2309 2309 2309 2308 2308 2308 2308 2310 2310 2310 2310 2311 2311 2311 2311 2312 2312 2312 2312 2311 2311 2311 2311 2313 2313 2313 2313 2312 2312 2312 2312 2313 2313 2313 2313 2314 2314 2314 2314 2315 2315 2315 2315 2313 2313 2313 2313 2316 2316 2316 2316 2314 2314 2314 2314 2317 2317 2317 2317 2318 2318 2318 2318 2319 2319 2319 2319 2318 2318 2318 2318 2320 2320 2320 2320 2319 2319 2319 2319 2321 2321 2321 2321 2322 2322 2322 2322 2323 2323 2323 2323 2322 2322 2322 2322 2324 2324 2324 2324 2323 2323 2323 2323 2325 2325 2325 2325 2326 2326 2326 2326 2327 2327 2327 2327 2325 2325 2325 2325 2327 2327 2327 2327 2328 2328 2328 2328 2326 2326 2326 2326 2329 2329 2329 2329 2327 2327 2327 2327 2327 2327 2327 2327 2330 2330 2330 2330 2328 2328 2328 2328 2331 2331 2331 2331 2332 2332 2332 2332 2333 2333 2333 2333 2332 2332 2332 2332 2334 2334 2334 2334 2333 2333 2333 2333 2335 2335 2335 2335 2336 2336 2336 2336 2337 2337 2337 2337 2336 2336 2336 2336 2338 2338 2338 2338 2337 2337 2337 2337 2339 2339 2339 2339 2340 2340 2340 2340 2341 2341 2341 2341 2340 2340 2340 2340 2342 2342 2342 2342 2341 2341 2341 2341 2343 2343 2343 2343 2344 2344 2344 2344 2345 2345 2345 2345 2344 2344 2344 2344 2346 2346 2346 2346 2345 2345 2345 2345 2347 2347 2347 2347 2348 2348 2348 2348 2349 2349 2349 2349 2348 2348 2348 2348 2350 2350 2350 2350 2349 2349 2349 2349 2351 2351 2351 2351 2352 2352 2352 2352 2353 2353 2353 2353 2352 2352 2352 2352 2354 2354 2354 2354 2353 2353 2353 2353 2354 2354 2354 2354 2355 2355 2355 2355 2356 2356 2356 2356 2355 2355 2355 2355 2357 2357 2357 2357 2356 2356 2356 2356 2356 2356 2356 2356 2358 2358 2358 2358 2359 2359 2359 2359 2356 2356 2356 2356 2357 2357 2357 2357 2358 2358 2358 2358 2360 2360 2360 2360 2361 2361 2361 2361 2362 2362 2362 2362 2361 2361 2361 2361 2363 2363 2363 2363 2362 2362 2362 2362 2364 2364 2364 2364 2365 2365 2365 2365 2366 2366 2366 2366 2365 2365 2365 2365 2367 2367 2367 2367 2366 2366 2366 2366 2368 2368 2368 2368 2369 2369 2369 2369 2370 2370 2370 2370 2369 2369 2369 2369 2371 2371 2371 2371 2370 2370 2370 2370 2372 2372 2372 2372 2373 2373 2373 2373 2374 2374 2374 2374 2373 2373 2373 2373 2375 2375 2375 2375 2374 2374 2374 2374 2376 2376 2376 2376 2377 2377 2377 2377 2378 2378 2378 2378 2377 2377 2377 2377 2379 2379 2379 2379 2378 2378 2378 2378 2380 2380 2380 2380 2381 2381 2381 2381 2382 2382 2382 2382 2381 2381 2381 2381 2383 2383 2383 2383 2382 2382 2382 2382 2383 2383 2383 2383 2384 2384 2384 2384 2385 2385 2385 2385 2384 2384 2384 2384 2386 2386 2386 2386 2385 2385 2385 2385 2385 2385 2385 2385 2387 2387 2387 2387 2388 2388 2388 2388 2385 2385 2385 2385 2386 2386 2386 2386 2387 2387 2387 2387 2389 2389 2389 2389 2390 2390 2390 2390 2391 2391 2391 2391 2390 2390 2390 2390 2392 2392 2392 2392 2391 2391 2391 2391 2393 2393 2393 2393 2394 2394 2394 2394 2395 2395 2395 2395 2394 2394 2394 2394 2396 2396 2396 2396 2395 2395 2395 2395 2397 2397 2397 2397 2398 2398 2398 2398 2399 2399 2399 2399 2398 2398 2398 2398 2400 2400 2400 2400 2399 2399 2399 2399 2400 2400 2400 2400 2401 2401 2401 2401 2402 2402 2402 2402 2400 2400 2400 2400 2403 2403 2403 2403 2401 2401 2401 2401 2404 2404 2404 2404 2405 2405 2405 2405 2406 2406 2406 2406 2405 2405 2405 2405 2407 2407 2407 2407 2406 2406 2406 2406 2408 2408 2408 2408 2409 2409 2409 2409 2410 2410 2410 2410 2409 2409 2409 2409 2411 2411 2411 2411 2410 2410 2410 2410 2412 2412 2412 2412 2413 2413 2413 2413 2414 2414 2414 2414 2412 2412 2412 2412 2414 2414 2414 2414 2415 2415 2415 2415 2413 2413 2413 2413 2416 2416 2416 2416 2414 2414 2414 2414 2414 2414 2414 2414 2417 2417 2417 2417 2415 2415 2415 2415 2418 2418 2418 2418 2419 2419 2419 2419 2420 2420 2420 2420 2419 2419 2419 2419 2421 2421 2421 2421 2420 2420 2420 2420 2422 2422 2422 2422 2423 2423 2423 2423 2424 2424 2424 2424 2423 2423 2423 2423 2425 2425 2425 2425 2424 2424 2424 2424 2426 2426 2426 2426 2427 2427 2427 2427 2428 2428 2428 2428 2427 2427 2427 2427 2429 2429 2429 2429 2428 2428 2428 2428 2430 2430 2430 2430 2431 2431 2431 2431 2432 2432 2432 2432 2431 2431 2431 2431 2433 2433 2433 2433 2432 2432 2432 2432 2434 2434 2434 2434 2435 2435 2435 2435 2436 2436 2436 2436 2435 2435 2435 2435 2437 2437 2437 2437 2436 2436 2436 2436 2438 2438 2438 2438 2439 2439 2439 2439 2440 2440 2440 2440 2439 2439 2439 2439 2441 2441 2441 2441 2440 2440 2440 2440 2441 2441 2441 2441 2442 2442 2442 2442 2443 2443 2443 2443 2442 2442 2442 2442 2444 2444 2444 2444 2443 2443 2443 2443 2443 2443 2443 2443 2445 2445 2445 2445 2446 2446 2446 2446 2443 2443 2443 2443 2444 2444 2444 2444 2445 2445 2445 2445 2447 2447 2447 2447 2448 2448 2448 2448 2449 2449 2449 2449 2448 2448 2448 2448 2450 2450 2450 2450 2449 2449 2449 2449 2451 2451 2451 2451 2452 2452 2452 2452 2453 2453 2453 2453 2452 2452 2452 2452 2454 2454 2454 2454 2453 2453 2453 2453 2455 2455 2455 2455 2456 2456 2456 2456 2457 2457 2457 2457 2456 2456 2456 2456 2458 2458 2458 2458 2457 2457 2457 2457 2458 2458 2458 2458 2459 2459 2459 2459 2460 2460 2460 2460 2458 2458 2458 2458 2461 2461 2461 2461 2459 2459 2459 2459 2462 2462 2462 2462 2463 2463 2463 2463 2464 2464 2464 2464 2463 2463 2463 2463 2465 2465 2465 2465 2464 2464 2464 2464 2466 2466 2466 2466 2467 2467 2467 2467 2468 2468 2468 2468 2467 2467 2467 2467 2469 2469 2469 2469 2468 2468 2468 2468 2470 2470 2470 2470 2471 2471 2471 2471 2472 2472 2472 2472 2470 2470 2470 2470 2473 2473 2473 2473 2471 2471 2471 2471 2471 2471 2471 2471 2474 2474 2474 2474 2472 2472 2472 2472 2471 2471 2471 2471 2473 2473 2473 2473 2475 2475 2475 2475 2476 2476 2476 2476 2477 2477 2477 2477 2478 2478 2478 2478 2477 2477 2477 2477 2479 2479 2479 2479 2478 2478 2478 2478 2480 2480 2480 2480 2481 2481 2481 2481 2482 2482 2482 2482 2481 2481 2481 2481 2483 2483 2483 2483 2482 2482 2482 2482 2484 2484 2484 2484 2485 2485 2485 2485 2486 2486 2486 2486 2485 2485 2485 2485 2487 2487 2487 2487 2486 2486 2486 2486 2487 2487 2487 2487 2488 2488 2488 2488 2489 2489 2489 2489 2487 2487 2487 2487 2489 2489 2489 2489 2490 2490 2490 2490 2491 2491 2491 2491 2492 2492 2492 2492 2493 2493 2493 2493 2492 2492 2492 2492 2494 2494 2494 2494 2493 2493 2493 2493 2495 2495 2495 2495 2496 2496 2496 2496 2497 2497 2497 2497 2496 2496 2496 2496 2498 2498 2498 2498 2497 2497 2497 2497 2499 2499 2499 2499 2500 2500 2500 2500 2501 2501 2501 2501 2499 2499 2499 2499 2502 2502 2502 2502 2500 2500 2500 2500 2500 2500 2500 2500 2503 2503 2503 2503 2501 2501 2501 2501 2500 2500 2500 2500 2502 2502 2502 2502 2504 2504 2504 2504 2505 2505 2505 2505 2506 2506 2506 2506 2507 2507 2507 2507 2506 2506 2506 2506 2508 2508 2508 2508 2507 2507 2507 2507 2509 2509 2509 2509 2510 2510 2510 2510 2511 2511 2511 2511 2510 2510 2510 2510 2512 2512 2512 2512 2511 2511 2511 2511 2513 2513 2513 2513 2514 2514 2514 2514 2515 2515 2515 2515 2514 2514 2514 2514 2516 2516 2516 2516 2515 2515 2515 2515 2517 2517 2517 2517 2518 2518 2518 2518 2519 2519 2519 2519 2518 2518 2518 2518 2520 2520 2520 2520 2519 2519 2519 2519 2521 2521 2521 2521 2522 2522 2522 2522 2523 2523 2523 2523 2522 2522 2522 2522 2524 2524 2524 2524 2523 2523 2523 2523 2525 2525 2525 2525 2526 2526 2526 2526 2527 2527 2527 2527 2526 2526 2526 2526 2528 2528 2528 2528 2527 2527 2527 2527 2528 2528 2528 2528 2529 2529 2529 2529 2530 2530 2530 2530 2529 2529 2529 2529 2531 2531 2531 2531 2530 2530 2530 2530 2530 2530 2530 2530 2532 2532 2532 2532 2533 2533 2533 2533 2530 2530 2530 2530 2531 2531 2531 2531 2532 2532 2532 2532 2534 2534 2534 2534 2535 2535 2535 2535 2536 2536 2536 2536 2535 2535 2535 2535 2537 2537 2537 2537 2536 2536 2536 2536 2538 2538 2538 2538 2539 2539 2539 2539 2540 2540 2540 2540 2539 2539 2539 2539 2541 2541 2541 2541 2540 2540 2540 2540 2542 2542 2542 2542 2543 2543 2543 2543 2544 2544 2544 2544 2543 2543 2543 2543 2545 2545 2545 2545 2544 2544 2544 2544 2545 2545 2545 2545 2546 2546 2546 2546 2547 2547 2547 2547 2545 2545 2545 2545 2547 2547 2547 2547 2548 2548 2548 2548 2549 2549 2549 2549 2550 2550 2550 2550 2551 2551 2551 2551 2550 2550 2550 2550 2552 2552 2552 2552 2551 2551 2551 2551 2553 2553 2553 2553 2554 2554 2554 2554 2555 2555 2555 2555 2554 2554 2554 2554 2556 2556 2556 2556 2555 2555 2555 2555 2557 2557 2557 2557 2558 2558 2558 2558 2559 2559 2559 2559 2557 2557 2557 2557 2559 2559 2559 2559 2560 2560 2560 2560 2558 2558 2558 2558 2561 2561 2561 2561 2559 2559 2559 2559 2559 2559 2559 2559 2562 2562 2562 2562 2560 2560 2560 2560 2563 2563 2563 2563 2564 2564 2564 2564 2565 2565 2565 2565 2564 2564 2564 2564 2566 2566 2566 2566 2565 2565 2565 2565 2567 2567 2567 2567 2568 2568 2568 2568 2569 2569 2569 2569 2568 2568 2568 2568 2570 2570 2570 2570 2569 2569 2569 2569 2571 2571 2571 2571 2572 2572 2572 2572 2573 2573 2573 2573 2572 2572 2572 2572 2574 2574 2574 2574 2573 2573 2573 2573 2574 2574 2574 2574 2575 2575 2575 2575 2576 2576 2576 2576 2574 2574 2574 2574 2577 2577 2577 2577 2575 2575 2575 2575 2578 2578 2578 2578 2579 2579 2579 2579 2580 2580 2580 2580 2579 2579 2579 2579 2581 2581 2581 2581 2580 2580 2580 2580 2582 2582 2582 2582 2583 2583 2583 2583 2584 2584 2584 2584 2583 2583 2583 2583 2585 2585 2585 2585 2584 2584 2584 2584 2586 2586 2586 2586 2587 2587 2587 2587 2588 2588 2588 2588 2586 2586 2586 2586 2589 2589 2589 2589 2587 2587 2587 2587 2587 2587 2587 2587 2589 2589 2589 2589 2590 2590 2590 2590 2587 2587 2587 2587 2591 2591 2591 2591 2588 2588 2588 2588 2592 2592 2592 2592 2593 2593 2593 2593 2594 2594 2594 2594 2593 2593 2593 2593 2595 2595 2595 2595 2594 2594 2594 2594 2596 2596 2596 2596 2597 2597 2597 2597 2598 2598 2598 2598 2597 2597 2597 2597 2599 2599 2599 2599 2598 2598 2598 2598 2600 2600 2600 2600 2601 2601 2601 2601 2602 2602 2602 2602 2601 2601 2601 2601 2603 2603 2603 2603 2602 2602 2602 2602 2604 2604 2604 2604 2605 2605 2605 2605 2606 2606 2606 2606 2605 2605 2605 2605 2607 2607 2607 2607 2606 2606 2606 2606 2608 2608 2608 2608 2609 2609 2609 2609 2610 2610 2610 2610 2609 2609 2609 2609 2611 2611 2611 2611 2610 2610 2610 2610 2612 2612 2612 2612 2613 2613 2613 2613 2614 2614 2614 2614 2613 2613 2613 2613 2615 2615 2615 2615 2614 2614 2614 2614 2615 2615 2615 2615 2616 2616 2616 2616 2617 2617 2617 2617 2616 2616 2616 2616 2618 2618 2618 2618 2617 2617 2617 2617 2617 2617 2617 2617 2619 2619 2619 2619 2620 2620 2620 2620 2617 2617 2617 2617 2618 2618 2618 2618 2619 2619 2619 2619 2621 2621 2621 2621 2622 2622 2622 2622 2623 2623 2623 2623 2622 2622 2622 2622 2624 2624 2624 2624 2623 2623 2623 2623 2625 2625 2625 2625 2626 2626 2626 2626 2627 2627 2627 2627 2626 2626 2626 2626 2628 2628 2628 2628 2627 2627 2627 2627 2629 2629 2629 2629 2630 2630 2630 2630 2631 2631 2631 2631 2630 2630 2630 2630 2632 2632 2632 2632 2631 2631 2631 2631 2632 2632 2632 2632 2633 2633 2633 2633 2634 2634 2634 2634 2632 2632 2632 2632 2635 2635 2635 2635 2633 2633 2633 2633 2636 2636 2636 2636 2637 2637 2637 2637 2638 2638 2638 2638 2637 2637 2637 2637 2639 2639 2639 2639 2638 2638 2638 2638 2640 2640 2640 2640 2641 2641 2641 2641 2642 2642 2642 2642 2641 2641 2641 2641 2643 2643 2643 2643 2642 2642 2642 2642 2644 2644 2644 2644 2645 2645 2645 2645 2646 2646 2646 2646 2644 2644 2644 2644 2647 2647 2647 2647 2645 2645 2645 2645 2645 2645 2645 2645 2648 2648 2648 2648 2646 2646 2646 2646 2645 2645 2645 2645 2647 2647 2647 2647 2649 2649 2649 2649 2650 2650 2650 2650 2651 2651 2651 2651 2652 2652 2652 2652 2651 2651 2651 2651 2653 2653 2653 2653 2652 2652 2652 2652 2654 2654 2654 2654 2655 2655 2655 2655 2656 2656 2656 2656 2655 2655 2655 2655 2657 2657 2657 2657 2656 2656 2656 2656 2658 2658 2658 2658 2659 2659 2659 2659 2660 2660 2660 2660 2659 2659 2659 2659 2661 2661 2661 2661 2660 2660 2660 2660 2662 2662 2662 2662 2663 2663 2663 2663 2664 2664 2664 2664 2663 2663 2663 2663 2665 2665 2665 2665 2664 2664 2664 2664 2666 2666 2666 2666 2667 2667 2667 2667 2668 2668 2668 2668 2667 2667 2667 2667 2669 2669 2669 2669 2668 2668 2668 2668 2670 2670 2670 2670 2671 2671 2671 2671 2672 2672 2672 2672 2671 2671 2671 2671 2673 2673 2673 2673 2672 2672 2672 2672 2673 2673 2673 2673 2674 2674 2674 2674 2675 2675 2675 2675 2674 2674 2674 2674 2676 2676 2676 2676 2675 2675 2675 2675 2675 2675 2675 2675 2676 2676 2676 2676 2677 2677 2677 2677 2675 2675 2675 2675 2677 2677 2677 2677 2678 2678 2678 2678 2679 2679 2679 2679 2680 2680 2680 2680 2681 2681 2681 2681 2680 2680 2680 2680 2682 2682 2682 2682 2681 2681 2681 2681 2683 2683 2683 2683 2684 2684 2684 2684 2685 2685 2685 2685 2684 2684 2684 2684 2686 2686 2686 2686 2685 2685 2685 2685 2687 2687 2687 2687 2688 2688 2688 2688 2689 2689 2689 2689 2688 2688 2688 2688 2690 2690 2690 2690 2689 2689 2689 2689 2691 2691 2691 2691 2692 2692 2692 2692 2693 2693 2693 2693 2692 2692 2692 2692 2694 2694 2694 2694 2693 2693 2693 2693 2695 2695 2695 2695 2696 2696 2696 2696 2697 2697 2697 2697 2696 2696 2696 2696 2698 2698 2698 2698 2697 2697 2697 2697 2699 2699 2699 2699 2700 2700 2700 2700 2701 2701 2701 2701 2700 2700 2700 2700 2702 2702 2702 2702 2701 2701 2701 2701 2702 2702 2702 2702 2703 2703 2703 2703 2704 2704 2704 2704 2703 2703 2703 2703 2705 2705 2705 2705 2704 2704 2704 2704 2704 2704 2704 2704 2705 2705 2705 2705 2706 2706 2706 2706 2704 2704 2704 2704 2706 2706 2706 2706 2707 2707 2707 2707 2708 2708 2708 2708 2709 2709 2709 2709 2710 2710 2710 2710 2709 2709 2709 2709 2711 2711 2711 2711 2710 2710 2710 2710 2712 2712 2712 2712 2713 2713 2713 2713 2714 2714 2714 2714 2713 2713 2713 2713 2715 2715 2715 2715 2714 2714 2714 2714 2716 2716 2716 2716 2717 2717 2717 2717 2718 2718 2718 2718 2717 2717 2717 2717 2719 2719 2719 2719 2718 2718 2718 2718 2719 2719 2719 2719 2720 2720 2720 2720 2721 2721 2721 2721 2719 2719 2719 2719 2722 2722 2722 2722 2720 2720 2720 2720 2723 2723 2723 2723 2724 2724 2724 2724 2725 2725 2725 2725 2724 2724 2724 2724 2726 2726 2726 2726 2725 2725 2725 2725 2727 2727 2727 2727 2728 2728 2728 2728 2729 2729 2729 2729 2728 2728 2728 2728 2730 2730 2730 2730 2729 2729 2729 2729 2731 2731 2731 2731 2732 2732 2732 2732 2733 2733 2733 2733 2731 2731 2731 2731 2733 2733 2733 2733 2734 2734 2734 2734 2732 2732 2732 2732 2735 2735 2735 2735 2733 2733 2733 2733 2733 2733 2733 2733 2736 2736 2736 2736 2734 2734 2734 2734 2737 2737 2737 2737 2738 2738 2738 2738 2739 2739 2739 2739 2738 2738 2738 2738 2740 2740 2740 2740 2739 2739 2739 2739 2741 2741 2741 2741 2742 2742 2742 2742 2743 2743 2743 2743 2742 2742 2742 2742 2744 2744 2744 2744 2743 2743 2743 2743 2745 2745 2745 2745 2746 2746 2746 2746 2747 2747 2747 2747 2746 2746 2746 2746 2748 2748 2748 2748 2747 2747 2747 2747 2748 2748 2748 2748 2749 2749 2749 2749 2750 2750 2750 2750 2748 2748 2748 2748 2750 2750 2750 2750 2751 2751 2751 2751 2752 2752 2752 2752 2753 2753 2753 2753 2754 2754 2754 2754 2753 2753 2753 2753 2755 2755 2755 2755 2754 2754 2754 2754 2756 2756 2756 2756 2757 2757 2757 2757 2758 2758 2758 2758 2757 2757 2757 2757 2759 2759 2759 2759 2758 2758 2758 2758 2760 2760 2760 2760 2761 2761 2761 2761 2762 2762 2762 2762 2760 2760 2760 2760 2762 2762 2762 2762 2763 2763 2763 2763 2761 2761 2761 2761 2764 2764 2764 2764 2762 2762 2762 2762 2762 2762 2762 2762 2765 2765 2765 2765 2763 2763 2763 2763 2766 2766 2766 2766 2767 2767 2767 2767 2768 2768 2768 2768 2767 2767 2767 2767 2769 2769 2769 2769 2768 2768 2768 2768 2770 2770 2770 2770 2771 2771 2771 2771 2772 2772 2772 2772 2771 2771 2771 2771 2773 2773 2773 2773 2772 2772 2772 2772 2774 2774 2774 2774 2775 2775 2775 2775 2776 2776 2776 2776 2775 2775 2775 2775 2777 2777 2777 2777 2776 2776 2776 2776 2777 2777 2777 2777 2778 2778 2778 2778 2779 2779 2779 2779 2777 2777 2777 2777 2780 2780 2780 2780 2778 2778 2778 2778 2781 2781 2781 2781 2782 2782 2782 2782 2783 2783 2783 2783 2782 2782 2782 2782 2784 2784 2784 2784 2783 2783 2783 2783 2785 2785 2785 2785 2786 2786 2786 2786 2787 2787 2787 2787 2786 2786 2786 2786 2788 2788 2788 2788 2787 2787 2787 2787 2789 2789 2789 2789 2790 2790 2790 2790 2791 2791 2791 2791 2789 2789 2789 2789 2792 2792 2792 2792 2790 2790 2790 2790 2790 2790 2790 2790 2793 2793 2793 2793 2791 2791 2791 2791 2790 2790 2790 2790 2792 2792 2792 2792 2794 2794 2794 2794 2795 2795 2795 2795 2796 2796 2796 2796 2797 2797 2797 2797 2796 2796 2796 2796 2798 2798 2798 2798 2797 2797 2797 2797 2799 2799 2799 2799 2800 2800 2800 2800 2801 2801 2801 2801 2800 2800 2800 2800 2802 2802 2802 2802 2801 2801 2801 2801 2803 2803 2803 2803 2804 2804 2804 2804 2805 2805 2805 2805 2804 2804 2804 2804 2806 2806 2806 2806 2805 2805 2805 2805 2806 2806 2806 2806 2807 2807 2807 2807 2808 2808 2808 2808 2806 2806 2806 2806 2808 2808 2808 2808 2809 2809 2809 2809 2810 2810 2810 2810 2811 2811 2811 2811 2812 2812 2812 2812 2811 2811 2811 2811 2813 2813 2813 2813 2812 2812 2812 2812 2814 2814 2814 2814 2815 2815 2815 2815 2816 2816 2816 2816 2815 2815 2815 2815 2817 2817 2817 2817 2816 2816 2816 2816 2818 2818 2818 2818 2819 2819 2819 2819 2820 2820 2820 2820 2818 2818 2818 2818 2820 2820 2820 2820 2821 2821 2821 2821 2819 2819 2819 2819 2822 2822 2822 2822 2820 2820 2820 2820 2820 2820 2820 2820 2823 2823 2823 2823 2821 2821 2821 2821 2824 2824 2824 2824 2825 2825 2825 2825 2826 2826 2826 2826 2825 2825 2825 2825 2827 2827 2827 2827 2826 2826 2826 2826 2828 2828 2828 2828 2829 2829 2829 2829 2830 2830 2830 2830 2829 2829 2829 2829 2831 2831 2831 2831 2830 2830 2830 2830 2832 2832 2832 2832 2833 2833 2833 2833 2834 2834 2834 2834 2833 2833 2833 2833 2835 2835 2835 2835 2834 2834 2834 2834 2836 2836 2836 2836 2837 2837 2837 2837 2838 2838 2838 2838 2837 2837 2837 2837 2839 2839 2839 2839 2838 2838 2838 2838 2840 2840 2840 2840 2841 2841 2841 2841 2842 2842 2842 2842 2841 2841 2841 2841 2843 2843 2843 2843 2842 2842 2842 2842 2844 2844 2844 2844 2845 2845 2845 2845 2846 2846 2846 2846 2845 2845 2845 2845 2847 2847 2847 2847 2846 2846 2846 2846 2847 2847 2847 2847 2848 2848 2848 2848 2849 2849 2849 2849 2848 2848 2848 2848 2850 2850 2850 2850 2849 2849 2849 2849 2849 2849 2849 2849 2851 2851 2851 2851 2852 2852 2852 2852 2849 2849 2849 2849 2850 2850 2850 2850 2851 2851 2851 2851 2853 2853 2853 2853 2854 2854 2854 2854 2855 2855 2855 2855 2854 2854 2854 2854 2856 2856 2856 2856 2855 2855 2855 2855 2857 2857 2857 2857 2858 2858 2858 2858 2859 2859 2859 2859 2858 2858 2858 2858 2860 2860 2860 2860 2859 2859 2859 2859 2861 2861 2861 2861 2862 2862 2862 2862 2863 2863 2863 2863 2862 2862 2862 2862 2864 2864 2864 2864 2863 2863 2863 2863 2864 2864 2864 2864 2865 2865 2865 2865 2866 2866 2866 2866 2864 2864 2864 2864 2866 2866 2866 2866 2867 2867 2867 2867 2868 2868 2868 2868 2869 2869 2869 2869 2870 2870 2870 2870 2869 2869 2869 2869 2871 2871 2871 2871 2870 2870 2870 2870 2872 2872 2872 2872 2873 2873 2873 2873 2874 2874 2874 2874 2873 2873 2873 2873 2875 2875 2875 2875 2874 2874 2874 2874 2876 2876 2876 2876 2877 2877 2877 2877 2878 2878 2878 2878 2876 2876 2876 2876 2879 2879 2879 2879 2877 2877 2877 2877 2877 2877 2877 2877 2879 2879 2879 2879 2880 2880 2880 2880 2877 2877 2877 2877 2881 2881 2881 2881 2878 2878 2878 2878 2882 2882 2882 2882 2883 2883 2883 2883 2884 2884 2884 2884 2883 2883 2883 2883 2885 2885 2885 2885 2884 2884 2884 2884 2886 2886 2886 2886 2887 2887 2887 2887 2888 2888 2888 2888 2887 2887 2887 2887 2889 2889 2889 2889 2888 2888 2888 2888 2890 2890 2890 2890 2891 2891 2891 2891 2892 2892 2892 2892 2891 2891 2891 2891 2893 2893 2893 2893 2892 2892 2892 2892 2893 2893 2893 2893 2894 2894 2894 2894 2895 2895 2895 2895 2893 2893 2893 2893 2896 2896 2896 2896 2894 2894 2894 2894 2897 2897 2897 2897 2898 2898 2898 2898 2899 2899 2899 2899 2898 2898 2898 2898 2900 2900 2900 2900 2899 2899 2899 2899 2901 2901 2901 2901 2902 2902 2902 2902 2903 2903 2903 2903 2902 2902 2902 2902 2904 2904 2904 2904 2903 2903 2903 2903 2905 2905 2905 2905 2906 2906 2906 2906 2907 2907 2907 2907 2905 2905 2905 2905 2907 2907 2907 2907 2908 2908 2908 2908 2906 2906 2906 2906 2909 2909 2909 2909 2907 2907 2907 2907 2907 2907 2907 2907 2910 2910 2910 2910 2908 2908 2908 2908 2911 2911 2911 2911 2912 2912 2912 2912 2913 2913 2913 2913 2912 2912 2912 2912 2914 2914 2914 2914 2913 2913 2913 2913 2915 2915 2915 2915 2916 2916 2916 2916 2917 2917 2917 2917 2916 2916 2916 2916 2918 2918 2918 2918 2917 2917 2917 2917 2919 2919 2919 2919 2920 2920 2920 2920 2921 2921 2921 2921 2920 2920 2920 2920 2922 2922 2922 2922 2921 2921 2921 2921 2922 2922 2922 2922 2923 2923 2923 2923 2924 2924 2924 2924 2922 2922 2922 2922 2925 2925 2925 2925 2923 2923 2923 2923 2926 2926 2926 2926 2927 2927 2927 2927 2928 2928 2928 2928 2927 2927 2927 2927 2929 2929 2929 2929 2928 2928 2928 2928 2930 2930 2930 2930 2931 2931 2931 2931 2932 2932 2932 2932 2931 2931 2931 2931 2933 2933 2933 2933 2932 2932 2932 2932 2934 2934 2934 2934 2935 2935 2935 2935 2936 2936 2936 2936 2934 2934 2934 2934 2937 2937 2937 2937 2935 2935 2935 2935 2935 2935 2935 2935 2937 2937 2937 2937 2938 2938 2938 2938 2935 2935 2935 2935 2939 2939 2939 2939 2936 2936 2936 2936 2940 2940 2940 2940 2941 2941 2941 2941 2942 2942 2942 2942 2941 2941 2941 2941 2943 2943 2943 2943 2942 2942 2942 2942 2944 2944 2944 2944 2945 2945 2945 2945 2946 2946 2946 2946 2945 2945 2945 2945 2947 2947 2947 2947 2946 2946 2946 2946 2948 2948 2948 2948 2949 2949 2949 2949 2950 2950 2950 2950 2949 2949 2949 2949 2951 2951 2951 2951 2950 2950 2950 2950 2952 2952 2952 2952 2953 2953 2953 2953 2954 2954 2954 2954 2953 2953 2953 2953 2955 2955 2955 2955 2954 2954 2954 2954 2956 2956 2956 2956 2957 2957 2957 2957 2958 2958 2958 2958 2957 2957 2957 2957 2959 2959 2959 2959 2958 2958 2958 2958 2960 2960 2960 2960 2961 2961 2961 2961 2962 2962 2962 2962 2961 2961 2961 2961 2963 2963 2963 2963 2962 2962 2962 2962 2963 2963 2963 2963 2964 2964 2964 2964 2965 2965 2965 2965 2964 2964 2964 2964 2966 2966 2966 2966 2965 2965 2965 2965 2965 2965 2965 2965 2967 2967 2967 2967 2968 2968 2968 2968 2965 2965 2965 2965 2966 2966 2966 2966 2967 2967 2967 2967 2969 2969 2969 2969 2970 2970 2970 2970 2971 2971 2971 2971 2970 2970 2970 2970 2972 2972 2972 2972 2971 2971 2971 2971 2973 2973 2973 2973 2974 2974 2974 2974 2975 2975 2975 2975 2974 2974 2974 2974 2976 2976 2976 2976 2975 2975 2975 2975 2977 2977 2977 2977 2978 2978 2978 2978 2979 2979 2979 2979 2978 2978 2978 2978 2980 2980 2980 2980 2979 2979 2979 2979 2981 2981 2981 2981 2982 2982 2982 2982 2983 2983 2983 2983 2982 2982 2982 2982 2984 2984 2984 2984 2983 2983 2983 2983 2985 2985 2985 2985 2986 2986 2986 2986 2987 2987 2987 2987 2986 2986 2986 2986 2988 2988 2988 2988 2987 2987 2987 2987 2989 2989 2989 2989 2990 2990 2990 2990 2991 2991 2991 2991 2990 2990 2990 2990 2992 2992 2992 2992 2991 2991 2991 2991 2992 2992 2992 2992 2993 2993 2993 2993 2994 2994 2994 2994 2993 2993 2993 2993 2995 2995 2995 2995 2994 2994 2994 2994 2994 2994 2994 2994 2996 2996 2996 2996 2997 2997 2997 2997 2994 2994 2994 2994 2995 2995 2995 2995 2996 2996 2996 2996 2998 2998 2998 2998 2999 2999 2999 2999 3000 3000 3000 3000 2999 2999 2999 2999 3001 3001 3001 3001 3000 3000 3000 3000 3002 3002 3002 3002 3003 3003 3003 3003 3004 3004 3004 3004 3003 3003 3003 3003 3005 3005 3005 3005 3004 3004 3004 3004 3006 3006 3006 3006 3007 3007 3007 3007 3008 3008 3008 3008 3007 3007 3007 3007 3009 3009 3009 3009 3008 3008 3008 3008 3010 3010 3010 3010 3011 3011 3011 3011 3012 3012 3012 3012 3011 3011 3011 3011 3013 3013 3013 3013 3012 3012 3012 3012 3014 3014 3014 3014 3015 3015 3015 3015 3016 3016 3016 3016 3015 3015 3015 3015 3017 3017 3017 3017 3016 3016 3016 3016 3018 3018 3018 3018 3019 3019 3019 3019 3020 3020 3020 3020 3019 3019 3019 3019 3021 3021 3021 3021 3020 3020 3020 3020 3021 3021 3021 3021 3022 3022 3022 3022 3023 3023 3023 3023 3022 3022 3022 3022 3024 3024 3024 3024 3023 3023 3023 3023 3023 3023 3023 3023 3024 3024 3024 3024 3025 3025 3025 3025 3023 3023 3023 3023 3025 3025 3025 3025 3026 3026 3026 3026 3027 3027 3027 3027 3028 3028 3028 3028 3029 3029 3029 3029 3028 3028 3028 3028 3030 3030 3030 3030 3029 3029 3029 3029 3031 3031 3031 3031 3032 3032 3032 3032 3033 3033 3033 3033 3032 3032 3032 3032 3034 3034 3034 3034 3033 3033 3033 3033 3035 3035 3035 3035 3036 3036 3036 3036 3037 3037 3037 3037 3036 3036 3036 3036 3038 3038 3038 3038 3037 3037 3037 3037 3038 3038 3038 3038 3039 3039 3039 3039 3040 3040 3040 3040 3038 3038 3038 3038 3040 3040 3040 3040 3041 3041 3041 3041 3042 3042 3042 3042 3043 3043 3043 3043 3044 3044 3044 3044 3043 3043 3043 3043 3045 3045 3045 3045 3044 3044 3044 3044 3046 3046 3046 3046 3047 3047 3047 3047 3048 3048 3048 3048 3047 3047 3047 3047 3049 3049 3049 3049 3048 3048 3048 3048 3050 3050 3050 3050 3051 3051 3051 3051 3052 3052 3052 3052 3050 3050 3050 3050 3052 3052 3052 3052 3053 3053 3053 3053 3051 3051 3051 3051 3054 3054 3054 3054 3052 3052 3052 3052 3052 3052 3052 3052 3055 3055 3055 3055 3053 3053 3053 3053 3056 3056 3056 3056 3057 3057 3057 3057 3058 3058 3058 3058 3057 3057 3057 3057 3059 3059 3059 3059 3058 3058 3058 3058 3060 3060 3060 3060 3061 3061 3061 3061 3062 3062 3062 3062 3061 3061 3061 3061 3063 3063 3063 3063 3062 3062 3062 3062 3064 3064 3064 3064 3065 3065 3065 3065 3066 3066 3066 3066 3065 3065 3065 3065 3067 3067 3067 3067 3066 3066 3066 3066 3068 3068 3068 3068 3069 3069 3069 3069 3070 3070 3070 3070 3069 3069 3069 3069 3071 3071 3071 3071 3070 3070 3070 3070 3072 3072 3072 3072 3073 3073 3073 3073 3074 3074 3074 3074 3073 3073 3073 3073 3075 3075 3075 3075 3074 3074 3074 3074 3076 3076 3076 3076 3077 3077 3077 3077 3078 3078 3078 3078 3077 3077 3077 3077 3079 3079 3079 3079 3078 3078 3078 3078 3079 3079 3079 3079 3080 3080 3080 3080 3081 3081 3081 3081 3080 3080 3080 3080 3082 3082 3082 3082 3081 3081 3081 3081 3081 3081 3081 3081 3082 3082 3082 3082 3083 3083 3083 3083 3081 3081 3081 3081 3083 3083 3083 3083 3084 3084 3084 3084 3085 3085 3085 3085 3086 3086 3086 3086 3087 3087 3087 3087 3086 3086 3086 3086 3088 3088 3088 3088 3087 3087 3087 3087 3089 3089 3089 3089 3090 3090 3090 3090 3091 3091 3091 3091 3090 3090 3090 3090 3092 3092 3092 3092 3091 3091 3091 3091 3093 3093 3093 3093 3094 3094 3094 3094 3095 3095 3095 3095 3094 3094 3094 3094 3096 3096 3096 3096 3095 3095 3095 3095 3096 3096 3096 3096 3097 3097 3097 3097 3098 3098 3098 3098 3096 3096 3096 3096 3098 3098 3098 3098 3099 3099 3099 3099 3100 3100 3100 3100 3101 3101 3101 3101 3102 3102 3102 3102 3101 3101 3101 3101 3103 3103 3103 3103 3102 3102 3102 3102 3104 3104 3104 3104 3105 3105 3105 3105 3106 3106 3106 3106 3105 3105 3105 3105 3107 3107 3107 3107 3106 3106 3106 3106 3108 3108 3108 3108 3109 3109 3109 3109 3110 3110 3110 3110 3108 3108 3108 3108 3110 3110 3110 3110 3111 3111 3111 3111 3109 3109 3109 3109 3112 3112 3112 3112 3110 3110 3110 3110 3110 3110 3110 3110 3113 3113 3113 3113 3111 3111 3111 3111 3114 3114 3114 3114 3115 3115 3115 3115 3116 3116 3116 3116 3115 3115 3115 3115 3117 3117 3117 3117 3116 3116 3116 3116 3118 3118 3118 3118 3119 3119 3119 3119 3120 3120 3120 3120 3119 3119 3119 3119 3121 3121 3121 3121 3120 3120 3120 3120 3122 3122 3122 3122 3123 3123 3123 3123 3124 3124 3124 3124 3123 3123 3123 3123 3125 3125 3125 3125 3124 3124 3124 3124 3125 3125 3125 3125 3126 3126 3126 3126 3127 3127 3127 3127 3125 3125 3125 3125 3127 3127 3127 3127 3128 3128 3128 3128 3129 3129 3129 3129 3130 3130 3130 3130 3131 3131 3131 3131 3130 3130 3130 3130 3132 3132 3132 3132 3131 3131 3131 3131 3133 3133 3133 3133 3134 3134 3134 3134 3135 3135 3135 3135 3134 3134 3134 3134 3136 3136 3136 3136 3135 3135 3135 3135 3137 3137 3137 3137 3138 3138 3138 3138 3139 3139 3139 3139 3137 3137 3137 3137 3139 3139 3139 3139 3140 3140 3140 3140 3138 3138 3138 3138 3141 3141 3141 3141 3139 3139 3139 3139 3139 3139 3139 3139 3142 3142 3142 3142 3140 3140 3140 3140 3143 3143 3143 3143 3144 3144 3144 3144 3145 3145 3145 3145 3144 3144 3144 3144 3146 3146 3146 3146 3145 3145 3145 3145 3147 3147 3147 3147 3148 3148 3148 3148 3149 3149 3149 3149 3148 3148 3148 3148 3150 3150 3150 3150 3149 3149 3149 3149 3151 3151 3151 3151 3152 3152 3152 3152 3153 3153 3153 3153 3152 3152 3152 3152 3154 3154 3154 3154 3153 3153 3153 3153 3154 3154 3154 3154 3155 3155 3155 3155 3156 3156 3156 3156 3154 3154 3154 3154 3157 3157 3157 3157 3155 3155 3155 3155 3158 3158 3158 3158 3159 3159 3159 3159 3160 3160 3160 3160 3159 3159 3159 3159 3161 3161 3161 3161 3160 3160 3160 3160 3162 3162 3162 3162 3163 3163 3163 3163 3164 3164 3164 3164 3163 3163 3163 3163 3165 3165 3165 3165 3164 3164 3164 3164 3166 3166 3166 3166 3167 3167 3167 3167 3168 3168 3168 3168 3166 3166 3166 3166 3169 3169 3169 3169 3167 3167 3167 3167 3167 3167 3167 3167 3170 3170 3170 3170 3168 3168 3168 3168 3167 3167 3167 3167 3169 3169 3169 3169 3171 3171 3171 3171 3172 3172 3172 3172 3173 3173 3173 3173 3174 3174 3174 3174 3173 3173 3173 3173 3175 3175 3175 3175 3174 3174 3174 3174 3176 3176 3176 3176 3177 3177 3177 3177 3178 3178 3178 3178 3177 3177 3177 3177 3179 3179 3179 3179 3178 3178 3178 3178 3180 3180 3180 3180 3181 3181 3181 3181 3182 3182 3182 3182 3181 3181 3181 3181 3183 3183 3183 3183 3182 3182 3182 3182 3183 3183 3183 3183 3184 3184 3184 3184 3185 3185 3185 3185 3183 3183 3183 3183 3185 3185 3185 3185 3186 3186 3186 3186 3187 3187 3187 3187 3188 3188 3188 3188 3189 3189 3189 3189 3188 3188 3188 3188 3190 3190 3190 3190 3189 3189 3189 3189 3191 3191 3191 3191 3192 3192 3192 3192 3193 3193 3193 3193 3192 3192 3192 3192 3194 3194 3194 3194 3193 3193 3193 3193 3195 3195 3195 3195 3196 3196 3196 3196 3197 3197 3197 3197 3195 3195 3195 3195 3197 3197 3197 3197 3198 3198 3198 3198 3196 3196 3196 3196 3199 3199 3199 3199 3197 3197 3197 3197 3197 3197 3197 3197 3200 3200 3200 3200 3198 3198 3198 3198 3201 3201 3201 3201 3202 3202 3202 3202 3203 3203 3203 3203 3202 3202 3202 3202 3204 3204 3204 3204 3203 3203 3203 3203 3205 3205 3205 3205 3206 3206 3206 3206 3207 3207 3207 3207 3206 3206 3206 3206 3208 3208 3208 3208 3207 3207 3207 3207 3209 3209 3209 3209 3210 3210 3210 3210 3211 3211 3211 3211 3210 3210 3210 3210 3212 3212 3212 3212 3211 3211 3211 3211 3213 3213 3213 3213 3214 3214 3214 3214 3215 3215 3215 3215 3214 3214 3214 3214 3216 3216 3216 3216 3215 3215 3215 3215 3217 3217 3217 3217 3218 3218 3218 3218 3219 3219 3219 3219 3218 3218 3218 3218 3220 3220 3220 3220 3219 3219 3219 3219 3221 3221 3221 3221 3222 3222 3222 3222 3223 3223 3223 3223 3222 3222 3222 3222 3224 3224 3224 3224 3223 3223 3223 3223 3224 3224 3224 3224 3225 3225 3225 3225 3226 3226 3226 3226 3225 3225 3225 3225 3227 3227 3227 3227 3226 3226 3226 3226 3226 3226 3226 3226 3227 3227 3227 3227 3228 3228 3228 3228 3226 3226 3226 3226 3228 3228 3228 3228 3229 3229 3229 3229 3230 3230 3230 3230 3231 3231 3231 3231 3232 3232 3232 3232 3231 3231 3231 3231 3233 3233 3233 3233 3232 3232 3232 3232 3234 3234 3234 3234 3235 3235 3235 3235 3236 3236 3236 3236 3235 3235 3235 3235 3237 3237 3237 3237 3236 3236 3236 3236 3238 3238 3238 3238 3239 3239 3239 3239 3240 3240 3240 3240 3239 3239 3239 3239 3241 3241 3241 3241 3240 3240 3240 3240 3242 3242 3242 3242 3243 3243 3243 3243 3244 3244 3244 3244 3243 3243 3243 3243 3245 3245 3245 3245 3244 3244 3244 3244 3246 3246 3246 3246 3247 3247 3247 3247 3248 3248 3248 3248 3247 3247 3247 3247 3249 3249 3249 3249 3248 3248 3248 3248 3250 3250 3250 3250 3251 3251 3251 3251 3252 3252 3252 3252 3251 3251 3251 3251 3253 3253 3253 3253 3252 3252 3252 3252 3254 3254 3254 3254 3255 3255 3255 3255 3256 3256 3256 3256 3254 3254 3254 3254 3257 3257 3257 3257 3255 3255 3255 3255 3255 3255 3255 3255 3258 3258 3258 3258 3256 3256 3256 3256 3255 3255 3255 3255 3257 3257 3257 3257 3259 3259 3259 3259 3260 3260 3260 3260 3261 3261 3261 3261 3262 3262 3262 3262 3261 3261 3261 3261 3263 3263 3263 3263 3262 3262 3262 3262 3261 3261 3261 3261 3264 3264 3264 3264 3263 3263 3263 3263 3263 3263 3263 3263 3264 3264 3264 3264 3265 3265 3265 3265 3264 3264 3264 3264 3266 3266 3266 3266 3265 3265 3265 3265 3265 3265 3265 3265 3266 3266 3266 3266 3267 3267 3267 3267 3268 3268 3268 3268 3269 3269 3269 3269 3270 3270 3270 3270 3269 3269 3269 3269 3271 3271 3271 3271 3270 3270 3270 3270 3269 3269 3269 3269 3272 3272 3272 3272 3271 3271 3271 3271 3271 3271 3271 3271 3272 3272 3272 3272 3273 3273 3273 3273 3274 3274 3274 3274 3275 3275 3275 3275 3276 3276 3276 3276 3275 3275 3275 3275 3277 3277 3277 3277 3278 3278 3278 3278 3277 3277 3277 3277 3279 3279 3279 3279 3278 3278 3278 3278 3279 3279 3279 3279 3280 3280 3280 3280 3281 3281 3281 3281 3282 3282 3282 3282 3283 3283 3283 3283 3284 3284 3284 3284 3283 3283 3283 3283 3285 3285 3285 3285 3286 3286 3286 3286 3283 3283 3283 3283 3287 3287 3287 3287 3284 3284 3284 3284 3288 3288 3288 3288 3289 3289 3289 3289 3290 3290 3290 3290 3289 3289 3289 3289 3291 3291 3291 3291 3290 3290 3290 3290 3289 3289 3289 3289 3292 3292 3292 3292 3291 3291 3291 3291 3291 3291 3291 3291 3292 3292 3292 3292 3293 3293 3293 3293 3294 3294 3294 3294 3295 3295 3295 3295 3296 3296 3296 3296 3295 3295 3295 3295 3297 3297 3297 3297 3298 3298 3298 3298 3295 3295 3295 3295 3298 3298 3298 3298 3296 3296 3296 3296 3297 3297 3297 3297 3299 3299 3299 3299 3298 3298 3298 3298 3300 3300 3300 3300 3301 3301 3301 3301 3302 3302 3302 3302 3303 3303 3303 3303 3304 3304 3304 3304 3305 3305 3305 3305 3304 3304 3304 3304 3306 3306 3306 3306 3305 3305 3305 3305 3307 3307 3307 3307 3308 3308 3308 3308 3309 3309 3309 3309 3308 3308 3308 3308 3310 3310 3310 3310 3309 3309 3309 3309 3311 3311 3311 3311 3312 3312 3312 3312 3313 3313 3313 3313 3312 3312 3312 3312 3314 3314 3314 3314 3313 3313 3313 3313 3315 3315 3315 3315 3316 3316 3316 3316 3317 3317 3317 3317 3316 3316 3316 3316 3318 3318 3318 3318 3317 3317 3317 3317 3319 3319 3319 3319 3320 3320 3320 3320 3321 3321 3321 3321 3320 3320 3320 3320 3322 3322 3322 3322 3321 3321 3321 3321 3323 3323 3323 3323 3324 3324 3324 3324 3325 3325 3325 3325 3324 3324 3324 3324 3326 3326 3326 3326 3325 3325 3325 3325 3327 3327 3327 3327 3328 3328 3328 3328 3329 3329 3329 3329 3327 3327 3327 3327 3330 3330 3330 3330 3328 3328 3328 3328 3328 3328 3328 3328 3331 3331 3331 3331 3329 3329 3329 3329 3328 3328 3328 3328 3330 3330 3330 3330 3332 3332 3332 3332 3333 3333 3333 3333 3334 3334 3334 3334 3335 3335 3335 3335 3334 3334 3334 3334 3336 3336 3336 3336 3337 3337 3337 3337 3334 3334 3334 3334 3337 3337 3337 3337 3335 3335 3335 3335 3336 3336 3336 3336 3338 3338 3338 3338 3339 3339 3339 3339 3336 3336 3336 3336 3339 3339 3339 3339 3337 3337 3337 3337 3338 3338 3338 3338 3340 3340 3340 3340 3339 3339 3339 3339 3341 3341 3341 3341 3342 3342 3342 3342 3343 3343 3343 3343 3342 3342 3342 3342 3344 3344 3344 3344 3345 3345 3345 3345 3342 3342 3342 3342 3345 3345 3345 3345 3343 3343 3343 3343 3344 3344 3344 3344 3346 3346 3346 3346 3345 3345 3345 3345 3347 3347 3347 3347 3348 3348 3348 3348 3349 3349 3349 3349 3348 3348 3348 3348 3350 3350 3350 3350 3351 3351 3351 3351 3350 3350 3350 3350 3352 3352 3352 3352 3351 3351 3351 3351 3352 3352 3352 3352 3353 3353 3353 3353 3354 3354 3354 3354 3355 3355 3355 3355 3356 3356 3356 3356 3357 3357 3357 3357 3356 3356 3356 3356 3358 3358 3358 3358 3359 3359 3359 3359 3356 3356 3356 3356 3360 3360 3360 3360 3357 3357 3357 3357 3361 3361 3361 3361 3362 3362 3362 3362 3363 3363 3363 3363 3362 3362 3362 3362 3364 3364 3364 3364 3363 3363 3363 3363 3362 3362 3362 3362 3365 3365 3365 3365 3364 3364 3364 3364 3364 3364 3364 3364 3365 3365 3365 3365 3366 3366 3366 3366 3367 3367 3367 3367 3368 3368 3368 3368 3369 3369 3369 3369 3368 3368 3368 3368 3370 3370 3370 3370 3371 3371 3371 3371 3368 3368 3368 3368 3371 3371 3371 3371 3369 3369 3369 3369 3370 3370 3370 3370 3372 3372 3372 3372 3371 3371 3371 3371 3373 3373 3373 3373 3374 3374 3374 3374 3375 3375 3375 3375 3376 3376 3376 3376 3377 3377 3377 3377 3378 3378 3378 3378 3377 3377 3377 3377 3379 3379 3379 3379 3380 3380 3380 3380 3377 3377 3377 3377 3380 3380 3380 3380 3378 3378 3378 3378 3379 3379 3379 3379 3381 3381 3381 3381 3382 3382 3382 3382 3379 3379 3379 3379 3382 3382 3382 3382 3380 3380 3380 3380 3381 3381 3381 3381 3383 3383 3383 3383 3382 3382 3382 3382 3384 3384 3384 3384 3385 3385 3385 3385 3386 3386 3386 3386 3385 3385 3385 3385 3387 3387 3387 3387 3388 3388 3388 3388 3385 3385 3385 3385 3388 3388 3388 3388 3386 3386 3386 3386 3387 3387 3387 3387 3389 3389 3389 3389 3388 3388 3388 3388 3390 3390 3390 3390 3391 3391 3391 3391 3392 3392 3392 3392 3391 3391 3391 3391 3393 3393 3393 3393 3394 3394 3394 3394 3393 3393 3393 3393 3395 3395 3395 3395 3394 3394 3394 3394 3395 3395 3395 3395 3396 3396 3396 3396 3397 3397 3397 3397 3398 3398 3398 3398 3399 3399 3399 3399 3400 3400 3400 3400 3399 3399 3399 3399 3401 3401 3401 3401 3402 3402 3402 3402 3399 3399 3399 3399 3403 3403 3403 3403 3400 3400 3400 3400 3404 3404 3404 3404 3405 3405 3405 3405 3406 3406 3406 3406 3405 3405 3405 3405 3407 3407 3407 3407 3406 3406 3406 3406 3405 3405 3405 3405 3408 3408 3408 3408 3407 3407 3407 3407 3407 3407 3407 3407 3408 3408 3408 3408 3409 3409 3409 3409 3410 3410 3410 3410 3411 3411 3411 3411 3412 3412 3412 3412 3411 3411 3411 3411 3413 3413 3413 3413 3412 3412 3412 3412 3411 3411 3411 3411 3414 3414 3414 3414 3413 3413 3413 3413 3413 3413 3413 3413 3414 3414 3414 3414 3415 3415 3415 3415 3416 3416 3416 3416 3417 3417 3417 3417 3418 3418 3418 3418 3419 3419 3419 3419 3420 3420 3420 3420 3421 3421 3421 3421 3420 3420 3420 3420 3422 3422 3422 3422 3421 3421 3421 3421 3423 3423 3423 3423 3424 3424 3424 3424 3425 3425 3425 3425 3426 3426 3426 3426 3423 3423 3423 3423 3425 3425 3425 3425 3427 3427 3427 3427 3428 3428 3428 3428 3429 3429 3429 3429 3430 3430 3430 3430 3431 3431 3431 3431 3432 3432 3432 3432 3430 3430 3430 3430 3433 3433 3433 3433 3431 3431 3431 3431 3428 3428 3428 3428 3434 3434 3434 3434 3429 3429 3429 3429 3430 3430 3430 3430 3432 3432 3432 3432 3435 3435 3435 3435 3436 3436 3436 3436 3437 3437 3437 3437 3438 3438 3438 3438 3439 3439 3439 3439 3436 3436 3436 3436 3438 3438 3438 3438 3440 3440 3440 3440 3441 3441 3441 3441 3442 3442 3442 3442 3443 3443 3443 3443 3430 3430 3430 3430 3435 3435 3435 3435 3444 3444 3444 3444 3440 3440 3440 3440 3442 3442 3442 3442 3445 3445 3445 3445 3446 3446 3446 3446 3447 3447 3447 3447 3446 3446 3446 3446 3448 3448 3448 3448 3447 3447 3447 3447 3449 3449 3449 3449 3450 3450 3450 3450 3451 3451 3451 3451 3451 3451 3451 3451 3450 3450 3450 3450 3452 3452 3452 3452 3450 3450 3450 3450 3453 3453 3453 3453 3452 3452 3452 3452 3452 3452 3452 3452 3453 3453 3453 3453 3454 3454 3454 3454 3453 3453 3453 3453 3455 3455 3455 3455 3454 3454 3454 3454 3454 3454 3454 3454 3455 3455 3455 3455 3456 3456 3456 3456 3457 3457 3457 3457 3458 3458 3458 3458 3459 3459 3459 3459 3458 3458 3458 3458 3460 3460 3460 3460 3461 3461 3461 3461 3458 3458 3458 3458 3461 3461 3461 3461 3459 3459 3459 3459 3460 3460 3460 3460 3462 3462 3462 3462 3461 3461 3461 3461 3463 3463 3463 3463 3464 3464 3464 3464 3465 3465 3465 3465 3464 3464 3464 3464 3466 3466 3466 3466 3467 3467 3467 3467 3466 3466 3466 3466 3468 3468 3468 3468 3467 3467 3467 3467 3468 3468 3468 3468 3469 3469 3469 3469 3470 3470 3470 3470 3471 3471 3471 3471 3472 3472 3472 3472 3473 3473 3473 3473 3472 3472 3472 3472 3474 3474 3474 3474 3475 3475 3475 3475 3472 3472 3472 3472 3476 3476 3476 3476 3473 3473 3473 3473 3477 3477 3477 3477 3478 3478 3478 3478 3479 3479 3479 3479 3478 3478 3478 3478 3480 3480 3480 3480 3481 3481 3481 3481 3478 3478 3478 3478 3481 3481 3481 3481 3479 3479 3479 3479 3480 3480 3480 3480 3482 3482 3482 3482 3481 3481 3481 3481 3483 3483 3483 3483 3484 3484 3484 3484 3485 3485 3485 3485 3484 3484 3484 3484 3486 3486 3486 3486 3487 3487 3487 3487 3484 3484 3484 3484 3487 3487 3487 3487 3485 3485 3485 3485 3486 3486 3486 3486 3488 3488 3488 3488 3487 3487 3487 3487 3489 3489 3489 3489 3490 3490 3490 3490 3491 3491 3491 3491 3492 3492 3492 3492 3493 3493 3493 3493 3494 3494 3494 3494 3493 3493 3493 3493 3495 3495 3495 3495 3494 3494 3494 3494 3493 3493 3493 3493 3496 3496 3496 3496 3495 3495 3495 3495 3495 3495 3495 3495 3496 3496 3496 3496 3497 3497 3497 3497 3496 3496 3496 3496 3498 3498 3498 3498 3497 3497 3497 3497 3497 3497 3497 3497 3498 3498 3498 3498 3499 3499 3499 3499 3500 3500 3500 3500 3501 3501 3501 3501 3502 3502 3502 3502 3501 3501 3501 3501 3503 3503 3503 3503 3504 3504 3504 3504 3501 3501 3501 3501 3504 3504 3504 3504 3502 3502 3502 3502 3503 3503 3503 3503 3505 3505 3505 3505 3504 3504 3504 3504 3506 3506 3506 3506 3507 3507 3507 3507 3508 3508 3508 3508 3507 3507 3507 3507 3509 3509 3509 3509 3510 3510 3510 3510 3509 3509 3509 3509 3511 3511 3511 3511 3510 3510 3510 3510 3511 3511 3511 3511 3512 3512 3512 3512 3513 3513 3513 3513 3514 3514 3514 3514 3515 3515 3515 3515 3516 3516 3516 3516 3515 3515 3515 3515 3517 3517 3517 3517 3518 3518 3518 3518 3515 3515 3515 3515 3519 3519 3519 3519 3516 3516 3516 3516 3520 3520 3520 3520 3521 3521 3521 3521 3522 3522 3522 3522 3521 3521 3521 3521 3523 3523 3523 3523 3522 3522 3522 3522 3521 3521 3521 3521 3524 3524 3524 3524 3523 3523 3523 3523 3523 3523 3523 3523 3524 3524 3524 3524 3525 3525 3525 3525 3526 3526 3526 3526 3527 3527 3527 3527 3528 3528 3528 3528 3527 3527 3527 3527 3529 3529 3529 3529 3528 3528 3528 3528 3527 3527 3527 3527 3530 3530 3530 3530 3529 3529 3529 3529 3529 3529 3529 3529 3530 3530 3530 3530 3531 3531 3531 3531 3532 3532 3532 3532 3533 3533 3533 3533 3534 3534 3534 3534 3535 3535 3535 3535 3536 3536 3536 3536 3537 3537 3537 3537 3536 3536 3536 3536 3538 3538 3538 3538 3537 3537 3537 3537 3539 3539 3539 3539 3540 3540 3540 3540 3541 3541 3541 3541 3540 3540 3540 3540 3542 3542 3542 3542 3541 3541 3541 3541 3543 3543 3543 3543 3544 3544 3544 3544 3545 3545 3545 3545 3544 3544 3544 3544 3546 3546 3546 3546 3545 3545 3545 3545 3547 3547 3547 3547 3548 3548 3548 3548 3549 3549 3549 3549 3548 3548 3548 3548 3550 3550 3550 3550 3549 3549 3549 3549 3551 3551 3551 3551 3552 3552 3552 3552 3553 3553 3553 3553 3552 3552 3552 3552 3554 3554 3554 3554 3553 3553 3553 3553 3555 3555 3555 3555 3556 3556 3556 3556 3557 3557 3557 3557 3556 3556 3556 3556 3558 3558 3558 3558 3557 3557 3557 3557 3559 3559 3559 3559 3560 3560 3560 3560 3561 3561 3561 3561 3559 3559 3559 3559 3562 3562 3562 3562 3560 3560 3560 3560 3560 3560 3560 3560 3563 3563 3563 3563 3561 3561 3561 3561 3560 3560 3560 3560 3562 3562 3562 3562 3564 3564 3564 3564 3565 3565 3565 3565 3566 3566 3566 3566 3567 3567 3567 3567 3566 3566 3566 3566 3568 3568 3568 3568 3567 3567 3567 3567 3569 3569 3569 3569 3570 3570 3570 3570 3571 3571 3571 3571 3570 3570 3570 3570 3572 3572 3572 3572 3571 3571 3571 3571 3573 3573 3573 3573 3574 3574 3574 3574 3575 3575 3575 3575 3574 3574 3574 3574 3576 3576 3576 3576 3575 3575 3575 3575 3577 3577 3577 3577 3578 3578 3578 3578 3579 3579 3579 3579 3578 3578 3578 3578 3580 3580 3580 3580 3579 3579 3579 3579 3581 3581 3581 3581 3582 3582 3582 3582 3583 3583 3583 3583 3582 3582 3582 3582 3584 3584 3584 3584 3583 3583 3583 3583 3585 3585 3585 3585 3586 3586 3586 3586 3587 3587 3587 3587 3586 3586 3586 3586 3588 3588 3588 3588 3587 3587 3587 3587 3589 3589 3589 3589 3590 3590 3590 3590 3591 3591 3591 3591 3589 3589 3589 3589 3592 3592 3592 3592 3590 3590 3590 3590 3590 3590 3590 3590 3593 3593 3593 3593 3591 3591 3591 3591 3590 3590 3590 3590 3592 3592 3592 3592 3594 3594 3594 3594 3595 3595 3595 3595 3596 3596 3596 3596 3597 3597 3597 3597 3596 3596 3596 3596 3598 3598 3598 3598 3597 3597 3597 3597 3599 3599 3599 3599 3600 3600 3600 3600 3601 3601 3601 3601 3600 3600 3600 3600 3602 3602 3602 3602 3601 3601 3601 3601 3603 3603 3603 3603 3604 3604 3604 3604 3605 3605 3605 3605 3604 3604 3604 3604 3606 3606 3606 3606 3605 3605 3605 3605 3607 3607 3607 3607 3608 3608 3608 3608 3609 3609 3609 3609 3608 3608 3608 3608 3610 3610 3610 3610 3609 3609 3609 3609 3611 3611 3611 3611 3612 3612 3612 3612 3613 3613 3613 3613 3612 3612 3612 3612 3614 3614 3614 3614 3613 3613 3613 3613 3615 3615 3615 3615 3616 3616 3616 3616 3617 3617 3617 3617 3616 3616 3616 3616 3618 3618 3618 3618 3617 3617 3617 3617 3619 3619 3619 3619 3620 3620 3620 3620 3621 3621 3621 3621 3619 3619 3619 3619 3622 3622 3622 3622 3620 3620 3620 3620 3620 3620 3620 3620 3623 3623 3623 3623 3621 3621 3621 3621 3620 3620 3620 3620 3622 3622 3622 3622 3624 3624 3624 3624 3625 3625 3625 3625 3626 3626 3626 3626 3627 3627 3627 3627 3626 3626 3626 3626 3628 3628 3628 3628 3627 3627 3627 3627 3629 3629 3629 3629 3630 3630 3630 3630 3631 3631 3631 3631 3630 3630 3630 3630 3632 3632 3632 3632 3631 3631 3631 3631 3633 3633 3633 3633 3634 3634 3634 3634 3635 3635 3635 3635 3634 3634 3634 3634 3636 3636 3636 3636 3635 3635 3635 3635 3637 3637 3637 3637 3638 3638 3638 3638 3639 3639 3639 3639 3638 3638 3638 3638 3640 3640 3640 3640 3639 3639 3639 3639 3641 3641 3641 3641 3642 3642 3642 3642 3643 3643 3643 3643 3642 3642 3642 3642 3644 3644 3644 3644 3643 3643 3643 3643 3645 3645 3645 3645 3646 3646 3646 3646 3647 3647 3647 3647 3646 3646 3646 3646 3648 3648 3648 3648 3647 3647 3647 3647 3649 3649 3649 3649 3650 3650 3650 3650 3651 3651 3651 3651 3649 3649 3649 3649 3652 3652 3652 3652 3650 3650 3650 3650 3650 3650 3650 3650 3653 3653 3653 3653 3651 3651 3651 3651 3650 3650 3650 3650 3652 3652 3652 3652 3654 3654 3654 3654 3655 3655 3655 3655 3656 3656 3656 3656 3657 3657 3657 3657 3656 3656 3656 3656 3658 3658 3658 3658 3657 3657 3657 3657 3659 3659 3659 3659 3660 3660 3660 3660 3661 3661 3661 3661 3660 3660 3660 3660 3662 3662 3662 3662 3661 3661 3661 3661 3663 3663 3663 3663 3664 3664 3664 3664 3665 3665 3665 3665 3664 3664 3664 3664 3666 3666 3666 3666 3665 3665 3665 3665 3667 3667 3667 3667 3668 3668 3668 3668 3669 3669 3669 3669 3668 3668 3668 3668 3670 3670 3670 3670 3669 3669 3669 3669 3671 3671 3671 3671 3672 3672 3672 3672 3673 3673 3673 3673 3672 3672 3672 3672 3674 3674 3674 3674 3673 3673 3673 3673 3675 3675 3675 3675 3676 3676 3676 3676 3677 3677 3677 3677 3676 3676 3676 3676 3678 3678 3678 3678 3677 3677 3677 3677 3679 3679 3679 3679 3680 3680 3680 3680 3681 3681 3681 3681 3679 3679 3679 3679 3682 3682 3682 3682 3680 3680 3680 3680 3680 3680 3680 3680 3683 3683 3683 3683 3681 3681 3681 3681 3680 3680 3680 3680 3682 3682 3682 3682 3684 3684 3684 3684 3685 3685 3685 3685 3686 3686 3686 3686 3687 3687 3687 3687 3686 3686 3686 3686 3688 3688 3688 3688 3687 3687 3687 3687 3689 3689 3689 3689 3690 3690 3690 3690 3691 3691 3691 3691 3690 3690 3690 3690 3692 3692 3692 3692 3691 3691 3691 3691 3693 3693 3693 3693 3694 3694 3694 3694 3695 3695 3695 3695 3694 3694 3694 3694 3696 3696 3696 3696 3695 3695 3695 3695 3697 3697 3697 3697 3698 3698 3698 3698 3699 3699 3699 3699 3698 3698 3698 3698 3700 3700 3700 3700 3699 3699 3699 3699 3701 3701 3701 3701 3702 3702 3702 3702 3703 3703 3703 3703 3702 3702 3702 3702 3704 3704 3704 3704 3703 3703 3703 3703 3705 3705 3705 3705 3706 3706 3706 3706 3707 3707 3707 3707 3706 3706 3706 3706 3708 3708 3708 3708 3707 3707 3707 3707 3709 3709 3709 3709 3710 3710 3710 3710 3711 3711 3711 3711 3709 3709 3709 3709 3712 3712 3712 3712 3710 3710 3710 3710 3710 3710 3710 3710 3713 3713 3713 3713 3711 3711 3711 3711 3710 3710 3710 3710 3712 3712 3712 3712 3714 3714 3714 3714 3715 3715 3715 3715 3716 3716 3716 3716 3717 3717 3717 3717 3716 3716 3716 3716 3718 3718 3718 3718 3717 3717 3717 3717 3719 3719 3719 3719 3720 3720 3720 3720 3721 3721 3721 3721 3720 3720 3720 3720 3722 3722 3722 3722 3721 3721 3721 3721 3723 3723 3723 3723 3724 3724 3724 3724 3725 3725 3725 3725 3724 3724 3724 3724 3726 3726 3726 3726 3725 3725 3725 3725 3727 3727 3727 3727 3728 3728 3728 3728 3729 3729 3729 3729 3728 3728 3728 3728 3730 3730 3730 3730 3729 3729 3729 3729 3731 3731 3731 3731 3732 3732 3732 3732 3733 3733 3733 3733 3732 3732 3732 3732 3734 3734 3734 3734 3733 3733 3733 3733 3735 3735 3735 3735 3736 3736 3736 3736 3737 3737 3737 3737 3736 3736 3736 3736 3738 3738 3738 3738 3737 3737 3737 3737 3739 3739 3739 3739 3740 3740 3740 3740 3741 3741 3741 3741 3739 3739 3739 3739 3742 3742 3742 3742 3740 3740 3740 3740 3740 3740 3740 3740 3743 3743 3743 3743 3741 3741 3741 3741 3740 3740 3740 3740 3742 3742 3742 3742 3744 3744 3744 3744 3745 3745 3745 3745 3746 3746 3746 3746 3747 3747 3747 3747 3746 3746 3746 3746 3748 3748 3748 3748 3747 3747 3747 3747 3749 3749 3749 3749 3750 3750 3750 3750 3751 3751 3751 3751 3750 3750 3750 3750 3752 3752 3752 3752 3751 3751 3751 3751 3753 3753 3753 3753 3754 3754 3754 3754 3755 3755 3755 3755 3754 3754 3754 3754 3756 3756 3756 3756 3755 3755 3755 3755 3757 3757 3757 3757 3758 3758 3758 3758 3759 3759 3759 3759 3758 3758 3758 3758 3760 3760 3760 3760 3759 3759 3759 3759 3761 3761 3761 3761 3762 3762 3762 3762 3763 3763 3763 3763 3762 3762 3762 3762 3764 3764 3764 3764 3763 3763 3763 3763 3765 3765 3765 3765 3766 3766 3766 3766 3767 3767 3767 3767 3766 3766 3766 3766 3768 3768 3768 3768 3767 3767 3767 3767 3769 3769 3769 3769 3770 3770 3770 3770 3771 3771 3771 3771 3769 3769 3769 3769 3772 3772 3772 3772 3770 3770 3770 3770 3770 3770 3770 3770 3773 3773 3773 3773 3771 3771 3771 3771 3770 3770 3770 3770 3772 3772 3772 3772 3774 3774 3774 3774 3775 3775 3775 3775 3776 3776 3776 3776 3777 3777 3777 3777 3776 3776 3776 3776 3778 3778 3778 3778 3777 3777 3777 3777 3779 3779 3779 3779 3780 3780 3780 3780 3781 3781 3781 3781 3780 3780 3780 3780 3782 3782 3782 3782 3781 3781 3781 3781 3783 3783 3783 3783 3784 3784 3784 3784 3785 3785 3785 3785 3784 3784 3784 3784 3786 3786 3786 3786 3785 3785 3785 3785 3787 3787 3787 3787 3788 3788 3788 3788 3789 3789 3789 3789 3788 3788 3788 3788 3790 3790 3790 3790 3789 3789 3789 3789 3791 3791 3791 3791 3792 3792 3792 3792 3793 3793 3793 3793 3792 3792 3792 3792 3794 3794 3794 3794 3793 3793 3793 3793 3795 3795 3795 3795 3796 3796 3796 3796 3797 3797 3797 3797 3796 3796 3796 3796 3798 3798 3798 3798 3797 3797 3797 3797 3799 3799 3799 3799 3800 3800 3800 3800 3801 3801 3801 3801 3799 3799 3799 3799 3802 3802 3802 3802 3800 3800 3800 3800 3800 3800 3800 3800 3803 3803 3803 3803 3801 3801 3801 3801 3800 3800 3800 3800 3802 3802 3802 3802 3804 3804 3804 3804 3805 3805 3805 3805 3806 3806 3806 3806 3807 3807 3807 3807 3806 3806 3806 3806 3808 3808 3808 3808 3807 3807 3807 3807 3809 3809 3809 3809 3810 3810 3810 3810 3811 3811 3811 3811 3810 3810 3810 3810 3812 3812 3812 3812 3811 3811 3811 3811 3813 3813 3813 3813 3814 3814 3814 3814 3815 3815 3815 3815 3814 3814 3814 3814 3816 3816 3816 3816 3815 3815 3815 3815 3817 3817 3817 3817 3818 3818 3818 3818 3819 3819 3819 3819 3818 3818 3818 3818 3820 3820 3820 3820 3819 3819 3819 3819 3821 3821 3821 3821 3822 3822 3822 3822 3823 3823 3823 3823 3822 3822 3822 3822 3824 3824 3824 3824 3823 3823 3823 3823 3825 3825 3825 3825 3826 3826 3826 3826 3827 3827 3827 3827 3826 3826 3826 3826 3828 3828 3828 3828 3827 3827 3827 3827 3829 3829 3829 3829 3830 3830 3830 3830 3831 3831 3831 3831 3829 3829 3829 3829 3832 3832 3832 3832 3830 3830 3830 3830 3830 3830 3830 3830 3833 3833 3833 3833 3831 3831 3831 3831 3830 3830 3830 3830 3832 3832 3832 3832 3834 3834 3834 3834 3835 3835 3835 3835 3836 3836 3836 3836 3837 3837 3837 3837 3836 3836 3836 3836 3838 3838 3838 3838 3837 3837 3837 3837 3839 3839 3839 3839 3840 3840 3840 3840 3841 3841 3841 3841 3840 3840 3840 3840 3842 3842 3842 3842 3841 3841 3841 3841 3843 3843 3843 3843 3844 3844 3844 3844 3845 3845 3845 3845 3844 3844 3844 3844 3846 3846 3846 3846 3845 3845 3845 3845 3847 3847 3847 3847 3848 3848 3848 3848 3849 3849 3849 3849 3848 3848 3848 3848 3850 3850 3850 3850 3849 3849 3849 3849 3851 3851 3851 3851 3852 3852 3852 3852 3853 3853 3853 3853 3852 3852 3852 3852 3854 3854 3854 3854 3853 3853 3853 3853 3855 3855 3855 3855 3856 3856 3856 3856 3857 3857 3857 3857 3856 3856 3856 3856 3858 3858 3858 3858 3857 3857 3857 3857 3859 3859 3859 3859 3860 3860 3860 3860 3861 3861 3861 3861 3859 3859 3859 3859 3862 3862 3862 3862 3860 3860 3860 3860 3860 3860 3860 3860 3863 3863 3863 3863 3861 3861 3861 3861 3860 3860 3860 3860 3862 3862 3862 3862 3864 3864 3864 3864 3865 3865 3865 3865 3866 3866 3866 3866 3867 3867 3867 3867 3866 3866 3866 3866 3868 3868 3868 3868 3867 3867 3867 3867 3869 3869 3869 3869 3870 3870 3870 3870 3871 3871 3871 3871 3870 3870 3870 3870 3872 3872 3872 3872 3871 3871 3871 3871 3873 3873 3873 3873 3874 3874 3874 3874 3875 3875 3875 3875 3874 3874 3874 3874 3876 3876 3876 3876 3875 3875 3875 3875 3877 3877 3877 3877 3878 3878 3878 3878 3879 3879 3879 3879 3878 3878 3878 3878 3880 3880 3880 3880 3879 3879 3879 3879 3881 3881 3881 3881 3882 3882 3882 3882 3883 3883 3883 3883 3882 3882 3882 3882 3884 3884 3884 3884 3883 3883 3883 3883 3885 3885 3885 3885 3886 3886 3886 3886 3887 3887 3887 3887 3886 3886 3886 3886 3888 3888 3888 3888 3887 3887 3887 3887 3889 3889 3889 3889 3890 3890 3890 3890 3891 3891 3891 3891 3889 3889 3889 3889 3892 3892 3892 3892 3890 3890 3890 3890 3890 3890 3890 3890 3893 3893 3893 3893 3891 3891 3891 3891 3890 3890 3890 3890 3892 3892 3892 3892 3894 3894 3894 3894 3895 3895 3895 3895 3896 3896 3896 3896 3897 3897 3897 3897 3896 3896 3896 3896 3898 3898 3898 3898 3897 3897 3897 3897 3899 3899 3899 3899 3900 3900 3900 3900 3901 3901 3901 3901 3900 3900 3900 3900 3902 3902 3902 3902 3901 3901 3901 3901 3903 3903 3903 3903 3904 3904 3904 3904 3905 3905 3905 3905 3904 3904 3904 3904 3906 3906 3906 3906 3905 3905 3905 3905 3907 3907 3907 3907 3908 3908 3908 3908 3909 3909 3909 3909 3908 3908 3908 3908 3910 3910 3910 3910 3909 3909 3909 3909 3911 3911 3911 3911 3912 3912 3912 3912 3913 3913 3913 3913 3912 3912 3912 3912 3914 3914 3914 3914 3913 3913 3913 3913 3915 3915 3915 3915 3916 3916 3916 3916 3917 3917 3917 3917 3916 3916 3916 3916 3918 3918 3918 3918 3917 3917 3917 3917 3919 3919 3919 3919 3920 3920 3920 3920 3921 3921 3921 3921 3919 3919 3919 3919 3922 3922 3922 3922 3920 3920 3920 3920 3920 3920 3920 3920 3922 3922 3922 3922 3923 3923 3923 3923 3920 3920 3920 3920 3924 3924 3924 3924 3921 3921 3921 3921 3925 3925 3925 3925 3926 3926 3926 3926 3927 3927 3927 3927 3926 3926 3926 3926 3928 3928 3928 3928 3927 3927 3927 3927 3929 3929 3929 3929 3930 3930 3930 3930 3931 3931 3931 3931 3930 3930 3930 3930 3932 3932 3932 3932 3931 3931 3931 3931 3933 3933 3933 3933 3934 3934 3934 3934 3935 3935 3935 3935 3934 3934 3934 3934 3936 3936 3936 3936 3935 3935 3935 3935 3937 3937 3937 3937 3938 3938 3938 3938 3939 3939 3939 3939 3938 3938 3938 3938 3940 3940 3940 3940 3939 3939 3939 3939 3941 3941 3941 3941 3942 3942 3942 3942 3943 3943 3943 3943 3942 3942 3942 3942 3944 3944 3944 3944 3943 3943 3943 3943 3945 3945 3945 3945 3946 3946 3946 3946 3947 3947 3947 3947 3946 3946 3946 3946 3948 3948 3948 3948 3947 3947 3947 3947 3949 3949 3949 3949 3950 3950 3950 3950 3951 3951 3951 3951 3949 3949 3949 3949 3952 3952 3952 3952 3950 3950 3950 3950 3950 3950 3950 3950 3953 3953 3953 3953 3951 3951 3951 3951 3950 3950 3950 3950 3952 3952 3952 3952 3954 3954 3954 3954 3955 3955 3955 3955 3956 3956 3956 3956 3957 3957 3957 3957 3956 3956 3956 3956 3958 3958 3958 3958 3957 3957 3957 3957 3959 3959 3959 3959 3960 3960 3960 3960 3961 3961 3961 3961 3960 3960 3960 3960 3962 3962 3962 3962 3961 3961 3961 3961 3963 3963 3963 3963 3964 3964 3964 3964 3965 3965 3965 3965 3964 3964 3964 3964 3966 3966 3966 3966 3965 3965 3965 3965 3967 3967 3967 3967 3968 3968 3968 3968 3969 3969 3969 3969 3968 3968 3968 3968 3970 3970 3970 3970 3969 3969 3969 3969 3971 3971 3971 3971 3972 3972 3972 3972 3973 3973 3973 3973 3972 3972 3972 3972 3974 3974 3974 3974 3973 3973 3973 3973 3975 3975 3975 3975 3976 3976 3976 3976 3977 3977 3977 3977 3976 3976 3976 3976 3978 3978 3978 3978 3977 3977 3977 3977 3979 3979 3979 3979 3980 3980 3980 3980 3981 3981 3981 3981 3979 3979 3979 3979 3982 3982 3982 3982 3980 3980 3980 3980 3980 3980 3980 3980 3983 3983 3983 3983 3981 3981 3981 3981 3980 3980 3980 3980 3982 3982 3982 3982 3984 3984 3984 3984 3985 3985 3985 3985 3986 3986 3986 3986 3987 3987 3987 3987 3986 3986 3986 3986 3988 3988 3988 3988 3987 3987 3987 3987 3989 3989 3989 3989 3990 3990 3990 3990 3991 3991 3991 3991 3990 3990 3990 3990 3992 3992 3992 3992 3991 3991 3991 3991 3993 3993 3993 3993 3994 3994 3994 3994 3995 3995 3995 3995 3994 3994 3994 3994 3996 3996 3996 3996 3995 3995 3995 3995 3997 3997 3997 3997 3998 3998 3998 3998 3999 3999 3999 3999 3998 3998 3998 3998 4000 4000 4000 4000 3999 3999 3999 3999 4001 4001 4001 4001 4002 4002 4002 4002 4003 4003 4003 4003 4002 4002 4002 4002 4004 4004 4004 4004 4003 4003 4003 4003 4005 4005 4005 4005 4006 4006 4006 4006 4007 4007 4007 4007 4006 4006 4006 4006 4008 4008 4008 4008 4007 4007 4007 4007 4009 4009 4009 4009 4010 4010 4010 4010 4011 4011 4011 4011 4009 4009 4009 4009 4012 4012 4012 4012 4010 4010 4010 4010 4010 4010 4010 4010 4013 4013 4013 4013 4011 4011 4011 4011 4010 4010 4010 4010 4012 4012 4012 4012 4014 4014 4014 4014 4015 4015 4015 4015 4016 4016 4016 4016 4017 4017 4017 4017 4016 4016 4016 4016 4018 4018 4018 4018 4017 4017 4017 4017 4019 4019 4019 4019 4020 4020 4020 4020 4021 4021 4021 4021 4020 4020 4020 4020 4022 4022 4022 4022 4021 4021 4021 4021 4023 4023 4023 4023 4024 4024 4024 4024 4025 4025 4025 4025 4024 4024 4024 4024 4026 4026 4026 4026 4025 4025 4025 4025 4027 4027 4027 4027 4028 4028 4028 4028 4029 4029 4029 4029 4028 4028 4028 4028 4030 4030 4030 4030 4029 4029 4029 4029 4031 4031 4031 4031 4032 4032 4032 4032 4033 4033 4033 4033 4032 4032 4032 4032 4034 4034 4034 4034 4033 4033 4033 4033 4035 4035 4035 4035 4036 4036 4036 4036 4037 4037 4037 4037 4036 4036 4036 4036 4038 4038 4038 4038 4037 4037 4037 4037 4039 4039 4039 4039 4040 4040 4040 4040 4041 4041 4041 4041 4039 4039 4039 4039 4042 4042 4042 4042 4040 4040 4040 4040 4040 4040 4040 4040 4043 4043 4043 4043 4041 4041 4041 4041 4040 4040 4040 4040 4042 4042 4042 4042 4044 4044 4044 4044 4045 4045 4045 4045 4046 4046 4046 4046 4047 4047 4047 4047 4046 4046 4046 4046 4048 4048 4048 4048 4047 4047 4047 4047 4049 4049 4049 4049 4050 4050 4050 4050 4051 4051 4051 4051 4050 4050 4050 4050 4052 4052 4052 4052 4051 4051 4051 4051 4053 4053 4053 4053 4054 4054 4054 4054 4055 4055 4055 4055 4054 4054 4054 4054 4056 4056 4056 4056 4055 4055 4055 4055 4057 4057 4057 4057 4058 4058 4058 4058 4059 4059 4059 4059 4058 4058 4058 4058 4060 4060 4060 4060 4059 4059 4059 4059 4061 4061 4061 4061 4062 4062 4062 4062 4063 4063 4063 4063 4062 4062 4062 4062 4064 4064 4064 4064 4063 4063 4063 4063 4065 4065 4065 4065 4066 4066 4066 4066 4067 4067 4067 4067 4066 4066 4066 4066 4068 4068 4068 4068 4067 4067 4067 4067 4069 4069 4069 4069 4070 4070 4070 4070 4071 4071 4071 4071 4069 4069 4069 4069 4071 4071 4071 4071 4072 4072 4072 4072 4070 4070 4070 4070 4073 4073 4073 4073 4071 4071 4071 4071 4071 4071 4071 4071 4074 4074 4074 4074 4072 4072 4072 4072 4075 4075 4075 4075 4076 4076 4076 4076 4077 4077 4077 4077 4076 4076 4076 4076 4078 4078 4078 4078 4077 4077 4077 4077 4079 4079 4079 4079 4080 4080 4080 4080 4081 4081 4081 4081 4080 4080 4080 4080 4082 4082 4082 4082 4081 4081 4081 4081 4083 4083 4083 4083 4084 4084 4084 4084 4085 4085 4085 4085 4084 4084 4084 4084 4086 4086 4086 4086 4085 4085 4085 4085 4087 4087 4087 4087 4088 4088 4088 4088 4089 4089 4089 4089 4088 4088 4088 4088 4090 4090 4090 4090 4089 4089 4089 4089 4091 4091 4091 4091 4092 4092 4092 4092 4093 4093 4093 4093 4092 4092 4092 4092 4094 4094 4094 4094 4093 4093 4093 4093 4095 4095 4095 4095 4096 4096 4096 4096 4097 4097 4097 4097 4096 4096 4096 4096 4098 4098 4098 4098 4097 4097 4097 4097 4099 4099 4099 4099 4100 4100 4100 4100 4101 4101 4101 4101 4099 4099 4099 4099 4102 4102 4102 4102 4100 4100 4100 4100 4100 4100 4100 4100 4103 4103 4103 4103 4101 4101 4101 4101 4100 4100 4100 4100 4102 4102 4102 4102 4104 4104 4104 4104 4105 4105 4105 4105 4106 4106 4106 4106 4107 4107 4107 4107 4106 4106 4106 4106 4108 4108 4108 4108 4107 4107 4107 4107 4109 4109 4109 4109 4110 4110 4110 4110 4111 4111 4111 4111 4110 4110 4110 4110 4112 4112 4112 4112 4111 4111 4111 4111 4113 4113 4113 4113 4114 4114 4114 4114 4115 4115 4115 4115 4114 4114 4114 4114 4116 4116 4116 4116 4115 4115 4115 4115 4117 4117 4117 4117 4118 4118 4118 4118 4119 4119 4119 4119 4118 4118 4118 4118 4120 4120 4120 4120 4119 4119 4119 4119 4121 4121 4121 4121 4122 4122 4122 4122 4123 4123 4123 4123 4122 4122 4122 4122 4124 4124 4124 4124 4123 4123 4123 4123 4125 4125 4125 4125 4126 4126 4126 4126 4127 4127 4127 4127 4126 4126 4126 4126 4128 4128 4128 4128 4127 4127 4127 4127 4129 4129 4129 4129 4130 4130 4130 4130 4131 4131 4131 4131 4129 4129 4129 4129 4132 4132 4132 4132 4130 4130 4130 4130 4130 4130 4130 4130 4133 4133 4133 4133 4131 4131 4131 4131 4130 4130 4130 4130 4132 4132 4132 4132 4134 4134 4134 4134 4135 4135 4135 4135 4136 4136 4136 4136 4137 4137 4137 4137 4136 4136 4136 4136 4138 4138 4138 4138 4137 4137 4137 4137 4139 4139 4139 4139 4140 4140 4140 4140 4141 4141 4141 4141 4140 4140 4140 4140 4142 4142 4142 4142 4141 4141 4141 4141 4143 4143 4143 4143 4144 4144 4144 4144 4145 4145 4145 4145 4144 4144 4144 4144 4146 4146 4146 4146 4145 4145 4145 4145 4147 4147 4147 4147 4148 4148 4148 4148 4149 4149 4149 4149 4148 4148 4148 4148 4150 4150 4150 4150 4149 4149 4149 4149 4151 4151 4151 4151 4152 4152 4152 4152 4153 4153 4153 4153 4152 4152 4152 4152 4154 4154 4154 4154 4153 4153 4153 4153 4155 4155 4155 4155 4156 4156 4156 4156 4157 4157 4157 4157 4156 4156 4156 4156 4158 4158 4158 4158 4157 4157 4157 4157 4159 4159 4159 4159 4160 4160 4160 4160 4161 4161 4161 4161 4159 4159 4159 4159 4162 4162 4162 4162 4160 4160 4160 4160 4160 4160 4160 4160 4162 4162 4162 4162 4163 4163 4163 4163 4160 4160 4160 4160 4164 4164 4164 4164 4161 4161 4161 4161 4165 4165 4165 4165 4166 4166 4166 4166 4167 4167 4167 4167 4166 4166 4166 4166 4168 4168 4168 4168 4167 4167 4167 4167 4169 4169 4169 4169 4170 4170 4170 4170 4171 4171 4171 4171 4170 4170 4170 4170 4172 4172 4172 4172 4171 4171 4171 4171 4173 4173 4173 4173 4174 4174 4174 4174 4175 4175 4175 4175 4174 4174 4174 4174 4176 4176 4176 4176 4175 4175 4175 4175 4177 4177 4177 4177 4178 4178 4178 4178 4179 4179 4179 4179 4178 4178 4178 4178 4180 4180 4180 4180 4179 4179 4179 4179 4181 4181 4181 4181 4182 4182 4182 4182 4183 4183 4183 4183 4182 4182 4182 4182 4184 4184 4184 4184 4183 4183 4183 4183 4185 4185 4185 4185 4186 4186 4186 4186 4187 4187 4187 4187 4186 4186 4186 4186 4188 4188 4188 4188 4187 4187 4187 4187 4189 4189 4189 4189 4190 4190 4190 4190 4191 4191 4191 4191 4189 4189 4189 4189 4192 4192 4192 4192 4190 4190 4190 4190 4190 4190 4190 4190 4193 4193 4193 4193 4191 4191 4191 4191 4190 4190 4190 4190 4192 4192 4192 4192 4194 4194 4194 4194 4195 4195 4195 4195 4196 4196 4196 4196 4197 4197 4197 4197 4196 4196 4196 4196 4198 4198 4198 4198 4197 4197 4197 4197 4199 4199 4199 4199 4200 4200 4200 4200 4201 4201 4201 4201 4200 4200 4200 4200 4202 4202 4202 4202 4201 4201 4201 4201 4203 4203 4203 4203 4204 4204 4204 4204 4205 4205 4205 4205 4204 4204 4204 4204 4206 4206 4206 4206 4205 4205 4205 4205 4207 4207 4207 4207 4208 4208 4208 4208 4209 4209 4209 4209 4208 4208 4208 4208 4210 4210 4210 4210 4209 4209 4209 4209 4211 4211 4211 4211 4212 4212 4212 4212 4213 4213 4213 4213 4212 4212 4212 4212 4214 4214 4214 4214 4213 4213 4213 4213 4215 4215 4215 4215 4216 4216 4216 4216 4217 4217 4217 4217 4216 4216 4216 4216 4218 4218 4218 4218 4217 4217 4217 4217 4219 4219 4219 4219 4220 4220 4220 4220 4221 4221 4221 4221 4219 4219 4219 4219 4221 4221 4221 4221 4222 4222 4222 4222 4220 4220 4220 4220 4223 4223 4223 4223 4221 4221 4221 4221 4221 4221 4221 4221 4224 4224 4224 4224 4222 4222 4222 4222 4225 4225 4225 4225 4226 4226 4226 4226 4227 4227 4227 4227 4227 4227 4227 4227 4228 4228 4228 4228 4229 4229 4229 4229 4228 4228 4228 4228 4230 4230 4230 4230 4229 4229 4229 4229 4231 4231 4231 4231 4232 4232 4232 4232 4233 4233 4233 4233 4234 4234 4234 4234 4235 4235 4235 4235 4236 4236 4236 4236 4233 4233 4233 4233 4237 4237 4237 4237 4238 4238 4238 4238 4230 4230 4230 4230 4239 4239 4239 4239 4240 4240 4240 4240 4233 4233 4233 4233 4241 4241 4241 4241 4237 4237 4237 4237 4235 4235 4235 4235 4242 4242 4242 4242 4243 4243 4243 4243 4235 4235 4235 4235 4243 4243 4243 4243 4236 4236 4236 4236 4244 4244 4244 4244 4245 4245 4245 4245 4246 4246 4246 4246 4242 4242 4242 4242 4247 4247 4247 4247 4243 4243 4243 4243 4248 4248 4248 4248 4249 4249 4249 4249 4250 4250 4250 4250 4251 4251 4251 4251 4252 4252 4252 4252 4253 4253 4253 4253 4254 4254 4254 4254 4255 4255 4255 4255 4256 4256 4256 4256 4257 4257 4257 4257 4248 4248 4248 4248 4250 4250 4250 4250 4258 4258 4258 4258 4253 4253 4253 4253 4259 4259 4259 4259 4258 4258 4258 4258 4251 4251 4251 4251 4253 4253 4253 4253 4257 4257 4257 4257 4250 4250 4250 4250 4260 4260 4260 4260 4261 4261 4261 4261 4258 4258 4258 4258 4259 4259 4259 4259 4261 4261 4261 4261 4259 4259 4259 4259 4262 4262 4262 4262 4263 4263 4263 4263 4254 4254 4254 4254 4256 4256 4256 4256 4264 4264 4264 4264 4257 4257 4257 4257 4260 4260 4260 4260 4263 4263 4263 4263 4256 4256 4256 4256 4265 4265 4265 4265 4266 4266 4266 4266 4261 4261 4261 4261 4262 4262 4262 4262 4267 4267 4267 4267 4263 4263 4263 4263 4265 4265 4265 4265 4268 4268 4268 4268 4269 4269 4269 4269 4270 4270 4270 4270 4269 4269 4269 4269 4271 4271 4271 4271 4270 4270 4270 4270 4272 4272 4272 4272 4273 4273 4273 4273 4274 4274 4274 4274 4275 4275 4275 4275 4272 4272 4272 4272 4274 4274 4274 4274 4276 4276 4276 4276 4277 4277 4277 4277 4278 4278 4278 4278 4279 4279 4279 4279 4280 4280 4280 4280 4281 4281 4281 4281 4282 4282 4282 4282 4279 4279 4279 4279 4281 4281 4281 4281 4278 4278 4278 4278 4277 4277 4277 4277 4283 4283 4283 4283 4284 4284 4284 4284 4285 4285 4285 4285 4286 4286 4286 4286 4287 4287 4287 4287 4284 4284 4284 4284 4286 4286 4286 4286 4283 4283 4283 4283 4277 4277 4277 4277 4288 4288 4288 4288 4277 4277 4277 4277 4289 4289 4289 4289 4288 4288 4288 4288 4290 4290 4290 4290 4291 4291 4291 4291 4292 4292 4292 4292 4293 4293 4293 4293 4290 4290 4290 4290 4292 4292 4292 4292 4294 4294 4294 4294 4295 4295 4295 4295 4296 4296 4296 4296 4295 4295 4295 4295 4297 4297 4297 4297 4296 4296 4296 4296 4298 4298 4298 4298 4299 4299 4299 4299 4300 4300 4300 4300 4301 4301 4301 4301 4298 4298 4298 4298 4300 4300 4300 4300 4302 4302 4302 4302 4303 4303 4303 4303 4304 4304 4304 4304 4303 4303 4303 4303 4305 4305 4305 4305 4304 4304 4304 4304 4306 4306 4306 4306 4307 4307 4307 4307 4308 4308 4308 4308 4309 4309 4309 4309 4310 4310 4310 4310 4311 4311 4311 4311 4312 4312 4312 4312 4309 4309 4309 4309 4311 4311 4311 4311 4307 4307 4307 4307 4313 4313 4313 4313 4308 4308 4308 4308 4314 4314 4314 4314 4315 4315 4315 4315 4316 4316 4316 4316 4315 4315 4315 4315 4317 4317 4317 4317 4316 4316 4316 4316 4307 4307 4307 4307 4318 4318 4318 4318 4313 4313 4313 4313 4307 4307 4307 4307 4319 4319 4319 4319 4318 4318 4318 4318 4320 4320 4320 4320 4321 4321 4321 4321 4322 4322 4322 4322 4323 4323 4323 4323 4320 4320 4320 4320 4322 4322 4322 4322 4324 4324 4324 4324 4325 4325 4325 4325 4326 4326 4326 4326 4325 4325 4325 4325 4327 4327 4327 4327 4326 4326 4326 4326 4328 4328 4328 4328 4329 4329 4329 4329 4330 4330 4330 4330 4329 4329 4329 4329 4331 4331 4331 4331 4330 4330 4330 4330 4332 4332 4332 4332 4333 4333 4333 4333 4334 4334 4334 4334 4333 4333 4333 4333 4335 4335 4335 4335 4334 4334 4334 4334 4336 4336 4336 4336 4337 4337 4337 4337 4338 4338 4338 4338 4337 4337 4337 4337 4339 4339 4339 4339 4338 4338 4338 4338 4340 4340 4340 4340 4341 4341 4341 4341 4342 4342 4342 4342 4341 4341 4341 4341 4343 4343 4343 4343 4342 4342 4342 4342 4344 4344 4344 4344 4345 4345 4345 4345 4346 4346 4346 4346 4345 4345 4345 4345 4347 4347 4347 4347 4346 4346 4346 4346 4348 4348 4348 4348 4349 4349 4349 4349 4350 4350 4350 4350 4349 4349 4349 4349 4351 4351 4351 4351 4350 4350 4350 4350 4352 4352 4352 4352 4353 4353 4353 4353 4354 4354 4354 4354 4352 4352 4352 4352 4355 4355 4355 4355 4353 4353 4353 4353 4353 4353 4353 4353 4356 4356 4356 4356 4354 4354 4354 4354 4353 4353 4353 4353 4355 4355 4355 4355 4357 4357 4357 4357 4358 4358 4358 4358 4359 4359 4359 4359 4360 4360 4360 4360 4360 4360 4360 4360 4359 4359 4359 4359 4361 4361 4361 4361 4359 4359 4359 4359 4362 4362 4362 4362 4361 4361 4361 4361 4361 4361 4361 4361 4362 4362 4362 4362 4363 4363 4363 4363 4362 4362 4362 4362 4364 4364 4364 4364 4363 4363 4363 4363 4363 4363 4363 4363 4364 4364 4364 4364 4365 4365 4365 4365 4366 4366 4366 4366 4367 4367 4367 4367 4368 4368 4368 4368 4367 4367 4367 4367 4369 4369 4369 4369 4370 4370 4370 4370 4367 4367 4367 4367 4370 4370 4370 4370 4368 4368 4368 4368 4369 4369 4369 4369 4371 4371 4371 4371 4370 4370 4370 4370 4372 4372 4372 4372 4373 4373 4373 4373 4374 4374 4374 4374 4373 4373 4373 4373 4375 4375 4375 4375 4376 4376 4376 4376 4375 4375 4375 4375 4377 4377 4377 4377 4376 4376 4376 4376 4377 4377 4377 4377 4378 4378 4378 4378 4379 4379 4379 4379 4380 4380 4380 4380 4381 4381 4381 4381 4382 4382 4382 4382 4381 4381 4381 4381 4383 4383 4383 4383 4382 4382 4382 4382 4381 4381 4381 4381 4384 4384 4384 4384 4385 4385 4385 4385 4386 4386 4386 4386 4387 4387 4387 4387 4388 4388 4388 4388 4387 4387 4387 4387 4389 4389 4389 4389 4390 4390 4390 4390 4387 4387 4387 4387 4390 4390 4390 4390 4388 4388 4388 4388 4389 4389 4389 4389 4391 4391 4391 4391 4390 4390 4390 4390 4392 4392 4392 4392 4393 4393 4393 4393 4394 4394 4394 4394 4393 4393 4393 4393 4395 4395 4395 4395 4396 4396 4396 4396 4393 4393 4393 4393 4396 4396 4396 4396 4394 4394 4394 4394 4395 4395 4395 4395 4397 4397 4397 4397 4396 4396 4396 4396 4398 4398 4398 4398 4399 4399 4399 4399 4400 4400 4400 4400 4401 4401 4401 4401 4402 4402 4402 4402 4403 4403 4403 4403 4402 4402 4402 4402 4404 4404 4404 4404 4403 4403 4403 4403 4405 4405 4405 4405 4406 4406 4406 4406 4407 4407 4407 4407 4406 4406 4406 4406 4408 4408 4408 4408 4407 4407 4407 4407 4409 4409 4409 4409 4410 4410 4410 4410 4411 4411 4411 4411 4410 4410 4410 4410 4412 4412 4412 4412 4411 4411 4411 4411 4413 4413 4413 4413 4414 4414 4414 4414 4415 4415 4415 4415 4414 4414 4414 4414 4416 4416 4416 4416 4415 4415 4415 4415 4417 4417 4417 4417 4418 4418 4418 4418 4419 4419 4419 4419 4418 4418 4418 4418 4420 4420 4420 4420 4419 4419 4419 4419 4421 4421 4421 4421 4422 4422 4422 4422 4423 4423 4423 4423 4422 4422 4422 4422 4424 4424 4424 4424 4423 4423 4423 4423 4425 4425 4425 4425 4426 4426 4426 4426 4427 4427 4427 4427 4425 4425 4425 4425 4427 4427 4427 4427 4428 4428 4428 4428 4426 4426 4426 4426 4429 4429 4429 4429 4427 4427 4427 4427 4427 4427 4427 4427 4430 4430 4430 4430 4428 4428 4428 4428 4431 4431 4431 4431 4432 4432 4432 4432 4433 4433 4433 4433 4432 4432 4432 4432 4434 4434 4434 4434 4433 4433 4433 4433 4435 4435 4435 4435 4436 4436 4436 4436 4437 4437 4437 4437 4436 4436 4436 4436 4438 4438 4438 4438 4437 4437 4437 4437 4439 4439 4439 4439 4440 4440 4440 4440 4441 4441 4441 4441 4440 4440 4440 4440 4442 4442 4442 4442 4441 4441 4441 4441 4443 4443 4443 4443 4444 4444 4444 4444 4445 4445 4445 4445 4444 4444 4444 4444 4446 4446 4446 4446 4445 4445 4445 4445 4447 4447 4447 4447 4448 4448 4448 4448 4449 4449 4449 4449 4448 4448 4448 4448 4450 4450 4450 4450 4449 4449 4449 4449 4451 4451 4451 4451 4452 4452 4452 4452 4453 4453 4453 4453 4452 4452 4452 4452 4454 4454 4454 4454 4453 4453 4453 4453 4455 4455 4455 4455 4456 4456 4456 4456 4457 4457 4457 4457 4455 4455 4455 4455 4457 4457 4457 4457 4458 4458 4458 4458 4456 4456 4456 4456 4459 4459 4459 4459 4457 4457 4457 4457 4457 4457 4457 4457 4460 4460 4460 4460 4458 4458 4458 4458 4461 4461 4461 4461 4462 4462 4462 4462 4463 4463 4463 4463 4462 4462 4462 4462 4464 4464 4464 4464 4463 4463 4463 4463 4465 4465 4465 4465 4466 4466 4466 4466 4467 4467 4467 4467 4466 4466 4466 4466 4468 4468 4468 4468 4467 4467 4467 4467 4469 4469 4469 4469 4470 4470 4470 4470 4471 4471 4471 4471 4470 4470 4470 4470 4472 4472 4472 4472 4471 4471 4471 4471 4473 4473 4473 4473 4474 4474 4474 4474 4475 4475 4475 4475 4474 4474 4474 4474 4476 4476 4476 4476 4475 4475 4475 4475 4477 4477 4477 4477 4478 4478 4478 4478 4479 4479 4479 4479 4478 4478 4478 4478 4480 4480 4480 4480 4479 4479 4479 4479 4481 4481 4481 4481 4482 4482 4482 4482 4483 4483 4483 4483 4482 4482 4482 4482 4484 4484 4484 4484 4483 4483 4483 4483 4485 4485 4485 4485 4486 4486 4486 4486 4487 4487 4487 4487 4485 4485 4485 4485 4488 4488 4488 4488 4486 4486 4486 4486 4486 4486 4486 4486 4489 4489 4489 4489 4487 4487 4487 4487 4486 4486 4486 4486 4488 4488 4488 4488 4490 4490 4490 4490 4491 4491 4491 4491 4492 4492 4492 4492 4493 4493 4493 4493 4492 4492 4492 4492 4494 4494 4494 4494 4493 4493 4493 4493 4495 4495 4495 4495 4496 4496 4496 4496 4497 4497 4497 4497 4496 4496 4496 4496 4498 4498 4498 4498 4497 4497 4497 4497 4499 4499 4499 4499 4500 4500 4500 4500 4501 4501 4501 4501 4500 4500 4500 4500 4502 4502 4502 4502 4501 4501 4501 4501 4503 4503 4503 4503 4504 4504 4504 4504 4505 4505 4505 4505 4504 4504 4504 4504 4506 4506 4506 4506 4505 4505 4505 4505 4507 4507 4507 4507 4508 4508 4508 4508 4509 4509 4509 4509 4508 4508 4508 4508 4510 4510 4510 4510 4509 4509 4509 4509 4511 4511 4511 4511 4512 4512 4512 4512 4513 4513 4513 4513 4512 4512 4512 4512 4514 4514 4514 4514 4513 4513 4513 4513 4515 4515 4515 4515 4516 4516 4516 4516 4517 4517 4517 4517 4515 4515 4515 4515 4518 4518 4518 4518 4516 4516 4516 4516 4516 4516 4516 4516 4519 4519 4519 4519 4517 4517 4517 4517 4516 4516 4516 4516 4518 4518 4518 4518 4520 4520 4520 4520 4521 4521 4521 4521 4522 4522 4522 4522 4523 4523 4523 4523 4522 4522 4522 4522 4524 4524 4524 4524 4523 4523 4523 4523 4525 4525 4525 4525 4526 4526 4526 4526 4527 4527 4527 4527 4526 4526 4526 4526 4528 4528 4528 4528 4527 4527 4527 4527 4529 4529 4529 4529 4530 4530 4530 4530 4531 4531 4531 4531 4530 4530 4530 4530 4532 4532 4532 4532 4531 4531 4531 4531 4533 4533 4533 4533 4534 4534 4534 4534 4535 4535 4535 4535 4534 4534 4534 4534 4536 4536 4536 4536 4535 4535 4535 4535 4537 4537 4537 4537 4538 4538 4538 4538 4539 4539 4539 4539 4538 4538 4538 4538 4540 4540 4540 4540 4539 4539 4539 4539 4541 4541 4541 4541 4542 4542 4542 4542 4543 4543 4543 4543 4542 4542 4542 4542 4544 4544 4544 4544 4543 4543 4543 4543 4545 4545 4545 4545 4546 4546 4546 4546 4547 4547 4547 4547 4545 4545 4545 4545 4547 4547 4547 4547 4548 4548 4548 4548 4546 4546 4546 4546 4549 4549 4549 4549 4547 4547 4547 4547 4547 4547 4547 4547 4550 4550 4550 4550 4548 4548 4548 4548 4551 4551 4551 4551 4552 4552 4552 4552 4553 4553 4553 4553 4552 4552 4552 4552 4554 4554 4554 4554 4553 4553 4553 4553 4555 4555 4555 4555 4556 4556 4556 4556 4557 4557 4557 4557 4556 4556 4556 4556 4558 4558 4558 4558 4557 4557 4557 4557 4559 4559 4559 4559 4560 4560 4560 4560 4561 4561 4561 4561 4560 4560 4560 4560 4562 4562 4562 4562 4561 4561 4561 4561 4563 4563 4563 4563 4564 4564 4564 4564 4565 4565 4565 4565 4564 4564 4564 4564 4566 4566 4566 4566 4565 4565 4565 4565 4567 4567 4567 4567 4568 4568 4568 4568 4569 4569 4569 4569 4568 4568 4568 4568 4570 4570 4570 4570 4569 4569 4569 4569 4571 4571 4571 4571 4572 4572 4572 4572 4573 4573 4573 4573 4572 4572 4572 4572 4574 4574 4574 4574 4573 4573 4573 4573 4575 4575 4575 4575 4576 4576 4576 4576 4577 4577 4577 4577 4575 4575 4575 4575 4577 4577 4577 4577 4578 4578 4578 4578 4576 4576 4576 4576 4579 4579 4579 4579 4577 4577 4577 4577 4577 4577 4577 4577 4580 4580 4580 4580 4578 4578 4578 4578 4581 4581 4581 4581 4582 4582 4582 4582 4583 4583 4583 4583 4582 4582 4582 4582 4584 4584 4584 4584 4583 4583 4583 4583 4585 4585 4585 4585 4586 4586 4586 4586 4587 4587 4587 4587 4586 4586 4586 4586 4588 4588 4588 4588 4587 4587 4587 4587 4589 4589 4589 4589 4590 4590 4590 4590 4591 4591 4591 4591 4590 4590 4590 4590 4592 4592 4592 4592 4591 4591 4591 4591 4593 4593 4593 4593 4594 4594 4594 4594 4595 4595 4595 4595 4594 4594 4594 4594 4596 4596 4596 4596 4595 4595 4595 4595 4597 4597 4597 4597 4598 4598 4598 4598 4599 4599 4599 4599 4598 4598 4598 4598 4600 4600 4600 4600 4599 4599 4599 4599 4601 4601 4601 4601 4602 4602 4602 4602 4603 4603 4603 4603 4602 4602 4602 4602 4604 4604 4604 4604 4603 4603 4603 4603 4605 4605 4605 4605 4606 4606 4606 4606 4607 4607 4607 4607 4605 4605 4605 4605 4607 4607 4607 4607 4608 4608 4608 4608 4606 4606 4606 4606 4609 4609 4609 4609 4607 4607 4607 4607 4607 4607 4607 4607 4610 4610 4610 4610 4608 4608 4608 4608 4611 4611 4611 4611 4612 4612 4612 4612 4613 4613 4613 4613 4612 4612 4612 4612 4614 4614 4614 4614 4613 4613 4613 4613 4615 4615 4615 4615 4616 4616 4616 4616 4617 4617 4617 4617 4616 4616 4616 4616 4618 4618 4618 4618 4617 4617 4617 4617 4619 4619 4619 4619 4620 4620 4620 4620 4621 4621 4621 4621 4620 4620 4620 4620 4622 4622 4622 4622 4621 4621 4621 4621 4623 4623 4623 4623 4624 4624 4624 4624 4625 4625 4625 4625 4624 4624 4624 4624 4626 4626 4626 4626 4625 4625 4625 4625 4627 4627 4627 4627 4628 4628 4628 4628 4629 4629 4629 4629 4628 4628 4628 4628 4630 4630 4630 4630 4629 4629 4629 4629 4631 4631 4631 4631 4632 4632 4632 4632 4633 4633 4633 4633 4632 4632 4632 4632 4634 4634 4634 4634 4633 4633 4633 4633 4635 4635 4635 4635 4636 4636 4636 4636 4637 4637 4637 4637 4635 4635 4635 4635 4637 4637 4637 4637 4638 4638 4638 4638 4636 4636 4636 4636 4639 4639 4639 4639 4637 4637 4637 4637 4637 4637 4637 4637 4640 4640 4640 4640 4638 4638 4638 4638 4641 4641 4641 4641 4642 4642 4642 4642 4643 4643 4643 4643 4642 4642 4642 4642 4644 4644 4644 4644 4643 4643 4643 4643 4645 4645 4645 4645 4646 4646 4646 4646 4647 4647 4647 4647 4646 4646 4646 4646 4648 4648 4648 4648 4647 4647 4647 4647 4649 4649 4649 4649 4650 4650 4650 4650 4651 4651 4651 4651 4650 4650 4650 4650 4652 4652 4652 4652 4651 4651 4651 4651 4653 4653 4653 4653 4654 4654 4654 4654 4655 4655 4655 4655 4654 4654 4654 4654 4656 4656 4656 4656 4655 4655 4655 4655 4657 4657 4657 4657 4658 4658 4658 4658 4659 4659 4659 4659 4658 4658 4658 4658 4660 4660 4660 4660 4659 4659 4659 4659 4661 4661 4661 4661 4662 4662 4662 4662 4663 4663 4663 4663 4662 4662 4662 4662 4664 4664 4664 4664 4663 4663 4663 4663 4665 4665 4665 4665 4666 4666 4666 4666 4667 4667 4667 4667 4665 4665 4665 4665 4667 4667 4667 4667 4668 4668 4668 4668 4666 4666 4666 4666 4669 4669 4669 4669 4667 4667 4667 4667 4667 4667 4667 4667 4670 4670 4670 4670 4668 4668 4668 4668 4671 4671 4671 4671 4672 4672 4672 4672 4673 4673 4673 4673 4672 4672 4672 4672 4674 4674 4674 4674 4673 4673 4673 4673 4675 4675 4675 4675 4676 4676 4676 4676 4677 4677 4677 4677 4676 4676 4676 4676 4678 4678 4678 4678 4677 4677 4677 4677 4679 4679 4679 4679 4680 4680 4680 4680 4681 4681 4681 4681 4680 4680 4680 4680 4682 4682 4682 4682 4681 4681 4681 4681 4683 4683 4683 4683 4684 4684 4684 4684 4685 4685 4685 4685 4684 4684 4684 4684 4686 4686 4686 4686 4685 4685 4685 4685 4687 4687 4687 4687 4688 4688 4688 4688 4689 4689 4689 4689 4688 4688 4688 4688 4690 4690 4690 4690 4689 4689 4689 4689 4691 4691 4691 4691 4692 4692 4692 4692 4693 4693 4693 4693 4692 4692 4692 4692 4694 4694 4694 4694 4693 4693 4693 4693 4695 4695 4695 4695 4696 4696 4696 4696 4697 4697 4697 4697 4695 4695 4695 4695 4698 4698 4698 4698 4696 4696 4696 4696 4696 4696 4696 4696 4698 4698 4698 4698 4699 4699 4699 4699 4696 4696 4696 4696 4700 4700 4700 4700 4697 4697 4697 4697 4701 4701 4701 4701 4702 4702 4702 4702 4703 4703 4703 4703 4702 4702 4702 4702 4704 4704 4704 4704 4703 4703 4703 4703 4705 4705 4705 4705 4706 4706 4706 4706 4707 4707 4707 4707 4706 4706 4706 4706 4708 4708 4708 4708 4707 4707 4707 4707 4709 4709 4709 4709 4710 4710 4710 4710 4711 4711 4711 4711 4710 4710 4710 4710 4712 4712 4712 4712 4711 4711 4711 4711 4713 4713 4713 4713 4714 4714 4714 4714 4715 4715 4715 4715 4714 4714 4714 4714 4716 4716 4716 4716 4715 4715 4715 4715 4717 4717 4717 4717 4718 4718 4718 4718 4719 4719 4719 4719 4718 4718 4718 4718 4720 4720 4720 4720 4719 4719 4719 4719 4721 4721 4721 4721 4722 4722 4722 4722 4723 4723 4723 4723 4722 4722 4722 4722 4724 4724 4724 4724 4723 4723 4723 4723 4725 4725 4725 4725 4726 4726 4726 4726 4727 4727 4727 4727 4725 4725 4725 4725 4727 4727 4727 4727 4728 4728 4728 4728 4726 4726 4726 4726 4729 4729 4729 4729 4727 4727 4727 4727 4727 4727 4727 4727 4730 4730 4730 4730 4728 4728 4728 4728 4731 4731 4731 4731 4732 4732 4732 4732 4733 4733 4733 4733 4732 4732 4732 4732 4734 4734 4734 4734 4733 4733 4733 4733 4735 4735 4735 4735 4736 4736 4736 4736 4737 4737 4737 4737 4736 4736 4736 4736 4738 4738 4738 4738 4737 4737 4737 4737 4739 4739 4739 4739 4740 4740 4740 4740 4741 4741 4741 4741 4740 4740 4740 4740 4742 4742 4742 4742 4741 4741 4741 4741 4743 4743 4743 4743 4744 4744 4744 4744 4745 4745 4745 4745 4744 4744 4744 4744 4746 4746 4746 4746 4745 4745 4745 4745 4747 4747 4747 4747 4748 4748 4748 4748 4749 4749 4749 4749 4748 4748 4748 4748 4750 4750 4750 4750 4749 4749 4749 4749 4751 4751 4751 4751 4752 4752 4752 4752 4753 4753 4753 4753 4752 4752 4752 4752 4754 4754 4754 4754 4753 4753 4753 4753 4755 4755 4755 4755 4756 4756 4756 4756 4757 4757 4757 4757 4755 4755 4755 4755 4758 4758 4758 4758 4756 4756 4756 4756 4756 4756 4756 4756 4758 4758 4758 4758 4759 4759 4759 4759 4756 4756 4756 4756 4760 4760 4760 4760 4757 4757 4757 4757 4761 4761 4761 4761 4762 4762 4762 4762 4763 4763 4763 4763 4762 4762 4762 4762 4764 4764 4764 4764 4763 4763 4763 4763 4765 4765 4765 4765 4766 4766 4766 4766 4767 4767 4767 4767 4766 4766 4766 4766 4768 4768 4768 4768 4767 4767 4767 4767 4769 4769 4769 4769 4770 4770 4770 4770 4771 4771 4771 4771 4770 4770 4770 4770 4772 4772 4772 4772 4771 4771 4771 4771 4773 4773 4773 4773 4774 4774 4774 4774 4775 4775 4775 4775 4774 4774 4774 4774 4776 4776 4776 4776 4775 4775 4775 4775 4777 4777 4777 4777 4778 4778 4778 4778 4779 4779 4779 4779 4778 4778 4778 4778 4780 4780 4780 4780 4779 4779 4779 4779 4781 4781 4781 4781 4782 4782 4782 4782 4783 4783 4783 4783 4782 4782 4782 4782 4784 4784 4784 4784 4783 4783 4783 4783 4785 4785 4785 4785 4786 4786 4786 4786 4787 4787 4787 4787 4785 4785 4785 4785 4787 4787 4787 4787 4788 4788 4788 4788 4786 4786 4786 4786 4789 4789 4789 4789 4787 4787 4787 4787 4787 4787 4787 4787 4790 4790 4790 4790 4788 4788 4788 4788 4791 4791 4791 4791 4792 4792 4792 4792 4793 4793 4793 4793 4792 4792 4792 4792 4794 4794 4794 4794 4793 4793 4793 4793 4795 4795 4795 4795 4796 4796 4796 4796 4797 4797 4797 4797 4796 4796 4796 4796 4798 4798 4798 4798 4797 4797 4797 4797 4799 4799 4799 4799 4800 4800 4800 4800 4801 4801 4801 4801 4800 4800 4800 4800 4802 4802 4802 4802 4801 4801 4801 4801 4803 4803 4803 4803 4804 4804 4804 4804 4805 4805 4805 4805 4804 4804 4804 4804 4806 4806 4806 4806 4805 4805 4805 4805 4807 4807 4807 4807 4808 4808 4808 4808 4809 4809 4809 4809 4808 4808 4808 4808 4810 4810 4810 4810 4809 4809 4809 4809 4811 4811 4811 4811 4812 4812 4812 4812 4813 4813 4813 4813 4812 4812 4812 4812 4814 4814 4814 4814 4813 4813 4813 4813 4815 4815 4815 4815 4816 4816 4816 4816 4817 4817 4817 4817 4815 4815 4815 4815 4818 4818 4818 4818 4816 4816 4816 4816 4816 4816 4816 4816 4818 4818 4818 4818 4819 4819 4819 4819 4816 4816 4816 4816 4820 4820 4820 4820 4817 4817 4817 4817 4821 4821 4821 4821 4822 4822 4822 4822 4823 4823 4823 4823 4822 4822 4822 4822 4824 4824 4824 4824 4823 4823 4823 4823 4825 4825 4825 4825 4826 4826 4826 4826 4827 4827 4827 4827 4826 4826 4826 4826 4828 4828 4828 4828 4827 4827 4827 4827 4829 4829 4829 4829 4830 4830 4830 4830 4831 4831 4831 4831 4830 4830 4830 4830 4832 4832 4832 4832 4831 4831 4831 4831 4833 4833 4833 4833 4834 4834 4834 4834 4835 4835 4835 4835 4834 4834 4834 4834 4836 4836 4836 4836 4835 4835 4835 4835 4837 4837 4837 4837 4838 4838 4838 4838 4839 4839 4839 4839 4838 4838 4838 4838 4840 4840 4840 4840 4839 4839 4839 4839 4841 4841 4841 4841 4842 4842 4842 4842 4843 4843 4843 4843 4842 4842 4842 4842 4844 4844 4844 4844 4843 4843 4843 4843 4845 4845 4845 4845 4846 4846 4846 4846 4847 4847 4847 4847 4845 4845 4845 4845 4847 4847 4847 4847 4848 4848 4848 4848 4846 4846 4846 4846 4849 4849 4849 4849 4847 4847 4847 4847 4847 4847 4847 4847 4850 4850 4850 4850 4848 4848 4848 4848 4851 4851 4851 4851 4852 4852 4852 4852 4853 4853 4853 4853 4852 4852 4852 4852 4854 4854 4854 4854 4853 4853 4853 4853 4855 4855 4855 4855 4856 4856 4856 4856 4857 4857 4857 4857 4856 4856 4856 4856 4858 4858 4858 4858 4857 4857 4857 4857 4859 4859 4859 4859 4860 4860 4860 4860 4861 4861 4861 4861 4860 4860 4860 4860 4862 4862 4862 4862 4861 4861 4861 4861 4863 4863 4863 4863 4864 4864 4864 4864 4865 4865 4865 4865 4864 4864 4864 4864 4866 4866 4866 4866 4865 4865 4865 4865 4867 4867 4867 4867 4868 4868 4868 4868 4869 4869 4869 4869 4868 4868 4868 4868 4870 4870 4870 4870 4869 4869 4869 4869 4871 4871 4871 4871 4872 4872 4872 4872 4873 4873 4873 4873 4872 4872 4872 4872 4874 4874 4874 4874 4873 4873 4873 4873 4875 4875 4875 4875 4876 4876 4876 4876 4877 4877 4877 4877 4875 4875 4875 4875 4878 4878 4878 4878 4876 4876 4876 4876 4876 4876 4876 4876 4879 4879 4879 4879 4877 4877 4877 4877 4876 4876 4876 4876 4878 4878 4878 4878 4880 4880 4880 4880 4881 4881 4881 4881 4882 4882 4882 4882 4883 4883 4883 4883 4882 4882 4882 4882 4884 4884 4884 4884 4883 4883 4883 4883 4885 4885 4885 4885 4886 4886 4886 4886 4887 4887 4887 4887 4886 4886 4886 4886 4888 4888 4888 4888 4887 4887 4887 4887 4889 4889 4889 4889 4890 4890 4890 4890 4891 4891 4891 4891 4890 4890 4890 4890 4892 4892 4892 4892 4891 4891 4891 4891 4893 4893 4893 4893 4894 4894 4894 4894 4895 4895 4895 4895 4894 4894 4894 4894 4896 4896 4896 4896 4895 4895 4895 4895 4897 4897 4897 4897 4898 4898 4898 4898 4899 4899 4899 4899 4898 4898 4898 4898 4900 4900 4900 4900 4899 4899 4899 4899 4901 4901 4901 4901 4902 4902 4902 4902 4903 4903 4903 4903 4902 4902 4902 4902 4904 4904 4904 4904 4903 4903 4903 4903 4905 4905 4905 4905 4906 4906 4906 4906 4907 4907 4907 4907 4905 4905 4905 4905 4907 4907 4907 4907 4908 4908 4908 4908 4906 4906 4906 4906 4909 4909 4909 4909 4907 4907 4907 4907 4907 4907 4907 4907 4910 4910 4910 4910 4908 4908 4908 4908 4911 4911 4911 4911 4912 4912 4912 4912 4913 4913 4913 4913 4912 4912 4912 4912 4914 4914 4914 4914 4913 4913 4913 4913 4915 4915 4915 4915 4916 4916 4916 4916 4917 4917 4917 4917 4916 4916 4916 4916 4918 4918 4918 4918 4917 4917 4917 4917 4919 4919 4919 4919 4920 4920 4920 4920 4921 4921 4921 4921 4920 4920 4920 4920 4922 4922 4922 4922 4921 4921 4921 4921 4923 4923 4923 4923 4924 4924 4924 4924 4925 4925 4925 4925 4924 4924 4924 4924 4926 4926 4926 4926 4925 4925 4925 4925 4927 4927 4927 4927 4928 4928 4928 4928 4929 4929 4929 4929 4928 4928 4928 4928 4930 4930 4930 4930 4929 4929 4929 4929 4931 4931 4931 4931 4932 4932 4932 4932 4933 4933 4933 4933 4932 4932 4932 4932 4934 4934 4934 4934 4933 4933 4933 4933 4935 4935 4935 4935 4936 4936 4936 4936 4937 4937 4937 4937 4935 4935 4935 4935 4937 4937 4937 4937 4938 4938 4938 4938 4936 4936 4936 4936 4939 4939 4939 4939 4937 4937 4937 4937 4937 4937 4937 4937 4940 4940 4940 4940 4938 4938 4938 4938 4941 4941 4941 4941 4942 4942 4942 4942 4943 4943 4943 4943 4942 4942 4942 4942 4944 4944 4944 4944 4943 4943 4943 4943 4945 4945 4945 4945 4946 4946 4946 4946 4947 4947 4947 4947 4946 4946 4946 4946 4948 4948 4948 4948 4947 4947 4947 4947 4949 4949 4949 4949 4950 4950 4950 4950 4951 4951 4951 4951 4950 4950 4950 4950 4952 4952 4952 4952 4951 4951 4951 4951 4953 4953 4953 4953 4954 4954 4954 4954 4955 4955 4955 4955 4954 4954 4954 4954 4956 4956 4956 4956 4955 4955 4955 4955 4957 4957 4957 4957 4958 4958 4958 4958 4959 4959 4959 4959 4958 4958 4958 4958 4960 4960 4960 4960 4959 4959 4959 4959 4961 4961 4961 4961 4962 4962 4962 4962 4963 4963 4963 4963 4962 4962 4962 4962 4964 4964 4964 4964 4963 4963 4963 4963 4965 4965 4965 4965 4966 4966 4966 4966 4967 4967 4967 4967 4965 4965 4965 4965 4967 4967 4967 4967 4968 4968 4968 4968 4966 4966 4966 4966 4969 4969 4969 4969 4967 4967 4967 4967 4967 4967 4967 4967 4970 4970 4970 4970 4968 4968 4968 4968 4971 4971 4971 4971 4972 4972 4972 4972 4973 4973 4973 4973 4972 4972 4972 4972 4974 4974 4974 4974 4973 4973 4973 4973 4975 4975 4975 4975 4976 4976 4976 4976 4977 4977 4977 4977 4976 4976 4976 4976 4978 4978 4978 4978 4977 4977 4977 4977 4979 4979 4979 4979 4980 4980 4980 4980 4981 4981 4981 4981 4980 4980 4980 4980 4982 4982 4982 4982 4981 4981 4981 4981 4983 4983 4983 4983 4984 4984 4984 4984 4985 4985 4985 4985 4984 4984 4984 4984 4986 4986 4986 4986 4985 4985 4985 4985 4987 4987 4987 4987 4988 4988 4988 4988 4989 4989 4989 4989 4988 4988 4988 4988 4990 4990 4990 4990 4989 4989 4989 4989 4991 4991 4991 4991 4992 4992 4992 4992 4993 4993 4993 4993 4992 4992 4992 4992 4994 4994 4994 4994 4993 4993 4993 4993 4995 4995 4995 4995 4996 4996 4996 4996 4997 4997 4997 4997 4995 4995 4995 4995 4998 4998 4998 4998 4996 4996 4996 4996 4996 4996 4996 4996 4998 4998 4998 4998 4999 4999 4999 4999 4996 4996 4996 4996 5000 5000 5000 5000 4997 4997 4997 4997 5001 5001 5001 5001 5002 5002 5002 5002 5003 5003 5003 5003 5003 5003 5003 5003 5002 5002 5002 5002 5004 5004 5004 5004 5002 5002 5002 5002 5005 5005 5005 5005 5004 5004 5004 5004 5004 5004 5004 5004 5005 5005 5005 5005 5006 5006 5006 5006 5005 5005 5005 5005 5007 5007 5007 5007 5006 5006 5006 5006 5006 5006 5006 5006 5007 5007 5007 5007 5008 5008 5008 5008 5009 5009 5009 5009 5010 5010 5010 5010 5011 5011 5011 5011 5010 5010 5010 5010 5012 5012 5012 5012 5013 5013 5013 5013 5010 5010 5010 5010 5013 5013 5013 5013 5011 5011 5011 5011 5012 5012 5012 5012 5014 5014 5014 5014 5013 5013 5013 5013 5015 5015 5015 5015 5016 5016 5016 5016 5017 5017 5017 5017 5016 5016 5016 5016 5018 5018 5018 5018 5019 5019 5019 5019 5018 5018 5018 5018 5020 5020 5020 5020 5019 5019 5019 5019 5020 5020 5020 5020 5021 5021 5021 5021 5022 5022 5022 5022 5023 5023 5023 5023 5024 5024 5024 5024 5025 5025 5025 5025 5024 5024 5024 5024 5026 5026 5026 5026 5025 5025 5025 5025 5024 5024 5024 5024 5027 5027 5027 5027 5028 5028 5028 5028 5029 5029 5029 5029 5030 5030 5030 5030 5031 5031 5031 5031 5030 5030 5030 5030 5032 5032 5032 5032 5031 5031 5031 5031 5030 5030 5030 5030 5033 5033 5033 5033 5032 5032 5032 5032 5032 5032 5032 5032 5033 5033 5033 5033 5034 5034 5034 5034 5035 5035 5035 5035 5036 5036 5036 5036 5037 5037 5037 5037 5036 5036 5036 5036 5038 5038 5038 5038 5037 5037 5037 5037 5036 5036 5036 5036 5039 5039 5039 5039 5038 5038 5038 5038 5038 5038 5038 5038 5039 5039 5039 5039 5040 5040 5040 5040 5041 5041 5041 5041 5042 5042 5042 5042 5043 5043 5043 5043 5044 5044 5044 5044 5045 5045 5045 5045 5046 5046 5046 5046 5045 5045 5045 5045 5047 5047 5047 5047 5046 5046 5046 5046 5045 5045 5045 5045 5048 5048 5048 5048 5047 5047 5047 5047 5047 5047 5047 5047 5048 5048 5048 5048 5049 5049 5049 5049 5048 5048 5048 5048 5050 5050 5050 5050 5049 5049 5049 5049 5049 5049 5049 5049 5050 5050 5050 5050 5051 5051 5051 5051 5052 5052 5052 5052 5053 5053 5053 5053 5054 5054 5054 5054 5053 5053 5053 5053 5055 5055 5055 5055 5056 5056 5056 5056 5053 5053 5053 5053 5056 5056 5056 5056 5054 5054 5054 5054 5055 5055 5055 5055 5057 5057 5057 5057 5056 5056 5056 5056 5058 5058 5058 5058 5059 5059 5059 5059 5060 5060 5060 5060 5059 5059 5059 5059 5061 5061 5061 5061 5062 5062 5062 5062 5061 5061 5061 5061 5063 5063 5063 5063 5062 5062 5062 5062 5063 5063 5063 5063 5064 5064 5064 5064 5065 5065 5065 5065 5066 5066 5066 5066 5067 5067 5067 5067 5068 5068 5068 5068 5067 5067 5067 5067 5069 5069 5069 5069 5068 5068 5068 5068 5067 5067 5067 5067 5070 5070 5070 5070 5071 5071 5071 5071 5072 5072 5072 5072 5073 5073 5073 5073 5074 5074 5074 5074 5073 5073 5073 5073 5075 5075 5075 5075 5074 5074 5074 5074 5073 5073 5073 5073 5076 5076 5076 5076 5075 5075 5075 5075 5075 5075 5075 5075 5076 5076 5076 5076 5077 5077 5077 5077 5078 5078 5078 5078 5079 5079 5079 5079 5080 5080 5080 5080 5079 5079 5079 5079 5081 5081 5081 5081 5082 5082 5082 5082 5079 5079 5079 5079 5082 5082 5082 5082 5080 5080 5080 5080 5081 5081 5081 5081 5083 5083 5083 5083 5082 5082 5082 5082 5084 5084 5084 5084 5085 5085 5085 5085 5086 5086 5086 5086 5087 5087 5087 5087 5088 5088 5088 5088 5089 5089 5089 5089 5088 5088 5088 5088 5090 5090 5090 5090 5089 5089 5089 5089 5091 5091 5091 5091 5092 5092 5092 5092 5093 5093 5093 5093 5092 5092 5092 5092 5094 5094 5094 5094 5093 5093 5093 5093 5095 5095 5095 5095 5096 5096 5096 5096 5097 5097 5097 5097 5096 5096 5096 5096 5098 5098 5098 5098 5097 5097 5097 5097 5099 5099 5099 5099 5100 5100 5100 5100 5101 5101 5101 5101 5100 5100 5100 5100 5102 5102 5102 5102 5101 5101 5101 5101 5103 5103 5103 5103 5104 5104 5104 5104 5105 5105 5105 5105 5104 5104 5104 5104 5106 5106 5106 5106 5105 5105 5105 5105 5107 5107 5107 5107 5108 5108 5108 5108 5109 5109 5109 5109 5108 5108 5108 5108 5110 5110 5110 5110 5109 5109 5109 5109 5111 5111 5111 5111 5112 5112 5112 5112 5113 5113 5113 5113 5111 5111 5111 5111 5114 5114 5114 5114 5112 5112 5112 5112 5112 5112 5112 5112 5115 5115 5115 5115 5113 5113 5113 5113 5112 5112 5112 5112 5114 5114 5114 5114 5116 5116 5116 5116 5117 5117 5117 5117 5118 5118 5118 5118 5119 5119 5119 5119 5118 5118 5118 5118 5120 5120 5120 5120 5121 5121 5121 5121 5118 5118 5118 5118 5121 5121 5121 5121 5119 5119 5119 5119 5120 5120 5120 5120 5122 5122 5122 5122 5123 5123 5123 5123 5120 5120 5120 5120 5123 5123 5123 5123 5121 5121 5121 5121 5122 5122 5122 5122 5124 5124 5124 5124 5123 5123 5123 5123 5125 5125 5125 5125 5126 5126 5126 5126 5127 5127 5127 5127 5126 5126 5126 5126 5128 5128 5128 5128 5127 5127 5127 5127 5126 5126 5126 5126 5129 5129 5129 5129 5128 5128 5128 5128 5128 5128 5128 5128 5129 5129 5129 5129 5130 5130 5130 5130 5131 5131 5131 5131 5132 5132 5132 5132 5133 5133 5133 5133 5132 5132 5132 5132 5134 5134 5134 5134 5135 5135 5135 5135 5134 5134 5134 5134 5136 5136 5136 5136 5135 5135 5135 5135 5136 5136 5136 5136 5137 5137 5137 5137 5138 5138 5138 5138 5139 5139 5139 5139 5140 5140 5140 5140 5141 5141 5141 5141 5140 5140 5140 5140 5142 5142 5142 5142 5141 5141 5141 5141 5140 5140 5140 5140 5143 5143 5143 5143 5144 5144 5144 5144 5145 5145 5145 5145 5146 5146 5146 5146 5147 5147 5147 5147 5146 5146 5146 5146 5148 5148 5148 5148 5149 5149 5149 5149 5146 5146 5146 5146 5149 5149 5149 5149 5147 5147 5147 5147 5148 5148 5148 5148 5150 5150 5150 5150 5149 5149 5149 5149 5151 5151 5151 5151 5152 5152 5152 5152 5153 5153 5153 5153 5152 5152 5152 5152 5154 5154 5154 5154 5155 5155 5155 5155 5152 5152 5152 5152 5155 5155 5155 5155 5153 5153 5153 5153 5154 5154 5154 5154 5156 5156 5156 5156 5155 5155 5155 5155 5157 5157 5157 5157 5158 5158 5158 5158 5159 5159 5159 5159 </p>
        </triangles>
      </mesh>
    </geometry>
  </library_geometries>
  <library_visual_scenes>
    <visual_scene id="Scene" name="Scene">
      <node id="Armature" name="Armature" type="NODE">
        <matrix sid="transform">1 0 0 0 0 1 0 0 0 0 1 0 0 0 0 1</matrix>
      </node>
      <node id="Kusa1__Koishi00" name="Kusa1__Koishi00" type="NODE">
        <instance_geometry url="#Kusa1__Koishi00-mesh" name="Kusa1__Koishi00">
          <bind_material>
            <technique_common>
              <instance_material symbol="" target="#">
                <bind_vertex_input semantic="CHANNEL0" input_semantic="TEXCOORD" input_set="0" />
                <bind_vertex_input semantic="CHANNEL1" input_semantic="TEXCOORD" input_set="1" />
                <bind_vertex_input semantic="CHANNEL2" input_semantic="TEXCOORD" input_set="2" />
              </instance_material>
            </technique_common>
          </bind_material>
        </instance_geometry>
      </node>
    </visual_scene>
  </library_visual_scenes>
  <scene>
    <instance_visual_scene url="#Scene" />
  </scene>
</COLLADA>